{
"type": "FeatureCollection",
"name": "Bengaluru_Network_gt35m_2021",
"crs": { "type": "name", "properties": { "name": "urn:ogc:def:crs:OGC:1.3:CRS84" } },
"features": [
{ "type": "Feature", "properties": { "OBJECTID": 830, "SegmentID": 100830 }, "geometry": { "type": "LineString", "coordinates": [ [ 77.485768499717267, 12.72604289982322 ], [ 77.485857299684767, 12.726222299703725 ], [ 77.486275300332153, 12.726816500248612 ] ] } },
{ "type": "Feature", "properties": { "OBJECTID": 897, "SegmentID": 100897 }, "geometry": { "type": "LineString", "coordinates": [ [ 77.486275300332153, 12.726816500248612 ], [ 77.486530999918301, 12.727180099924624 ] ] } },
{ "type": "Feature", "properties": { "OBJECTID": 942, "SegmentID": 100942 }, "geometry": { "type": "LineString", "coordinates": [ [ 77.486530999918301, 12.727180099924624 ], [ 77.486664100155835, 12.72736930024846 ], [ 77.486879600016849, 12.727719600438073 ] ] } },
{ "type": "Feature", "properties": { "OBJECTID": 1015, "SegmentID": 101015 }, "geometry": { "type": "LineString", "coordinates": [ [ 77.486879600016849, 12.727719600438073 ], [ 77.486973099839872, 12.727871599775776 ], [ 77.487145214698899, 12.728384155797283 ] ] } },
{ "type": "Feature", "properties": { "OBJECTID": 1088, "SegmentID": 101088 }, "geometry": { "type": "LineString", "coordinates": [ [ 77.487145214698899, 12.728384155797283 ], [ 77.487154799830321, 12.728412699975342 ] ] } },
{ "type": "Feature", "properties": { "OBJECTID": 1091, "SegmentID": 101091 }, "geometry": { "type": "LineString", "coordinates": [ [ 77.487154799830321, 12.728412699975342 ], [ 77.487290700126437, 12.728817599648497 ], [ 77.487314699603658, 12.728953499668593 ] ] } },
{ "type": "Feature", "properties": { "OBJECTID": 1138, "SegmentID": 101138 }, "geometry": { "type": "LineString", "coordinates": [ [ 77.487314699603658, 12.728953499668593 ], [ 77.487319648251642, 12.72898151185777 ] ] } },
{ "type": "Feature", "properties": { "OBJECTID": 1141, "SegmentID": 101141 }, "geometry": { "type": "LineString", "coordinates": [ [ 77.487319648251642, 12.72898151185777 ], [ 77.487324328110205, 12.72900800956897 ] ] } },
{ "type": "Feature", "properties": { "OBJECTID": 1143, "SegmentID": 101143 }, "geometry": { "type": "LineString", "coordinates": [ [ 77.487324328110205, 12.72900800956897 ], [ 77.487333600072347, 12.729060499846131 ] ] } },
{ "type": "Feature", "properties": { "OBJECTID": 2257, "SegmentID": 102257 }, "geometry": { "type": "LineString", "coordinates": [ [ 77.488050900430011, 12.735385399872133 ], [ 77.488180799899311, 12.736687799616442 ], [ 77.488367400199081, 12.738558100187886 ], [ 77.488303099946961, 12.739912099650269 ] ] } },
{ "type": "Feature", "properties": { "OBJECTID": 2901, "SegmentID": 102901 }, "geometry": { "type": "LineString", "coordinates": [ [ 77.488303099946961, 12.739912099650269 ], [ 77.488293300143937, 12.740117899552267 ] ] } },
{ "type": "Feature", "properties": { "OBJECTID": 2953, "SegmentID": 102953 }, "geometry": { "type": "LineString", "coordinates": [ [ 77.488293300143937, 12.740117899552267 ], [ 77.488259899951203, 12.740822900118346 ] ] } },
{ "type": "Feature", "properties": { "OBJECTID": 3079, "SegmentID": 103079 }, "geometry": { "type": "LineString", "coordinates": [ [ 77.488259899951203, 12.740822900118346 ], [ 77.488251499680885, 12.741052499885772 ], [ 77.488264102882525, 12.74162593332227 ] ] } },
{ "type": "Feature", "properties": { "OBJECTID": 3215, "SegmentID": 103215 }, "geometry": { "type": "LineString", "coordinates": [ [ 77.488264102882525, 12.74162593332227 ], [ 77.488270100003703, 12.741898799755816 ] ] } },
{ "type": "Feature", "properties": { "OBJECTID": 3246, "SegmentID": 103246 }, "geometry": { "type": "LineString", "coordinates": [ [ 77.488270100003703, 12.741898799755816 ], [ 77.488271700440777, 12.741970800234091 ], [ 77.488273600378221, 12.742056599983176 ] ] } },
{ "type": "Feature", "properties": { "OBJECTID": 3273, "SegmentID": 103273 }, "geometry": { "type": "LineString", "coordinates": [ [ 77.488273600378221, 12.742056599983176 ], [ 77.488276300011762, 12.742217700149464 ], [ 77.488276999856339, 12.742260999922934 ] ] } },
{ "type": "Feature", "properties": { "OBJECTID": 5805, "SegmentID": 105805 }, "geometry": { "type": "LineString", "coordinates": [ [ 77.485341599916083, 12.751152900310062 ], [ 77.484755499805701, 12.752025700163566 ], [ 77.484569200217905, 12.752422799772855 ], [ 77.484517800440798, 12.752697299656566 ], [ 77.48448830007969, 12.752854799703282 ], [ 77.484485199550406, 12.753158499799605 ], [ 77.484513999667143, 12.753516800314721 ], [ 77.48455450008187, 12.753800400100197 ] ] } },
{ "type": "Feature", "properties": { "OBJECTID": 6467, "SegmentID": 106467 }, "geometry": { "type": "LineString", "coordinates": [ [ 77.48455450008187, 12.753800400100197 ], [ 77.484570000205025, 12.753875699771339 ] ] } },
{ "type": "Feature", "properties": { "OBJECTID": 6484, "SegmentID": 106484 }, "geometry": { "type": "LineString", "coordinates": [ [ 77.484570000205025, 12.753875699771339 ], [ 77.48462990002912, 12.754166400348263 ] ] } },
{ "type": "Feature", "properties": { "OBJECTID": 6542, "SegmentID": 106542 }, "geometry": { "type": "LineString", "coordinates": [ [ 77.48462990002912, 12.754166400348263 ], [ 77.48469250042335, 12.754448299634694 ] ] } },
{ "type": "Feature", "properties": { "OBJECTID": 6612, "SegmentID": 106612 }, "geometry": { "type": "LineString", "coordinates": [ [ 77.48469250042335, 12.754448299634694 ], [ 77.484758200413609, 12.754725500356912 ] ] } },
{ "type": "Feature", "properties": { "OBJECTID": 6715, "SegmentID": 106715 }, "geometry": { "type": "LineString", "coordinates": [ [ 77.484758200413609, 12.754725500356912 ], [ 77.48495129959349, 12.755519599692386 ], [ 77.48503520040623, 12.755789200331781 ], [ 77.485155899801029, 12.756174899876276 ] ] } },
{ "type": "Feature", "properties": { "OBJECTID": 7293, "SegmentID": 107293 }, "geometry": { "type": "LineString", "coordinates": [ [ 77.485155899801029, 12.756174899876276 ], [ 77.485365400447421, 12.756866899567227 ], [ 77.485529399848303, 12.757359500086432 ], [ 77.485680999608348, 12.757815000354798 ], [ 77.48575959994983, 12.758051100101452 ], [ 77.48614860031536, 12.759370199671757 ] ] } },
{ "type": "Feature", "properties": { "OBJECTID": 8407, "SegmentID": 108407 }, "geometry": { "type": "LineString", "coordinates": [ [ 77.48614860031536, 12.759370199671757 ], [ 77.486485999936804, 12.760803999671708 ] ] } },
{ "type": "Feature", "properties": { "OBJECTID": 8833, "SegmentID": 108833 }, "geometry": { "type": "LineString", "coordinates": [ [ 77.486485999936804, 12.760803999671708 ], [ 77.486541600231021, 12.761040199744292 ] ] } },
{ "type": "Feature", "properties": { "OBJECTID": 8914, "SegmentID": 108914 }, "geometry": { "type": "LineString", "coordinates": [ [ 77.486541600231021, 12.761040199744292 ], [ 77.486554299665428, 12.761094199798592 ] ] } },
{ "type": "Feature", "properties": { "OBJECTID": 8939, "SegmentID": 108939 }, "geometry": { "type": "LineString", "coordinates": [ [ 77.486554299665428, 12.761094199798592 ], [ 77.486588699912019, 12.761203500237311 ], [ 77.486899999877906, 12.762407799730658 ] ] } },
{ "type": "Feature", "properties": { "OBJECTID": 9479, "SegmentID": 109479 }, "geometry": { "type": "LineString", "coordinates": [ [ 77.486899999877906, 12.762407799730658 ], [ 77.486991799618266, 12.762762899933639 ], [ 77.487437199808255, 12.764486300171168 ] ] } },
{ "type": "Feature", "properties": { "OBJECTID": 10397, "SegmentID": 110397 }, "geometry": { "type": "LineString", "coordinates": [ [ 77.487437199808255, 12.764486300171168 ], [ 77.487458699885678, 12.764556500322675 ], [ 77.487720200025024, 12.765579800166948 ], [ 77.48792630025612, 12.766233499844402 ] ] } },
{ "type": "Feature", "properties": { "OBJECTID": 11299, "SegmentID": 111299 }, "geometry": { "type": "LineString", "coordinates": [ [ 77.48792630025612, 12.766233499844402 ], [ 77.488028899974822, 12.766559000324948 ] ] } },
{ "type": "Feature", "properties": { "OBJECTID": 11424, "SegmentID": 111424 }, "geometry": { "type": "LineString", "coordinates": [ [ 77.488028899974822, 12.766559000324948 ], [ 77.488219099827276, 12.767191200237358 ], [ 77.488475199737493, 12.767719900060134 ], [ 77.48866370024038, 12.767981899956673 ] ] } },
{ "type": "Feature", "properties": { "OBJECTID": 12115, "SegmentID": 112115 }, "geometry": { "type": "LineString", "coordinates": [ [ 77.48866370024038, 12.767981899956673 ], [ 77.488893599792149, 12.76826930006508 ], [ 77.489176700001323, 12.768522700449296 ], [ 77.489577600008374, 12.76882020020914 ], [ 77.490378299758476, 12.769292999667496 ], [ 77.490671800084641, 12.769459500380577 ], [ 77.490906699548333, 12.769684100212078 ], [ 77.491062299910269, 12.76993520011346 ], [ 77.491217999926093, 12.770226499752628 ], [ 77.491563899881029, 12.77101040034648 ], [ 77.491708700250413, 12.771381800121272 ], [ 77.491842899690965, 12.771849399948593 ], [ 77.492018100138623, 12.772700100249979 ], [ 77.492157900037839, 12.773713300219301 ], [ 77.492184666191633, 12.77403210223016 ] ] } },
{ "type": "Feature", "properties": { "OBJECTID": 15525, "SegmentID": 115525 }, "geometry": { "type": "LineString", "coordinates": [ [ 77.492184666191633, 12.77403210223016 ], [ 77.492190299601077, 12.774099199719204 ] ] } },
{ "type": "Feature", "properties": { "OBJECTID": 15565, "SegmentID": 115565 }, "geometry": { "type": "LineString", "coordinates": [ [ 77.492190299601077, 12.774099199719204 ], [ 77.492267999859791, 12.775087100325702 ], [ 77.492297399693754, 12.775172100411975 ], [ 77.492346099856576, 12.775262000405824 ], [ 77.49269570027009, 12.775701899860486 ], [ 77.492855300349405, 12.77594380007711 ], [ 77.493116899859345, 12.776495699845874 ], [ 77.493292499659873, 12.776799199678665 ], [ 77.493744500171459, 12.777500200123177 ], [ 77.493855799588502, 12.77770159989576 ], [ 77.494093199634165, 12.778223499843392 ], [ 77.494206199654471, 12.778526799981375 ], [ 77.494364100342693, 12.77879890007242 ], [ 77.494465600450525, 12.778938199941075 ], [ 77.494686021881805, 12.77910113289397 ] ] } },
{ "type": "Feature", "properties": { "OBJECTID": 18549, "SegmentID": 118549 }, "geometry": { "type": "LineString", "coordinates": [ [ 77.494686021881805, 12.77910113289397 ], [ 77.494840200021699, 12.77921509955674 ], [ 77.495665700109939, 12.779825499603744 ], [ 77.495854399932469, 12.779950700121651 ], [ 77.49668290015957, 12.780500500195851 ] ] } },
{ "type": "Feature", "properties": { "OBJECTID": 19298, "SegmentID": 119298 }, "geometry": { "type": "LineString", "coordinates": [ [ 77.49668290015957, 12.780500500195851 ], [ 77.497518300129968, 12.78109810035405 ], [ 77.498592413077347, 12.781866479383492 ] ] } },
{ "type": "Feature", "properties": { "OBJECTID": 19472, "SegmentID": 119472 }, "geometry": { "type": "LineString", "coordinates": [ [ 77.774595599670391, 12.778040700281338 ], [ 77.774639400094628, 12.778026399639403 ] ] } },
{ "type": "Feature", "properties": { "OBJECTID": 19496, "SegmentID": 119496 }, "geometry": { "type": "LineString", "coordinates": [ [ 77.774458800383442, 12.778085200028313 ], [ 77.774595599670391, 12.778040700281338 ] ] } },
{ "type": "Feature", "properties": { "OBJECTID": 19676, "SegmentID": 119676 }, "geometry": { "type": "LineString", "coordinates": [ [ 77.773162722546545, 12.77837463503483 ], [ 77.774014200126118, 12.778206700276019 ], [ 77.774335099822295, 12.778125499668915 ], [ 77.774458800383442, 12.778085200028313 ] ] } },
{ "type": "Feature", "properties": { "OBJECTID": 19785, "SegmentID": 119785 }, "geometry": { "type": "LineString", "coordinates": [ [ 77.77211099993923, 12.778574300408666 ], [ 77.772867300416323, 12.778432900222871 ], [ 77.773162722546545, 12.77837463503483 ] ] } },
{ "type": "Feature", "properties": { "OBJECTID": 19804, "SegmentID": 119804 }, "geometry": { "type": "LineString", "coordinates": [ [ 77.771849399879557, 12.778623300413667 ], [ 77.77211099993923, 12.778574300408666 ] ] } },
{ "type": "Feature", "properties": { "OBJECTID": 19821, "SegmentID": 119821 }, "geometry": { "type": "LineString", "coordinates": [ [ 77.771679654492686, 12.778656119169915 ], [ 77.771849399879557, 12.778623300413667 ] ] } },
{ "type": "Feature", "properties": { "OBJECTID": 19860, "SegmentID": 119860 }, "geometry": { "type": "LineString", "coordinates": [ [ 77.7714196602454, 12.778706386432331 ], [ 77.771679654492686, 12.778656119169915 ] ] } },
{ "type": "Feature", "properties": { "OBJECTID": 19994, "SegmentID": 119994 }, "geometry": { "type": "LineString", "coordinates": [ [ 77.770253699591692, 12.778939700172826 ], [ 77.77043530023542, 12.778896700077057 ], [ 77.7714196602454, 12.778706386432331 ] ] } },
{ "type": "Feature", "properties": { "OBJECTID": 20122, "SegmentID": 120122 }, "geometry": { "type": "LineString", "coordinates": [ [ 77.769466159402242, 12.77915322429789 ], [ 77.769991699926493, 12.77900169974194 ], [ 77.770253699591692, 12.778939700172826 ] ] } },
{ "type": "Feature", "properties": { "OBJECTID": 20130, "SegmentID": 120130 }, "geometry": { "type": "LineString", "coordinates": [ [ 77.498592413077347, 12.781866479383492 ], [ 77.498611181030626, 12.781879904736256 ] ] } },
{ "type": "Feature", "properties": { "OBJECTID": 20143, "SegmentID": 120143 }, "geometry": { "type": "LineString", "coordinates": [ [ 77.498611181030626, 12.781879904736256 ], [ 77.498993500242349, 12.782153399684239 ] ] } },
{ "type": "Feature", "properties": { "OBJECTID": 20172, "SegmentID": 120172 }, "geometry": { "type": "LineString", "coordinates": [ [ 77.769230250153754, 12.779221241764601 ], [ 77.769466159402242, 12.77915322429789 ] ] } },
{ "type": "Feature", "properties": { "OBJECTID": 20214, "SegmentID": 120214 }, "geometry": { "type": "LineString", "coordinates": [ [ 77.768892859951606, 12.779318517477213 ], [ 77.769230250153754, 12.779221241764601 ] ] } },
{ "type": "Feature", "properties": { "OBJECTID": 20312, "SegmentID": 120312 }, "geometry": { "type": "LineString", "coordinates": [ [ 77.498993500242349, 12.782153399684239 ], [ 77.499341499844334, 12.782409599969069 ], [ 77.499695399957091, 12.782698999949606 ] ] } },
{ "type": "Feature", "properties": { "OBJECTID": 20359, "SegmentID": 120359 }, "geometry": { "type": "LineString", "coordinates": [ [ 77.76817240014131, 12.77951929966617 ], [ 77.768478100155392, 12.779438099778117 ], [ 77.768892859951606, 12.779318517477213 ] ] } },
{ "type": "Feature", "properties": { "OBJECTID": 20591, "SegmentID": 120591 }, "geometry": { "type": "LineString", "coordinates": [ [ 77.766848294944495, 12.779904735397407 ], [ 77.766929799876436, 12.779878800144346 ], [ 77.767406300077397, 12.779757499820226 ], [ 77.76775790045545, 12.779629300232177 ], [ 77.76817240014131, 12.77951929966617 ] ] } },
{ "type": "Feature", "properties": { "OBJECTID": 20658, "SegmentID": 120658 }, "geometry": { "type": "LineString", "coordinates": [ [ 77.499695399957091, 12.782698999949606 ], [ 77.499765277907841, 12.782744793921712 ] ] } },
{ "type": "Feature", "properties": { "OBJECTID": 20699, "SegmentID": 120699 }, "geometry": { "type": "LineString", "coordinates": [ [ 77.499765277907841, 12.782744793921712 ], [ 77.499774008712365, 12.782750515267555 ] ] } },
{ "type": "Feature", "properties": { "OBJECTID": 20703, "SegmentID": 120703 }, "geometry": { "type": "LineString", "coordinates": [ [ 77.499774008712365, 12.782750515267555 ], [ 77.50009231241512, 12.782959118167939 ] ] } },
{ "type": "Feature", "properties": { "OBJECTID": 20712, "SegmentID": 120712 }, "geometry": { "type": "LineString", "coordinates": [ [ 77.766315871224165, 12.780094177922814 ], [ 77.766411199930474, 12.780057300285712 ], [ 77.766722700283012, 12.779944700336516 ], [ 77.766848294944495, 12.779904735397407 ] ] } },
{ "type": "Feature", "properties": { "OBJECTID": 20748, "SegmentID": 120748 }, "geometry": { "type": "LineString", "coordinates": [ [ 77.766165718955023, 12.780152749598525 ], [ 77.766173900030083, 12.780149100140353 ], [ 77.766315871224165, 12.780094177922814 ] ] } },
{ "type": "Feature", "properties": { "OBJECTID": 20843, "SegmentID": 120843 }, "geometry": { "type": "LineString", "coordinates": [ [ 77.50009231241512, 12.782959118167939 ], [ 77.500107999743548, 12.782969400388689 ] ] } },
{ "type": "Feature", "properties": { "OBJECTID": 20847, "SegmentID": 120847 }, "geometry": { "type": "LineString", "coordinates": [ [ 77.500107999743548, 12.782969400388689 ], [ 77.500431399725514, 12.783188800127466 ] ] } },
{ "type": "Feature", "properties": { "OBJECTID": 20960, "SegmentID": 120960 }, "geometry": { "type": "LineString", "coordinates": [ [ 77.500431399725514, 12.783188800127466 ], [ 77.500455962633055, 12.783212210102896 ] ] } },
{ "type": "Feature", "properties": { "OBJECTID": 20977, "SegmentID": 120977 }, "geometry": { "type": "LineString", "coordinates": [ [ 77.500455962633055, 12.783212210102896 ], [ 77.501448300060176, 12.784158000170228 ], [ 77.501993994917981, 12.785157724295702 ] ] } },
{ "type": "Feature", "properties": { "OBJECTID": 20986, "SegmentID": 120986 }, "geometry": { "type": "LineString", "coordinates": [ [ 77.765197600398224, 12.780584600022284 ], [ 77.766165718955023, 12.780152749598525 ] ] } },
{ "type": "Feature", "properties": { "OBJECTID": 21126, "SegmentID": 121126 }, "geometry": { "type": "LineString", "coordinates": [ [ 77.76457394512795, 12.780867388051492 ], [ 77.765197600398224, 12.780584600022284 ] ] } },
{ "type": "Feature", "properties": { "OBJECTID": 21334, "SegmentID": 121334 }, "geometry": { "type": "LineString", "coordinates": [ [ 77.763797113174661, 12.781231690118899 ], [ 77.76449210004148, 12.780904499548736 ], [ 77.76457394512795, 12.780867388051492 ] ] } },
{ "type": "Feature", "properties": { "OBJECTID": 21474, "SegmentID": 121474 }, "geometry": { "type": "LineString", "coordinates": [ [ 77.763388844780053, 12.781423895737671 ], [ 77.763797113174661, 12.781231690118899 ] ] } },
{ "type": "Feature", "properties": { "OBJECTID": 21872, "SegmentID": 121872 }, "geometry": { "type": "LineString", "coordinates": [ [ 77.76228110007763, 12.781945400207604 ], [ 77.763388844780053, 12.781423895737671 ] ] } },
{ "type": "Feature", "properties": { "OBJECTID": 22153, "SegmentID": 122153 }, "geometry": { "type": "LineString", "coordinates": [ [ 77.761386464873269, 12.782341230217616 ], [ 77.76228110007763, 12.781945400207604 ] ] } },
{ "type": "Feature", "properties": { "OBJECTID": 22285, "SegmentID": 122285 }, "geometry": { "type": "LineString", "coordinates": [ [ 77.501993994917981, 12.785157724295702 ], [ 77.502245999814292, 12.785619399923254 ], [ 77.502524599930567, 12.786172299660002 ], [ 77.502925499865469, 12.786975899944602 ], [ 77.504069868708683, 12.789270152757702 ] ] } },
{ "type": "Feature", "properties": { "OBJECTID": 22697, "SegmentID": 122697 }, "geometry": { "type": "LineString", "coordinates": [ [ 77.759276432799069, 12.783150666345728 ], [ 77.759512100390708, 12.783085600392077 ], [ 77.759786899732916, 12.782993899919033 ], [ 77.76005019957806, 12.782924399779592 ], [ 77.760437099808158, 12.78277380024889 ], [ 77.760580800135415, 12.782704500406494 ], [ 77.760751199659779, 12.782622300446238 ], [ 77.761386464873269, 12.782341230217616 ] ] } },
{ "type": "Feature", "properties": { "OBJECTID": 22787, "SegmentID": 122787 }, "geometry": { "type": "LineString", "coordinates": [ [ 77.758349200009405, 12.783305900381553 ], [ 77.758912100275154, 12.783227500398372 ], [ 77.75924479987664, 12.783159400243587 ], [ 77.759276432799069, 12.783150666345728 ] ] } },
{ "type": "Feature", "properties": { "OBJECTID": 22852, "SegmentID": 122852 }, "geometry": { "type": "LineString", "coordinates": [ [ 77.757433400197286, 12.783454499630682 ], [ 77.757558299906918, 12.783431199686429 ], [ 77.75821830044616, 12.78332420025535 ], [ 77.758349200009405, 12.783305900381553 ] ] } },
{ "type": "Feature", "properties": { "OBJECTID": 22868, "SegmentID": 122868 }, "geometry": { "type": "LineString", "coordinates": [ [ 77.757305600190662, 12.783478299589206 ], [ 77.757433400197286, 12.783454499630682 ] ] } },
{ "type": "Feature", "properties": { "OBJECTID": 22897, "SegmentID": 122897 }, "geometry": { "type": "LineString", "coordinates": [ [ 77.75707789979775, 12.78352239980622 ], [ 77.757305600190662, 12.783478299589206 ] ] } },
{ "type": "Feature", "properties": { "OBJECTID": 22922, "SegmentID": 122922 }, "geometry": { "type": "LineString", "coordinates": [ [ 77.756948690370734, 12.783553133898895 ], [ 77.75707789979775, 12.78352239980622 ] ] } },
{ "type": "Feature", "properties": { "OBJECTID": 23088, "SegmentID": 123088 }, "geometry": { "type": "LineString", "coordinates": [ [ 77.755895217381521, 12.783750827908991 ], [ 77.755959900370215, 12.783742700081454 ], [ 77.756657999950349, 12.783600400171908 ], [ 77.756871900225647, 12.78357140024071 ], [ 77.756948690370734, 12.783553133898895 ] ] } },
{ "type": "Feature", "properties": { "OBJECTID": 23116, "SegmentID": 123116 }, "geometry": { "type": "LineString", "coordinates": [ [ 77.755567587672545, 12.783794845996132 ], [ 77.755636799700753, 12.78378329964926 ], [ 77.755895217381521, 12.783750827908991 ] ] } },
{ "type": "Feature", "properties": { "OBJECTID": 23230, "SegmentID": 123230 }, "geometry": { "type": "LineString", "coordinates": [ [ 77.754526800095803, 12.783991600153549 ], [ 77.754776599677356, 12.783926799612537 ], [ 77.755567587672545, 12.783794845996132 ] ] } },
{ "type": "Feature", "properties": { "OBJECTID": 23438, "SegmentID": 123438 }, "geometry": { "type": "LineString", "coordinates": [ [ 77.753531599698405, 12.784292099709871 ], [ 77.753628799624778, 12.784251099932806 ], [ 77.753912800301563, 12.784170699935682 ], [ 77.754426300126838, 12.784017600445573 ], [ 77.754526800095803, 12.783991600153549 ] ] } },
{ "type": "Feature", "properties": { "OBJECTID": 23588, "SegmentID": 123588 }, "geometry": { "type": "LineString", "coordinates": [ [ 77.753050800143754, 12.784494500035148 ], [ 77.753531599698405, 12.784292099709871 ] ] } },
{ "type": "Feature", "properties": { "OBJECTID": 23736, "SegmentID": 123736 }, "geometry": { "type": "LineString", "coordinates": [ [ 77.752448897188728, 12.784756479227051 ], [ 77.752649397661898, 12.784665762617491 ], [ 77.752723799906235, 12.78463209961811 ], [ 77.753050800143754, 12.784494500035148 ] ] } },
{ "type": "Feature", "properties": { "OBJECTID": 23851, "SegmentID": 123851 }, "geometry": { "type": "LineString", "coordinates": [ [ 77.75210931874615, 12.784910120929336 ], [ 77.752448897188728, 12.784756479227051 ] ] } },
{ "type": "Feature", "properties": { "OBJECTID": 23907, "SegmentID": 123907 }, "geometry": { "type": "LineString", "coordinates": [ [ 77.751992987266959, 12.784957883638628 ], [ 77.75209079989186, 12.784918500335918 ], [ 77.75210931874615, 12.784910120929336 ] ] } },
{ "type": "Feature", "properties": { "OBJECTID": 24206, "SegmentID": 124206 }, "geometry": { "type": "LineString", "coordinates": [ [ 77.751180500314248, 12.785304500329206 ], [ 77.751470899945048, 12.785168100108347 ], [ 77.751992987266959, 12.784957883638628 ] ] } },
{ "type": "Feature", "properties": { "OBJECTID": 24301, "SegmentID": 124301 }, "geometry": { "type": "LineString", "coordinates": [ [ 77.750974600082131, 12.78540130035659 ], [ 77.751180500314248, 12.785304500329206 ] ] } },
{ "type": "Feature", "properties": { "OBJECTID": 24432, "SegmentID": 124432 }, "geometry": { "type": "LineString", "coordinates": [ [ 77.750530860752548, 12.785594548568408 ], [ 77.750974600082131, 12.78540130035659 ] ] } },
{ "type": "Feature", "properties": { "OBJECTID": 24723, "SegmentID": 124723 }, "geometry": { "type": "LineString", "coordinates": [ [ 77.749641197847325, 12.785935871762348 ], [ 77.749746700388755, 12.785904299654655 ], [ 77.750156000412559, 12.785757800232304 ], [ 77.750530860752548, 12.785594548568408 ] ] } },
{ "type": "Feature", "properties": { "OBJECTID": 24795, "SegmentID": 124795 }, "geometry": { "type": "LineString", "coordinates": [ [ 77.749337099781116, 12.786012300357907 ], [ 77.749478700363539, 12.785984499954768 ], [ 77.749641197847325, 12.785935871762348 ] ] } },
{ "type": "Feature", "properties": { "OBJECTID": 24805, "SegmentID": 124805 }, "geometry": { "type": "LineString", "coordinates": [ [ 77.749190599631163, 12.786036599856264 ], [ 77.749337099781116, 12.786012300357907 ] ] } },
{ "type": "Feature", "properties": { "OBJECTID": 24845, "SegmentID": 124845 }, "geometry": { "type": "LineString", "coordinates": [ [ 77.74887605137296, 12.78609080365252 ], [ 77.749008599755825, 12.786062399607653 ], [ 77.749190599631163, 12.786036599856264 ] ] } },
{ "type": "Feature", "properties": { "OBJECTID": 24848, "SegmentID": 124848 }, "geometry": { "type": "LineString", "coordinates": [ [ 77.7485990200136, 12.786100558991798 ], [ 77.748829399911543, 12.786100799657321 ], [ 77.74887605137296, 12.78609080365252 ] ] } },
{ "type": "Feature", "properties": { "OBJECTID": 24887, "SegmentID": 124887 }, "geometry": { "type": "LineString", "coordinates": [ [ 77.747830199727602, 12.786157299636304 ], [ 77.748011300251221, 12.786147699739688 ], [ 77.74854290000745, 12.786100500124938 ], [ 77.7485990200136, 12.786100558991798 ] ] } },
{ "type": "Feature", "properties": { "OBJECTID": 24898, "SegmentID": 124898 }, "geometry": { "type": "LineString", "coordinates": [ [ 77.747613339397518, 12.78616878167092 ], [ 77.747830199727602, 12.786157299636304 ] ] } },
{ "type": "Feature", "properties": { "OBJECTID": 24911, "SegmentID": 124911 }, "geometry": { "type": "LineString", "coordinates": [ [ 77.74697723876794, 12.78619215258801 ], [ 77.747244699614882, 12.786188299948034 ], [ 77.747613339397518, 12.78616878167092 ] ] } },
{ "type": "Feature", "properties": { "OBJECTID": 24918, "SegmentID": 124918 }, "geometry": { "type": "LineString", "coordinates": [ [ 77.745740774313077, 12.786218403739044 ], [ 77.74601579989988, 12.786206000175609 ], [ 77.74697723876794, 12.78619215258801 ] ] } },
{ "type": "Feature", "properties": { "OBJECTID": 24921, "SegmentID": 124921 }, "geometry": { "type": "LineString", "coordinates": [ [ 77.745628937740207, 12.786223447705328 ], [ 77.745740774313077, 12.786218403739044 ] ] } },
{ "type": "Feature", "properties": { "OBJECTID": 24946, "SegmentID": 124946 }, "geometry": { "type": "LineString", "coordinates": [ [ 77.744936188364335, 12.786254688404915 ], [ 77.745628937740207, 12.786223447705328 ] ] } },
{ "type": "Feature", "properties": { "OBJECTID": 24968, "SegmentID": 124968 }, "geometry": { "type": "LineString", "coordinates": [ [ 77.744587399862553, 12.786286800283131 ], [ 77.744931500214079, 12.786254899830375 ], [ 77.744936188364335, 12.786254688404915 ] ] } },
{ "type": "Feature", "properties": { "OBJECTID": 24990, "SegmentID": 124990 }, "geometry": { "type": "LineString", "coordinates": [ [ 77.744203781798063, 12.786322410758546 ], [ 77.744587399862553, 12.786286800283131 ] ] } },
{ "type": "Feature", "properties": { "OBJECTID": 25183, "SegmentID": 125183 }, "geometry": { "type": "LineString", "coordinates": [ [ 77.742299199989517, 12.786584999569742 ], [ 77.742930399938274, 12.786462600022768 ], [ 77.743440099764342, 12.786393300413085 ], [ 77.744203781798063, 12.786322410758546 ] ] } },
{ "type": "Feature", "properties": { "OBJECTID": 25225, "SegmentID": 125225 }, "geometry": { "type": "LineString", "coordinates": [ [ 77.74188769996627, 12.786647700094804 ], [ 77.742299199989517, 12.786584999569742 ] ] } },
{ "type": "Feature", "properties": { "OBJECTID": 25238, "SegmentID": 125238 }, "geometry": { "type": "LineString", "coordinates": [ [ 77.741755299567458, 12.786667900445934 ], [ 77.74188769996627, 12.786647700094804 ] ] } },
{ "type": "Feature", "properties": { "OBJECTID": 25460, "SegmentID": 125460 }, "geometry": { "type": "LineString", "coordinates": [ [ 77.504069868708683, 12.789270152757702 ], [ 77.504108799678505, 12.789348199617486 ] ] } },
{ "type": "Feature", "properties": { "OBJECTID": 25550, "SegmentID": 125550 }, "geometry": { "type": "LineString", "coordinates": [ [ 77.739940128522576, 12.787045748738798 ], [ 77.739974199965957, 12.787039200280267 ], [ 77.741557400198346, 12.786709999848531 ], [ 77.741702599930917, 12.786675900351657 ], [ 77.741755299567458, 12.786667900445934 ] ] } },
{ "type": "Feature", "properties": { "OBJECTID": 25558, "SegmentID": 125558 }, "geometry": { "type": "LineString", "coordinates": [ [ 77.739897874945171, 12.787053870969293 ], [ 77.739940128522576, 12.787045748738798 ] ] } },
{ "type": "Feature", "properties": { "OBJECTID": 25591, "SegmentID": 125591 }, "geometry": { "type": "LineString", "coordinates": [ [ 77.739646196829412, 12.787102247207137 ], [ 77.739897874945171, 12.787053870969293 ] ] } },
{ "type": "Feature", "properties": { "OBJECTID": 25617, "SegmentID": 125617 }, "geometry": { "type": "LineString", "coordinates": [ [ 77.739478400317424, 12.78713450013174 ], [ 77.739646196829412, 12.787102247207137 ] ] } },
{ "type": "Feature", "properties": { "OBJECTID": 25715, "SegmentID": 125715 }, "geometry": { "type": "LineString", "coordinates": [ [ 77.739082745252745, 12.787230771924174 ], [ 77.739356500047279, 12.787158000356964 ], [ 77.739478400317424, 12.78713450013174 ] ] } },
{ "type": "Feature", "properties": { "OBJECTID": 25828, "SegmentID": 125828 }, "geometry": { "type": "LineString", "coordinates": [ [ 77.738528665797858, 12.787385940889235 ], [ 77.738584200158314, 12.787363299551746 ], [ 77.739082745252745, 12.787230771924174 ] ] } },
{ "type": "Feature", "properties": { "OBJECTID": 25882, "SegmentID": 125882 }, "geometry": { "type": "LineString", "coordinates": [ [ 77.738338197886307, 12.787463592542261 ], [ 77.738528665797858, 12.787385940889235 ] ] } },
{ "type": "Feature", "properties": { "OBJECTID": 25997, "SegmentID": 125997 }, "geometry": { "type": "LineString", "coordinates": [ [ 77.738071273162433, 12.787572415322728 ], [ 77.738338197886307, 12.787463592542261 ] ] } },
{ "type": "Feature", "properties": { "OBJECTID": 26185, "SegmentID": 126185 }, "geometry": { "type": "LineString", "coordinates": [ [ 77.737481191374016, 12.787817380723578 ], [ 77.737889800257676, 12.787646399603679 ], [ 77.738071273162433, 12.787572415322728 ] ] } },
{ "type": "Feature", "properties": { "OBJECTID": 26301, "SegmentID": 126301 }, "geometry": { "type": "LineString", "coordinates": [ [ 77.737210370274568, 12.787930704884188 ], [ 77.737481191374016, 12.787817380723578 ] ] } },
{ "type": "Feature", "properties": { "OBJECTID": 26341, "SegmentID": 126341 }, "geometry": { "type": "LineString", "coordinates": [ [ 77.737084200428257, 12.787983499873144 ], [ 77.737210370274568, 12.787930704884188 ] ] } },
{ "type": "Feature", "properties": { "OBJECTID": 26376, "SegmentID": 126376 }, "geometry": { "type": "LineString", "coordinates": [ [ 77.736978227470573, 12.788027844705365 ], [ 77.737084200428257, 12.787983499873144 ] ] } },
{ "type": "Feature", "properties": { "OBJECTID": 26495, "SegmentID": 126495 }, "geometry": { "type": "LineString", "coordinates": [ [ 77.736642699933952, 12.788173799975219 ], [ 77.736725499928994, 12.788133600173245 ], [ 77.736978227470573, 12.788027844705365 ] ] } },
{ "type": "Feature", "properties": { "OBJECTID": 26544, "SegmentID": 126544 }, "geometry": { "type": "LineString", "coordinates": [ [ 77.736531505191039, 12.788227706638509 ], [ 77.736642699933952, 12.788173799975219 ] ] } },
{ "type": "Feature", "properties": { "OBJECTID": 26595, "SegmentID": 126595 }, "geometry": { "type": "LineString", "coordinates": [ [ 77.736349999964631, 12.788315700419925 ], [ 77.736531505191039, 12.788227706638509 ] ] } },
{ "type": "Feature", "properties": { "OBJECTID": 26740, "SegmentID": 126740 }, "geometry": { "type": "LineString", "coordinates": [ [ 77.736035000324321, 12.788460499711295 ], [ 77.736349999964631, 12.788315700419925 ] ] } },
{ "type": "Feature", "properties": { "OBJECTID": 26854, "SegmentID": 126854 }, "geometry": { "type": "LineString", "coordinates": [ [ 77.735733561863626, 12.788590949114925 ], [ 77.735815700424226, 12.788561000406483 ], [ 77.736035000324321, 12.788460499711295 ] ] } },
{ "type": "Feature", "properties": { "OBJECTID": 26869, "SegmentID": 126869 }, "geometry": { "type": "LineString", "coordinates": [ [ 77.735649499781573, 12.788621599798526 ], [ 77.735733561863626, 12.788590949114925 ] ] } },
{ "type": "Feature", "properties": { "OBJECTID": 26970, "SegmentID": 126970 }, "geometry": { "type": "LineString", "coordinates": [ [ 77.735280099695203, 12.788756299897102 ], [ 77.735649499781573, 12.788621599798526 ] ] } },
{ "type": "Feature", "properties": { "OBJECTID": 27085, "SegmentID": 127085 }, "geometry": { "type": "LineString", "coordinates": [ [ 77.734935771545608, 12.788887569490543 ], [ 77.735280099695203, 12.788756299897102 ] ] } },
{ "type": "Feature", "properties": { "OBJECTID": 27929, "SegmentID": 127929 }, "geometry": { "type": "LineString", "coordinates": [ [ 77.733286124227078, 12.78983066306634 ], [ 77.733326799916341, 12.78980499968581 ], [ 77.733704699843742, 12.789534700069076 ], [ 77.73410200006623, 12.789304499995191 ], [ 77.734820800450578, 12.78893139992743 ], [ 77.734935771545608, 12.788887569490543 ] ] } },
{ "type": "Feature", "properties": { "OBJECTID": 28106, "SegmentID": 128106 }, "geometry": { "type": "LineString", "coordinates": [ [ 77.732980688746849, 12.790023369728146 ], [ 77.733286124227078, 12.78983066306634 ] ] } },
{ "type": "Feature", "properties": { "OBJECTID": 28135, "SegmentID": 128135 }, "geometry": { "type": "LineString", "coordinates": [ [ 77.732956117078345, 12.79003887225856 ], [ 77.732980688746849, 12.790023369728146 ] ] } },
{ "type": "Feature", "properties": { "OBJECTID": 28470, "SegmentID": 128470 }, "geometry": { "type": "LineString", "coordinates": [ [ 77.732418682815677, 12.790390184990637 ], [ 77.732853999765865, 12.790103299714531 ], [ 77.732956117078345, 12.79003887225856 ] ] } },
{ "type": "Feature", "properties": { "OBJECTID": 28858, "SegmentID": 128858 }, "geometry": { "type": "LineString", "coordinates": [ [ 77.731807300061462, 12.790793099779878 ], [ 77.732418682815677, 12.790390184990637 ] ] } },
{ "type": "Feature", "properties": { "OBJECTID": 29563, "SegmentID": 129563 }, "geometry": { "type": "LineString", "coordinates": [ [ 77.730449300057217, 12.791584799927071 ], [ 77.730817400353743, 12.791385299600028 ], [ 77.73114979973478, 12.79122660031752 ], [ 77.731807300061462, 12.790793099779878 ] ] } },
{ "type": "Feature", "properties": { "OBJECTID": 29790, "SegmentID": 129790 }, "geometry": { "type": "LineString", "coordinates": [ [ 77.729611799571316, 12.791887099606484 ], [ 77.729789300187903, 12.791830699800078 ], [ 77.730104800200976, 12.79171789996763 ], [ 77.730449300057217, 12.791584799927071 ] ] } },
{ "type": "Feature", "properties": { "OBJECTID": 29792, "SegmentID": 129792 }, "geometry": { "type": "LineString", "coordinates": [ [ 77.729597468576245, 12.791891668192234 ], [ 77.729611799571316, 12.791887099606484 ] ] } },
{ "type": "Feature", "properties": { "OBJECTID": 29921, "SegmentID": 129921 }, "geometry": { "type": "LineString", "coordinates": [ [ 77.729129736681628, 12.792040632989497 ], [ 77.729241999708606, 12.792018700153196 ], [ 77.729451500233381, 12.791938199991481 ], [ 77.729597468576245, 12.791891668192234 ] ] } },
{ "type": "Feature", "properties": { "OBJECTID": 29994, "SegmentID": 129994 }, "geometry": { "type": "LineString", "coordinates": [ [ 77.728717869737579, 12.792121969648051 ], [ 77.728728100037756, 12.792119100329197 ], [ 77.729129736681628, 12.792040632989497 ] ] } },
{ "type": "Feature", "properties": { "OBJECTID": 30026, "SegmentID": 130026 }, "geometry": { "type": "LineString", "coordinates": [ [ 77.728527000400192, 12.792175499996018 ], [ 77.728717869737579, 12.792121969648051 ] ] } },
{ "type": "Feature", "properties": { "OBJECTID": 30276, "SegmentID": 130276 }, "geometry": { "type": "LineString", "coordinates": [ [ 77.727328499813481, 12.792500599713911 ], [ 77.727890800355354, 12.792353700209713 ], [ 77.728527000400192, 12.792175499996018 ] ] } },
{ "type": "Feature", "properties": { "OBJECTID": 30340, "SegmentID": 130340 }, "geometry": { "type": "LineString", "coordinates": [ [ 77.726992000377564, 12.792585199824996 ], [ 77.727328499813481, 12.792500599713911 ] ] } },
{ "type": "Feature", "properties": { "OBJECTID": 30383, "SegmentID": 130383 }, "geometry": { "type": "LineString", "coordinates": [ [ 77.726789299965873, 12.792636200155446 ], [ 77.726992000377564, 12.792585199824996 ] ] } },
{ "type": "Feature", "properties": { "OBJECTID": 30433, "SegmentID": 130433 }, "geometry": { "type": "LineString", "coordinates": [ [ 77.726577789307527, 12.792692294313209 ], [ 77.726789299965873, 12.792636200155446 ] ] } },
{ "type": "Feature", "properties": { "OBJECTID": 30589, "SegmentID": 130589 }, "geometry": { "type": "LineString", "coordinates": [ [ 77.725685640059524, 12.792925851194163 ], [ 77.725899799698809, 12.792872099777428 ], [ 77.726577789307527, 12.792692294313209 ] ] } },
{ "type": "Feature", "properties": { "OBJECTID": 30597, "SegmentID": 130597 }, "geometry": { "type": "LineString", "coordinates": [ [ 77.725671500446538, 12.792929400429985 ], [ 77.725685640059524, 12.792925851194163 ] ] } },
{ "type": "Feature", "properties": { "OBJECTID": 30884, "SegmentID": 130884 }, "geometry": { "type": "LineString", "coordinates": [ [ 77.724226605061105, 12.793307521585874 ], [ 77.724959099882781, 12.793108099901263 ], [ 77.725671500446538, 12.792929400429985 ] ] } },
{ "type": "Feature", "properties": { "OBJECTID": 31095, "SegmentID": 131095 }, "geometry": { "type": "LineString", "coordinates": [ [ 77.723280173327893, 12.793556849519765 ], [ 77.724045600021469, 12.793356799700687 ], [ 77.724226605061105, 12.793307521585874 ] ] } },
{ "type": "Feature", "properties": { "OBJECTID": 31229, "SegmentID": 131229 }, "geometry": { "type": "LineString", "coordinates": [ [ 77.722656700793337, 12.793716750215893 ], [ 77.722973499557554, 12.793637000195478 ], [ 77.723280173327893, 12.793556849519765 ] ] } },
{ "type": "Feature", "properties": { "OBJECTID": 31318, "SegmentID": 131318 }, "geometry": { "type": "LineString", "coordinates": [ [ 77.722272618358218, 12.793813941671621 ], [ 77.72231169960672, 12.793803599954671 ], [ 77.722656700793337, 12.793716750215893 ] ] } },
{ "type": "Feature", "properties": { "OBJECTID": 31359, "SegmentID": 131359 }, "geometry": { "type": "LineString", "coordinates": [ [ 77.722061096360477, 12.79386991253541 ], [ 77.722272618358218, 12.793813941671621 ] ] } },
{ "type": "Feature", "properties": { "OBJECTID": 31377, "SegmentID": 131377 }, "geometry": { "type": "LineString", "coordinates": [ [ 77.721996899855171, 12.793886899579849 ], [ 77.722061096360477, 12.79386991253541 ] ] } },
{ "type": "Feature", "properties": { "OBJECTID": 31440, "SegmentID": 131440 }, "geometry": { "type": "LineString", "coordinates": [ [ 77.721642243033287, 12.793982472671239 ], [ 77.721996899855171, 12.793886899579849 ] ] } },
{ "type": "Feature", "properties": { "OBJECTID": 31602, "SegmentID": 131602 }, "geometry": { "type": "LineString", "coordinates": [ [ 77.721018872668537, 12.79415679638003 ], [ 77.721112600286503, 12.79412519979789 ], [ 77.721642243033287, 12.793982472671239 ] ] } },
{ "type": "Feature", "properties": { "OBJECTID": 31680, "SegmentID": 131680 }, "geometry": { "type": "LineString", "coordinates": [ [ 77.720706200331293, 12.794262199554547 ], [ 77.721018872668537, 12.79415679638003 ] ] } },
{ "type": "Feature", "properties": { "OBJECTID": 32579, "SegmentID": 132579 }, "geometry": { "type": "LineString", "coordinates": [ [ 77.719004200375394, 12.795448200283888 ], [ 77.719169500294981, 12.795284400162167 ], [ 77.719333099744517, 12.795083399949924 ], [ 77.719581900062707, 12.794897100318799 ], [ 77.719832700439127, 12.794720099843403 ], [ 77.72005099995792, 12.794586900001503 ], [ 77.720313300450812, 12.794441200222533 ], [ 77.720621299897587, 12.794290799637421 ], [ 77.720706200331293, 12.794262199554547 ] ] } },
{ "type": "Feature", "properties": { "OBJECTID": 32911, "SegmentID": 132911 }, "geometry": { "type": "LineString", "coordinates": [ [ 77.718718964450218, 12.79586085334676 ], [ 77.718778900038885, 12.795769999710638 ], [ 77.718862899575882, 12.795626600268475 ], [ 77.719004200375394, 12.795448200283888 ] ] } },
{ "type": "Feature", "properties": { "OBJECTID": 34324, "SegmentID": 134324 }, "geometry": { "type": "LineString", "coordinates": [ [ 77.717617277135176, 12.797552036507033 ], [ 77.717694900360925, 12.797438500415604 ], [ 77.718010800035174, 12.796905199958495 ], [ 77.718185699730384, 12.796669200167532 ], [ 77.718718964450218, 12.79586085334676 ] ] } },
{ "type": "Feature", "properties": { "OBJECTID": 34420, "SegmentID": 134420 }, "geometry": { "type": "LineString", "coordinates": [ [ 77.717524592466091, 12.797687602018376 ], [ 77.717617277135176, 12.797552036507033 ] ] } },
{ "type": "Feature", "properties": { "OBJECTID": 34434, "SegmentID": 134434 }, "geometry": { "type": "LineString", "coordinates": [ [ 77.717510100234435, 12.797708799901653 ], [ 77.717524592466091, 12.797687602018376 ] ] } },
{ "type": "Feature", "properties": { "OBJECTID": 34626, "SegmentID": 134626 }, "geometry": { "type": "LineString", "coordinates": [ [ 77.717294994145036, 12.797998965308855 ], [ 77.717418099922511, 12.797843299593511 ], [ 77.717510100234435, 12.797708799901653 ] ] } },
{ "type": "Feature", "properties": { "OBJECTID": 34789, "SegmentID": 134789 }, "geometry": { "type": "LineString", "coordinates": [ [ 77.71711245643823, 12.798214761328982 ], [ 77.717247199599896, 12.798059400167222 ], [ 77.717294994145036, 12.797998965308855 ] ] } },
{ "type": "Feature", "properties": { "OBJECTID": 35089, "SegmentID": 135089 }, "geometry": { "type": "LineString", "coordinates": [ [ 77.716707990589782, 12.798646233766707 ], [ 77.716863299859057, 12.798485400269417 ], [ 77.717053099816056, 12.798283200008479 ], [ 77.71711245643823, 12.798214761328982 ] ] } },
{ "type": "Feature", "properties": { "OBJECTID": 35658, "SegmentID": 135658 }, "geometry": { "type": "LineString", "coordinates": [ [ 77.715789544636166, 12.799395598832003 ], [ 77.715969200459881, 12.79927350012734 ], [ 77.716146099937674, 12.799164100334618 ], [ 77.716352599588518, 12.798971799729932 ], [ 77.716570899711471, 12.798788200434313 ], [ 77.716707990589782, 12.798646233766707 ] ] } },
{ "type": "Feature", "properties": { "OBJECTID": 35926, "SegmentID": 135926 }, "geometry": { "type": "LineString", "coordinates": [ [ 77.715292362907917, 12.799717235733658 ], [ 77.715465099802401, 12.799616099820458 ], [ 77.715789544636166, 12.799395598832003 ] ] } },
{ "type": "Feature", "properties": { "OBJECTID": 36131, "SegmentID": 136131 }, "geometry": { "type": "LineString", "coordinates": [ [ 77.714759977286704, 12.800001604344061 ], [ 77.71520600035187, 12.799767800434724 ], [ 77.715292362907917, 12.799717235733658 ] ] } },
{ "type": "Feature", "properties": { "OBJECTID": 36259, "SegmentID": 136259 }, "geometry": { "type": "LineString", "coordinates": [ [ 77.714482799963676, 12.800146899832761 ], [ 77.714759977286704, 12.800001604344061 ] ] } },
{ "type": "Feature", "properties": { "OBJECTID": 36417, "SegmentID": 136417 }, "geometry": { "type": "LineString", "coordinates": [ [ 77.714121899600528, 12.80033600042835 ], [ 77.714482799963676, 12.800146899832761 ] ] } },
{ "type": "Feature", "properties": { "OBJECTID": 36505, "SegmentID": 136505 }, "geometry": { "type": "LineString", "coordinates": [ [ 77.713904200191195, 12.800450200113264 ], [ 77.714121899600528, 12.80033600042835 ] ] } },
{ "type": "Feature", "properties": { "OBJECTID": 36870, "SegmentID": 136870 }, "geometry": { "type": "LineString", "coordinates": [ [ 77.713212262736747, 12.800835849106594 ], [ 77.713904200191195, 12.800450200113264 ] ] } },
{ "type": "Feature", "properties": { "OBJECTID": 36886, "SegmentID": 136886 }, "geometry": { "type": "LineString", "coordinates": [ [ 77.713184899558598, 12.800851099833015 ], [ 77.713212262736747, 12.800835849106594 ] ] } },
{ "type": "Feature", "properties": { "OBJECTID": 37167, "SegmentID": 137167 }, "geometry": { "type": "LineString", "coordinates": [ [ 77.712649601629295, 12.801148370724498 ], [ 77.712760599982275, 12.8010876998516 ], [ 77.713184899558598, 12.800851099833015 ] ] } },
{ "type": "Feature", "properties": { "OBJECTID": 37405, "SegmentID": 137405 }, "geometry": { "type": "LineString", "coordinates": [ [ 77.712177899839261, 12.801406199641294 ], [ 77.712649601629295, 12.801148370724498 ] ] } },
{ "type": "Feature", "properties": { "OBJECTID": 37532, "SegmentID": 137532 }, "geometry": { "type": "LineString", "coordinates": [ [ 77.711823927952622, 12.801587312871796 ], [ 77.711979700410978, 12.801514499660678 ], [ 77.712177899839261, 12.801406199641294 ] ] } },
{ "type": "Feature", "properties": { "OBJECTID": 37568, "SegmentID": 137568 }, "geometry": { "type": "LineString", "coordinates": [ [ 77.711751606330168, 12.801621118256532 ], [ 77.711823927952622, 12.801587312871796 ] ] } },
{ "type": "Feature", "properties": { "OBJECTID": 37648, "SegmentID": 137648 }, "geometry": { "type": "LineString", "coordinates": [ [ 77.711551399849128, 12.801714700270285 ], [ 77.711751606330168, 12.801621118256532 ] ] } },
{ "type": "Feature", "properties": { "OBJECTID": 37707, "SegmentID": 137707 }, "geometry": { "type": "LineString", "coordinates": [ [ 77.711379596827996, 12.801802247854116 ], [ 77.711551399849128, 12.801714700270285 ] ] } },
{ "type": "Feature", "properties": { "OBJECTID": 37771, "SegmentID": 137771 }, "geometry": { "type": "LineString", "coordinates": [ [ 77.711074324432289, 12.801890902358402 ], [ 77.711152999601779, 12.801871999581888 ], [ 77.711379596827996, 12.801802247854116 ] ] } },
{ "type": "Feature", "properties": { "OBJECTID": 37789, "SegmentID": 137789 }, "geometry": { "type": "LineString", "coordinates": [ [ 77.710937399847921, 12.801923800021832 ], [ 77.710972603081103, 12.801915342470995 ], [ 77.711074324432289, 12.801890902358402 ] ] } },
{ "type": "Feature", "properties": { "OBJECTID": 37821, "SegmentID": 137821 }, "geometry": { "type": "LineString", "coordinates": [ [ 77.708006023339934, 12.801987608047245 ], [ 77.708266500428323, 12.801987700264741 ], [ 77.708737100120743, 12.801980699883218 ], [ 77.709051300314812, 12.801999599569063 ], [ 77.709386000401892, 12.802002000188086 ] ] } },
{ "type": "Feature", "properties": { "OBJECTID": 37825, "SegmentID": 137825 }, "geometry": { "type": "LineString", "coordinates": [ [ 77.707873423778409, 12.801991491387813 ], [ 77.707982499920561, 12.801987599767834 ], [ 77.708006023339934, 12.801987608047245 ] ] } },
{ "type": "Feature", "properties": { "OBJECTID": 37860, "SegmentID": 137860 }, "geometry": { "type": "LineString", "coordinates": [ [ 77.709386000401892, 12.802002000188086 ], [ 77.709406475974802, 12.802002347755268 ] ] } },
{ "type": "Feature", "properties": { "OBJECTID": 37862, "SegmentID": 137862 }, "geometry": { "type": "LineString", "coordinates": [ [ 77.709406475974802, 12.802002347755268 ], [ 77.710385899763907, 12.802018999989789 ], [ 77.7105210996084, 12.801999200196683 ], [ 77.710751299856085, 12.801979200017101 ], [ 77.710780465017692, 12.80197051829086 ], [ 77.710937399847921, 12.801923800021832 ] ] } },
{ "type": "Feature", "properties": { "OBJECTID": 37965, "SegmentID": 137965 }, "geometry": { "type": "LineString", "coordinates": [ [ 77.706144520368198, 12.802176470736809 ], [ 77.706393999690945, 12.802134199571528 ], [ 77.707122000370759, 12.802030099623444 ], [ 77.707478000353589, 12.802005599946717 ], [ 77.707873423778409, 12.801991491387813 ] ] } },
{ "type": "Feature", "properties": { "OBJECTID": 38013, "SegmentID": 138013 }, "geometry": { "type": "LineString", "coordinates": [ [ 77.705845855438767, 12.802227073995578 ], [ 77.706144520368198, 12.802176470736809 ] ] } },
{ "type": "Feature", "properties": { "OBJECTID": 38031, "SegmentID": 138031 }, "geometry": { "type": "LineString", "coordinates": [ [ 77.705741145429556, 12.802244815519948 ], [ 77.705845855438767, 12.802227073995578 ] ] } },
{ "type": "Feature", "properties": { "OBJECTID": 38117, "SegmentID": 138117 }, "geometry": { "type": "LineString", "coordinates": [ [ 77.704790138849319, 12.802399005823142 ], [ 77.705194700274333, 12.802337400200299 ], [ 77.705741145429556, 12.802244815519948 ] ] } },
{ "type": "Feature", "properties": { "OBJECTID": 38147, "SegmentID": 138147 }, "geometry": { "type": "LineString", "coordinates": [ [ 77.704575607162511, 12.802431674161076 ], [ 77.704790138849319, 12.802399005823142 ] ] } },
{ "type": "Feature", "properties": { "OBJECTID": 38153, "SegmentID": 138153 }, "geometry": { "type": "LineString", "coordinates": [ [ 77.704551838817864, 12.802435293325356 ], [ 77.704575607162511, 12.802431674161076 ] ] } },
{ "type": "Feature", "properties": { "OBJECTID": 38297, "SegmentID": 138297 }, "geometry": { "type": "LineString", "coordinates": [ [ 77.703740200452202, 12.802598100139146 ], [ 77.704017699664746, 12.802530399785212 ], [ 77.704503200240339, 12.802442700153737 ], [ 77.704551838817864, 12.802435293325356 ] ] } },
{ "type": "Feature", "properties": { "OBJECTID": 38394, "SegmentID": 138394 }, "geometry": { "type": "LineString", "coordinates": [ [ 77.703384648102869, 12.802692330665716 ], [ 77.703581500395487, 12.802636799780084 ], [ 77.703740200452202, 12.802598100139146 ] ] } },
{ "type": "Feature", "properties": { "OBJECTID": 38459, "SegmentID": 138459 }, "geometry": { "type": "LineString", "coordinates": [ [ 77.703080704087085, 12.802783422839008 ], [ 77.703167099650642, 12.802753700125471 ], [ 77.703384648102869, 12.802692330665716 ] ] } },
{ "type": "Feature", "properties": { "OBJECTID": 38618, "SegmentID": 138618 }, "geometry": { "type": "LineString", "coordinates": [ [ 77.702593263576446, 12.8029721911815 ], [ 77.702659800108336, 12.802941499903749 ], [ 77.702902299990839, 12.802844800316949 ], [ 77.703080704087085, 12.802783422839008 ] ] } },
{ "type": "Feature", "properties": { "OBJECTID": 38978, "SegmentID": 138978 }, "geometry": { "type": "LineString", "coordinates": [ [ 77.701904057535245, 12.803337890948638 ], [ 77.701930799901874, 12.803319299694026 ], [ 77.702155500435538, 12.803186299760959 ], [ 77.702366699594748, 12.803076700109241 ], [ 77.702593263576446, 12.8029721911815 ] ] } },
{ "type": "Feature", "properties": { "OBJECTID": 39415, "SegmentID": 139415 }, "geometry": { "type": "LineString", "coordinates": [ [ 77.7011718854327, 12.803895228165709 ], [ 77.701376600128341, 12.803718099874649 ], [ 77.701742500304547, 12.803450199554026 ], [ 77.701904057535245, 12.803337890948638 ] ] } },
{ "type": "Feature", "properties": { "OBJECTID": 40033, "SegmentID": 140033 }, "geometry": { "type": "LineString", "coordinates": [ [ 77.700371600071406, 12.804783099738428 ], [ 77.700833400448531, 12.804188100440912 ], [ 77.7011718854327, 12.803895228165709 ] ] } },
{ "type": "Feature", "properties": { "OBJECTID": 40740, "SegmentID": 140740 }, "geometry": { "type": "LineString", "coordinates": [ [ 77.699688699664478, 12.80563609987732 ], [ 77.700371600071406, 12.804783099738428 ] ] } },
{ "type": "Feature", "properties": { "OBJECTID": 41021, "SegmentID": 141021 }, "geometry": { "type": "LineString", "coordinates": [ [ 77.699427682988883, 12.805961527236933 ], [ 77.699688699664478, 12.80563609987732 ] ] } },
{ "type": "Feature", "properties": { "OBJECTID": 41248, "SegmentID": 141248 }, "geometry": { "type": "LineString", "coordinates": [ [ 77.699225099565766, 12.806214099712571 ], [ 77.699427682988883, 12.805961527236933 ] ] } },
{ "type": "Feature", "properties": { "OBJECTID": 41446, "SegmentID": 141446 }, "geometry": { "type": "LineString", "coordinates": [ [ 77.69903060008437, 12.806456500319152 ], [ 77.699225099565766, 12.806214099712571 ] ] } },
{ "type": "Feature", "properties": { "OBJECTID": 42351, "SegmentID": 142351 }, "geometry": { "type": "LineString", "coordinates": [ [ 77.69820539582085, 12.807485063223201 ], [ 77.69903060008437, 12.806456500319152 ] ] } },
{ "type": "Feature", "properties": { "OBJECTID": 42399, "SegmentID": 142399 }, "geometry": { "type": "LineString", "coordinates": [ [ 77.698163661581546, 12.807537081940081 ], [ 77.69820539582085, 12.807485063223201 ] ] } },
{ "type": "Feature", "properties": { "OBJECTID": 42514, "SegmentID": 142514 }, "geometry": { "type": "LineString", "coordinates": [ [ 77.698042099926752, 12.807688600126768 ], [ 77.698163661581546, 12.807537081940081 ] ] } },
{ "type": "Feature", "properties": { "OBJECTID": 42590, "SegmentID": 142590 }, "geometry": { "type": "LineString", "coordinates": [ [ 77.697967942746928, 12.807774334547123 ], [ 77.698042099926752, 12.807688600126768 ] ] } },
{ "type": "Feature", "properties": { "OBJECTID": 42871, "SegmentID": 142871 }, "geometry": { "type": "LineString", "coordinates": [ [ 77.697716454897432, 12.808065085717635 ], [ 77.697967942746928, 12.807774334547123 ] ] } },
{ "type": "Feature", "properties": { "OBJECTID": 43454, "SegmentID": 143454 }, "geometry": { "type": "LineString", "coordinates": [ [ 77.697175740679356, 12.808731206992064 ], [ 77.697534800077989, 12.808275099943428 ], [ 77.697716454897432, 12.808065085717635 ] ] } },
{ "type": "Feature", "properties": { "OBJECTID": 43585, "SegmentID": 143585 }, "geometry": { "type": "LineString", "coordinates": [ [ 77.69707749959106, 12.808855999843415 ], [ 77.697175740679356, 12.808731206992064 ] ] } },
{ "type": "Feature", "properties": { "OBJECTID": 44485, "SegmentID": 144485 }, "geometry": { "type": "LineString", "coordinates": [ [ 77.696195199746512, 12.809976699842743 ], [ 77.69707749959106, 12.808855999843415 ] ] } },
{ "type": "Feature", "properties": { "OBJECTID": 44781, "SegmentID": 144781 }, "geometry": { "type": "LineString", "coordinates": [ [ 77.695874771853241, 12.810383678380967 ], [ 77.696195199746512, 12.809976699842743 ] ] } },
{ "type": "Feature", "properties": { "OBJECTID": 44895, "SegmentID": 144895 }, "geometry": { "type": "LineString", "coordinates": [ [ 77.695735388605058, 12.81056070926247 ], [ 77.695874771853241, 12.810383678380967 ] ] } },
{ "type": "Feature", "properties": { "OBJECTID": 45704, "SegmentID": 145704 }, "geometry": { "type": "LineString", "coordinates": [ [ 77.694848176770975, 12.811685583815477 ], [ 77.69493159960362, 12.811581599806729 ], [ 77.695735388605058, 12.81056070926247 ] ] } },
{ "type": "Feature", "properties": { "OBJECTID": 46178, "SegmentID": 146178 }, "geometry": { "type": "LineString", "coordinates": [ [ 77.694294168482173, 12.81237613710859 ], [ 77.694848176770975, 12.811685583815477 ] ] } },
{ "type": "Feature", "properties": { "OBJECTID": 47237, "SegmentID": 147237 }, "geometry": { "type": "LineString", "coordinates": [ [ 77.693111378667723, 12.813850484332709 ], [ 77.693131699709326, 12.813825100046552 ], [ 77.694294168482173, 12.81237613710859 ] ] } },
{ "type": "Feature", "properties": { "OBJECTID": 47705, "SegmentID": 147705 }, "geometry": { "type": "LineString", "coordinates": [ [ 77.692495599773196, 12.814619699965881 ], [ 77.693111378667723, 12.813850484332709 ] ] } },
{ "type": "Feature", "properties": { "OBJECTID": 47992, "SegmentID": 147992 }, "geometry": { "type": "LineString", "coordinates": [ [ 77.692164819765495, 12.81503279946217 ], [ 77.692495599773196, 12.814619699965881 ] ] } },
{ "type": "Feature", "properties": { "OBJECTID": 48071, "SegmentID": 148071 }, "geometry": { "type": "LineString", "coordinates": [ [ 77.6920680228869, 12.815153685684042 ], [ 77.692164819765495, 12.81503279946217 ] ] } },
{ "type": "Feature", "properties": { "OBJECTID": 48114, "SegmentID": 148114 }, "geometry": { "type": "LineString", "coordinates": [ [ 77.692011000035649, 12.815224899960603 ], [ 77.6920680228869, 12.815153685684042 ] ] } },
{ "type": "Feature", "properties": { "OBJECTID": 48378, "SegmentID": 148378 }, "geometry": { "type": "LineString", "coordinates": [ [ 77.691634100419506, 12.81569570015459 ], [ 77.692011000035649, 12.815224899960603 ] ] } },
{ "type": "Feature", "properties": { "OBJECTID": 48670, "SegmentID": 148670 }, "geometry": { "type": "LineString", "coordinates": [ [ 77.691254549918938, 12.816169862458759 ], [ 77.691634100419506, 12.81569570015459 ] ] } },
{ "type": "Feature", "properties": { "OBJECTID": 48750, "SegmentID": 148750 }, "geometry": { "type": "LineString", "coordinates": [ [ 77.69118082405636, 12.816261965649042 ], [ 77.691254549918938, 12.816169862458759 ] ] } },
{ "type": "Feature", "properties": { "OBJECTID": 48853, "SegmentID": 148853 }, "geometry": { "type": "LineString", "coordinates": [ [ 77.691059012891998, 12.816414141409048 ], [ 77.69118082405636, 12.816261965649042 ] ] } },
{ "type": "Feature", "properties": { "OBJECTID": 48886, "SegmentID": 148886 }, "geometry": { "type": "LineString", "coordinates": [ [ 77.691014299980225, 12.816470000446918 ], [ 77.691059012891998, 12.816414141409048 ] ] } },
{ "type": "Feature", "properties": { "OBJECTID": 48999, "SegmentID": 148999 }, "geometry": { "type": "LineString", "coordinates": [ [ 77.690871018345149, 12.816648951578966 ], [ 77.690886298544996, 12.816629867636209 ], [ 77.691014299980225, 12.816470000446918 ] ] } },
{ "type": "Feature", "properties": { "OBJECTID": 49111, "SegmentID": 149111 }, "geometry": { "type": "LineString", "coordinates": [ [ 77.690731720355856, 12.816822929460466 ], [ 77.690871018345149, 12.816648951578966 ] ] } },
{ "type": "Feature", "properties": { "OBJECTID": 49276, "SegmentID": 149276 }, "geometry": { "type": "LineString", "coordinates": [ [ 77.690561291261588, 12.817035364668683 ], [ 77.690583699560676, 12.81700780005764 ], [ 77.690731720355856, 12.816822929460466 ] ] } },
{ "type": "Feature", "properties": { "OBJECTID": 49333, "SegmentID": 149333 }, "geometry": { "type": "LineString", "coordinates": [ [ 77.690509509503713, 12.817099058718712 ], [ 77.690561291261588, 12.817035364668683 ] ] } },
{ "type": "Feature", "properties": { "OBJECTID": 49373, "SegmentID": 149373 }, "geometry": { "type": "LineString", "coordinates": [ [ 77.690475899729208, 12.817140399730381 ], [ 77.690509509503713, 12.817099058718712 ] ] } },
{ "type": "Feature", "properties": { "OBJECTID": 49475, "SegmentID": 149475 }, "geometry": { "type": "LineString", "coordinates": [ [ 77.690379294856214, 12.817259226657631 ], [ 77.690475899729208, 12.817140399730381 ] ] } },
{ "type": "Feature", "properties": { "OBJECTID": 49609, "SegmentID": 149609 }, "geometry": { "type": "LineString", "coordinates": [ [ 77.690217355725565, 12.817458415361019 ], [ 77.690379294856214, 12.817259226657631 ] ] } },
{ "type": "Feature", "properties": { "OBJECTID": 49731, "SegmentID": 149731 }, "geometry": { "type": "LineString", "coordinates": [ [ 77.69009651208404, 12.817607055091612 ], [ 77.690217355725565, 12.817458415361019 ] ] } },
{ "type": "Feature", "properties": { "OBJECTID": 49791, "SegmentID": 149791 }, "geometry": { "type": "LineString", "coordinates": [ [ 77.690025190419888, 12.817694782836611 ], [ 77.69009651208404, 12.817607055091612 ] ] } },
{ "type": "Feature", "properties": { "OBJECTID": 49870, "SegmentID": 149870 }, "geometry": { "type": "LineString", "coordinates": [ [ 77.689921456404804, 12.817822376723804 ], [ 77.68999763876144, 12.817728671295816 ], [ 77.690025190419888, 12.817694782836611 ] ] } },
{ "type": "Feature", "properties": { "OBJECTID": 50064, "SegmentID": 150064 }, "geometry": { "type": "LineString", "coordinates": [ [ 77.689711646380104, 12.818080446679829 ], [ 77.689818258430023, 12.817949311962108 ], [ 77.689893069631623, 12.817857292731723 ], [ 77.689921456404804, 12.817822376723804 ] ] } },
{ "type": "Feature", "properties": { "OBJECTID": 50093, "SegmentID": 150093 }, "geometry": { "type": "LineString", "coordinates": [ [ 77.689678268984579, 12.818121501597757 ], [ 77.689711646380104, 12.818080446679829 ] ] } },
{ "type": "Feature", "properties": { "OBJECTID": 50330, "SegmentID": 150330 }, "geometry": { "type": "LineString", "coordinates": [ [ 77.689456960998271, 12.818398595886114 ], [ 77.689605099644751, 12.818211500305102 ], [ 77.689678268984579, 12.818121501597757 ] ] } },
{ "type": "Feature", "properties": { "OBJECTID": 50655, "SegmentID": 150655 }, "geometry": { "type": "LineString", "coordinates": [ [ 77.689103899640344, 12.818844499785149 ], [ 77.689456960998271, 12.818398595886114 ] ] } },
{ "type": "Feature", "properties": { "OBJECTID": 50694, "SegmentID": 150694 }, "geometry": { "type": "LineString", "coordinates": [ [ 77.689038299894648, 12.818924799996438 ], [ 77.689103899640344, 12.818844499785149 ] ] } },
{ "type": "Feature", "properties": { "OBJECTID": 51576, "SegmentID": 151576 }, "geometry": { "type": "LineString", "coordinates": [ [ 77.687910599657528, 12.820149699722897 ], [ 77.688313500417166, 12.819723500324731 ], [ 77.68868469987116, 12.819343599551491 ], [ 77.689038299894648, 12.818924799996438 ] ] } },
{ "type": "Feature", "properties": { "OBJECTID": 52265, "SegmentID": 152265 }, "geometry": { "type": "LineString", "coordinates": [ [ 77.687108753259295, 12.821003718290667 ], [ 77.687416100358377, 12.820672999965012 ], [ 77.687910599657528, 12.820149699722897 ] ] } },
{ "type": "Feature", "properties": { "OBJECTID": 52498, "SegmentID": 152498 }, "geometry": { "type": "LineString", "coordinates": [ [ 77.686840100261776, 12.821292799780064 ], [ 77.687108753259295, 12.821003718290667 ] ] } },
{ "type": "Feature", "properties": { "OBJECTID": 52533, "SegmentID": 152533 }, "geometry": { "type": "LineString", "coordinates": [ [ 77.686806600318349, 12.821328199670464 ], [ 77.686840100261776, 12.821292799780064 ] ] } },
{ "type": "Feature", "properties": { "OBJECTID": 52732, "SegmentID": 152732 }, "geometry": { "type": "LineString", "coordinates": [ [ 77.686617500007941, 12.821528200400095 ], [ 77.686806600318349, 12.821328199670464 ] ] } },
{ "type": "Feature", "properties": { "OBJECTID": 53051, "SegmentID": 153051 }, "geometry": { "type": "LineString", "coordinates": [ [ 77.686313599789543, 12.821849500416905 ], [ 77.686617500007941, 12.821528200400095 ] ] } },
{ "type": "Feature", "properties": { "OBJECTID": 53218, "SegmentID": 153218 }, "geometry": { "type": "LineString", "coordinates": [ [ 77.686089399907004, 12.822086499835605 ], [ 77.686313599789543, 12.821849500416905 ] ] } },
{ "type": "Feature", "properties": { "OBJECTID": 53433, "SegmentID": 153433 }, "geometry": { "type": "LineString", "coordinates": [ [ 77.685837899649485, 12.822352399918691 ], [ 77.686089399907004, 12.822086499835605 ] ] } },
{ "type": "Feature", "properties": { "OBJECTID": 53698, "SegmentID": 153698 }, "geometry": { "type": "LineString", "coordinates": [ [ 77.685490900302113, 12.82272110020676 ], [ 77.685837899649485, 12.822352399918691 ] ] } },
{ "type": "Feature", "properties": { "OBJECTID": 54203, "SegmentID": 154203 }, "geometry": { "type": "LineString", "coordinates": [ [ 77.684899100210856, 12.823365300232972 ], [ 77.685490900302113, 12.82272110020676 ] ] } },
{ "type": "Feature", "properties": { "OBJECTID": 54525, "SegmentID": 154525 }, "geometry": { "type": "LineString", "coordinates": [ [ 77.684446544420197, 12.82385784393594 ], [ 77.684899100210856, 12.823365300232972 ] ] } },
{ "type": "Feature", "properties": { "OBJECTID": 54746, "SegmentID": 154746 }, "geometry": { "type": "LineString", "coordinates": [ [ 77.684177785545415, 12.824150350498995 ], [ 77.684446544420197, 12.82385784393594 ] ] } },
{ "type": "Feature", "properties": { "OBJECTID": 54857, "SegmentID": 154857 }, "geometry": { "type": "LineString", "coordinates": [ [ 77.684040800215854, 12.824330600259215 ], [ 77.684168000235985, 12.824161000133552 ], [ 77.684177785545415, 12.824150350498995 ] ] } },
{ "type": "Feature", "properties": { "OBJECTID": 55007, "SegmentID": 155007 }, "geometry": { "type": "LineString", "coordinates": [ [ 77.683882699915586, 12.82454149967201 ], [ 77.684040800215854, 12.824330600259215 ] ] } },
{ "type": "Feature", "properties": { "OBJECTID": 55009, "SegmentID": 155009 }, "geometry": { "type": "LineString", "coordinates": [ [ 77.683882699915586, 12.82454149967201 ], [ 77.683716799728444, 12.824762699558239 ], [ 77.683587001228375, 12.824921274104879 ] ] } },
{ "type": "Feature", "properties": { "OBJECTID": 55298, "SegmentID": 155298 }, "geometry": { "type": "LineString", "coordinates": [ [ 77.683587001228375, 12.824921274104879 ], [ 77.68350930017111, 12.825016200005395 ] ] } },
{ "type": "Feature", "properties": { "OBJECTID": 55360, "SegmentID": 155360 }, "geometry": { "type": "LineString", "coordinates": [ [ 77.68350930017111, 12.825016200005395 ], [ 77.683300200009285, 12.825345400406279 ] ] } },
{ "type": "Feature", "properties": { "OBJECTID": 55642, "SegmentID": 155642 }, "geometry": { "type": "LineString", "coordinates": [ [ 77.683300200009285, 12.825345400406279 ], [ 77.683185599767143, 12.825525999576993 ], [ 77.683037999628709, 12.825767400005137 ] ] } },
{ "type": "Feature", "properties": { "OBJECTID": 55965, "SegmentID": 155965 }, "geometry": { "type": "LineString", "coordinates": [ [ 77.683037999628709, 12.825767400005137 ], [ 77.682954799893665, 12.825908400346938 ] ] } },
{ "type": "Feature", "properties": { "OBJECTID": 56104, "SegmentID": 156104 }, "geometry": { "type": "LineString", "coordinates": [ [ 77.682954799893665, 12.825908400346938 ], [ 77.682777500405493, 12.82622420036742 ] ] } },
{ "type": "Feature", "properties": { "OBJECTID": 56340, "SegmentID": 156340 }, "geometry": { "type": "LineString", "coordinates": [ [ 77.682777500405493, 12.82622420036742 ], [ 77.682658203928426, 12.826436281543053 ] ] } },
{ "type": "Feature", "properties": { "OBJECTID": 56489, "SegmentID": 156489 }, "geometry": { "type": "LineString", "coordinates": [ [ 77.682658203928426, 12.826436281543053 ], [ 77.682511099665547, 12.826697799682087 ], [ 77.682351300316995, 12.826994700140267 ] ] } },
{ "type": "Feature", "properties": { "OBJECTID": 56902, "SegmentID": 156902 }, "geometry": { "type": "LineString", "coordinates": [ [ 77.682351300316995, 12.826994700140267 ], [ 77.68230739964909, 12.827076199877579 ], [ 77.682273999720536, 12.827153299553659 ] ] } },
{ "type": "Feature", "properties": { "OBJECTID": 56998, "SegmentID": 156998 }, "geometry": { "type": "LineString", "coordinates": [ [ 77.682273999720536, 12.827153299553659 ], [ 77.682214396010082, 12.827290977533613 ] ] } },
{ "type": "Feature", "properties": { "OBJECTID": 57122, "SegmentID": 157122 }, "geometry": { "type": "LineString", "coordinates": [ [ 77.682214396010082, 12.827290977533613 ], [ 77.682124900003615, 12.827497700038508 ], [ 77.68198750017585, 12.827846199906791 ] ] } },
{ "type": "Feature", "properties": { "OBJECTID": 57552, "SegmentID": 157552 }, "geometry": { "type": "LineString", "coordinates": [ [ 77.68198750017585, 12.827846199906791 ], [ 77.681857300450091, 12.828176399593522 ], [ 77.681709399836436, 12.828632899672234 ] ] } },
{ "type": "Feature", "properties": { "OBJECTID": 58224, "SegmentID": 158224 }, "geometry": { "type": "LineString", "coordinates": [ [ 77.681709399836436, 12.828632899672234 ], [ 77.681615951561639, 12.828916556806055 ] ] } },
{ "type": "Feature", "properties": { "OBJECTID": 58416, "SegmentID": 158416 }, "geometry": { "type": "LineString", "coordinates": [ [ 77.681615951561639, 12.828916556806055 ], [ 77.681483600127009, 12.829318300332568 ] ] } },
{ "type": "Feature", "properties": { "OBJECTID": 58731, "SegmentID": 158731 }, "geometry": { "type": "LineString", "coordinates": [ [ 77.681483600127009, 12.829318300332568 ], [ 77.681442311778341, 12.829441685930126 ] ] } },
{ "type": "Feature", "properties": { "OBJECTID": 58822, "SegmentID": 158822 }, "geometry": { "type": "LineString", "coordinates": [ [ 77.681442311778341, 12.829441685930126 ], [ 77.681191399749721, 12.830191500368571 ] ] } },
{ "type": "Feature", "properties": { "OBJECTID": 59521, "SegmentID": 159521 }, "geometry": { "type": "LineString", "coordinates": [ [ 77.681191399749721, 12.830191500368571 ], [ 77.681133199728222, 12.830384499953155 ] ] } },
{ "type": "Feature", "properties": { "OBJECTID": 59711, "SegmentID": 159711 }, "geometry": { "type": "LineString", "coordinates": [ [ 77.681133199728222, 12.830384499953155 ], [ 77.681078498081291, 12.830565431652962 ] ] } },
{ "type": "Feature", "properties": { "OBJECTID": 59859, "SegmentID": 159859 }, "geometry": { "type": "LineString", "coordinates": [ [ 77.681078498081291, 12.830565431652962 ], [ 77.681047700207614, 12.830667299974458 ] ] } },
{ "type": "Feature", "properties": { "OBJECTID": 59959, "SegmentID": 159959 }, "geometry": { "type": "LineString", "coordinates": [ [ 77.681047700207614, 12.830667299974458 ], [ 77.680952200266773, 12.830983499922947 ] ] } },
{ "type": "Feature", "properties": { "OBJECTID": 60285, "SegmentID": 160285 }, "geometry": { "type": "LineString", "coordinates": [ [ 77.680952200266773, 12.830983499922947 ], [ 77.680653004113012, 12.831974069638939 ] ] } },
{ "type": "Feature", "properties": { "OBJECTID": 61072, "SegmentID": 161072 }, "geometry": { "type": "LineString", "coordinates": [ [ 77.414527899898175, 12.834365499784592 ], [ 77.414506999659565, 12.834270700274734 ] ] } },
{ "type": "Feature", "properties": { "OBJECTID": 61242, "SegmentID": 161242 }, "geometry": { "type": "LineString", "coordinates": [ [ 77.680653004113012, 12.831974069638939 ], [ 77.680522299904396, 12.832406799670842 ] ] } },
{ "type": "Feature", "properties": { "OBJECTID": 61270, "SegmentID": 161270 }, "geometry": { "type": "LineString", "coordinates": [ [ 77.414605200116483, 12.834595200236587 ], [ 77.414527899898175, 12.834365499784592 ] ] } },
{ "type": "Feature", "properties": { "OBJECTID": 61630, "SegmentID": 161630 }, "geometry": { "type": "LineString", "coordinates": [ [ 77.680522299904396, 12.832406799670842 ], [ 77.680458600029311, 12.832617500316511 ] ] } },
{ "type": "Feature", "properties": { "OBJECTID": 61833, "SegmentID": 161833 }, "geometry": { "type": "LineString", "coordinates": [ [ 77.680458600029311, 12.832617500316511 ], [ 77.680357250594412, 12.832953188184362 ] ] } },
{ "type": "Feature", "properties": { "OBJECTID": 62127, "SegmentID": 162127 }, "geometry": { "type": "LineString", "coordinates": [ [ 77.680357250594412, 12.832953188184362 ], [ 77.6803489772917, 12.832980592786374 ] ] } },
{ "type": "Feature", "properties": { "OBJECTID": 62152, "SegmentID": 162152 }, "geometry": { "type": "LineString", "coordinates": [ [ 77.6803489772917, 12.832980592786374 ], [ 77.68033559960557, 12.833024900321437 ], [ 77.680157700345816, 12.833580399612185 ], [ 77.680070500107533, 12.8338123997691 ] ] } },
{ "type": "Feature", "properties": { "OBJECTID": 62603, "SegmentID": 162603 }, "geometry": { "type": "LineString", "coordinates": [ [ 77.415187945597978, 12.836038969782523 ], [ 77.415074200026879, 12.835802300443483 ], [ 77.414838099970495, 12.83516490004051 ], [ 77.414605200116483, 12.834595200236587 ] ] } },
{ "type": "Feature", "properties": { "OBJECTID": 62645, "SegmentID": 162645 }, "geometry": { "type": "LineString", "coordinates": [ [ 77.41521266992072, 12.836090414900942 ], [ 77.415187945597978, 12.836038969782523 ] ] } },
{ "type": "Feature", "properties": { "OBJECTID": 62849, "SegmentID": 162849 }, "geometry": { "type": "LineString", "coordinates": [ [ 77.680070500107533, 12.8338123997691 ], [ 77.6799953527062, 12.834012341361326 ] ] } },
{ "type": "Feature", "properties": { "OBJECTID": 62935, "SegmentID": 162935 }, "geometry": { "type": "LineString", "coordinates": [ [ 77.41540260037668, 12.836485599718072 ], [ 77.41521266992072, 12.836090414900942 ] ] } },
{ "type": "Feature", "properties": { "OBJECTID": 63010, "SegmentID": 163010 }, "geometry": { "type": "LineString", "coordinates": [ [ 77.6799953527062, 12.834012341361326 ], [ 77.679672097034469, 12.834872409604438 ] ] } },
{ "type": "Feature", "properties": { "OBJECTID": 63269, "SegmentID": 163269 }, "geometry": { "type": "LineString", "coordinates": [ [ 77.415608986113114, 12.836903205531987 ], [ 77.415572699675025, 12.836839499873353 ], [ 77.415485699668196, 12.836658500408614 ], [ 77.41540260037668, 12.836485599718072 ] ] } },
{ "type": "Feature", "properties": { "OBJECTID": 63763, "SegmentID": 163763 }, "geometry": { "type": "LineString", "coordinates": [ [ 77.679672097034469, 12.834872409604438 ], [ 77.67947289990461, 12.835402399553617 ] ] } },
{ "type": "Feature", "properties": { "OBJECTID": 64252, "SegmentID": 164252 }, "geometry": { "type": "LineString", "coordinates": [ [ 77.67947289990461, 12.835402399553617 ], [ 77.679429900168259, 12.835517499598017 ] ] } },
{ "type": "Feature", "properties": { "OBJECTID": 64339, "SegmentID": 164339 }, "geometry": { "type": "LineString", "coordinates": [ [ 77.679429900168259, 12.835517499598017 ], [ 77.679247400109674, 12.836005100350819 ] ] } },
{ "type": "Feature", "properties": { "OBJECTID": 64622, "SegmentID": 164622 }, "geometry": { "type": "LineString", "coordinates": [ [ 77.417174509985813, 12.838398494159453 ], [ 77.416452699949247, 12.837809000221579 ], [ 77.416250799573746, 12.837658400315812 ], [ 77.416127000098882, 12.83754400003877 ], [ 77.415996600011241, 12.837423399678462 ], [ 77.41575929979885, 12.83716710011775 ], [ 77.415608986113114, 12.836903205531987 ] ] } },
{ "type": "Feature", "properties": { "OBJECTID": 64768, "SegmentID": 164768 }, "geometry": { "type": "LineString", "coordinates": [ [ 77.679247400109674, 12.836005100350819 ], [ 77.679147001969582, 12.836273497944751 ] ] } },
{ "type": "Feature", "properties": { "OBJECTID": 65011, "SegmentID": 165011 }, "geometry": { "type": "LineString", "coordinates": [ [ 77.679147001969582, 12.836273497944751 ], [ 77.679110455517375, 12.836371199786141 ] ] } },
{ "type": "Feature", "properties": { "OBJECTID": 65100, "SegmentID": 165100 }, "geometry": { "type": "LineString", "coordinates": [ [ 77.679110455517375, 12.836371199786141 ], [ 77.679077500019375, 12.836459299941978 ], [ 77.678940109663614, 12.836803607013557 ] ] } },
{ "type": "Feature", "properties": { "OBJECTID": 65559, "SegmentID": 165559 }, "geometry": { "type": "LineString", "coordinates": [ [ 77.678940109663614, 12.836803607013557 ], [ 77.678672599648891, 12.837473999739 ], [ 77.678466400102948, 12.837919299901019 ], [ 77.678345299671108, 12.838119799592844 ], [ 77.678113099602768, 12.838453899591146 ], [ 77.677941085822027, 12.838673013295471 ] ] } },
{ "type": "Feature", "properties": { "OBJECTID": 65761, "SegmentID": 165761 }, "geometry": { "type": "LineString", "coordinates": [ [ 77.418239799563835, 12.839529500340463 ], [ 77.41783009979018, 12.839113100208401 ], [ 77.417261699946522, 12.838469700291897 ], [ 77.417174509985813, 12.838398494159453 ] ] } },
{ "type": "Feature", "properties": { "OBJECTID": 65814, "SegmentID": 165814 }, "geometry": { "type": "LineString", "coordinates": [ [ 77.418278999956669, 12.839576000273039 ], [ 77.418239799563835, 12.839529500340463 ] ] } },
{ "type": "Feature", "properties": { "OBJECTID": 67285, "SegmentID": 167285 }, "geometry": { "type": "LineString", "coordinates": [ [ 77.419411087602654, 12.840917091100978 ], [ 77.418927799727783, 12.840347899586597 ], [ 77.418278999956669, 12.839576000273039 ] ] } },
{ "type": "Feature", "properties": { "OBJECTID": 67548, "SegmentID": 167548 }, "geometry": { "type": "LineString", "coordinates": [ [ 77.677941085822027, 12.838673013295471 ], [ 77.677820200013727, 12.838826999816092 ] ] } },
{ "type": "Feature", "properties": { "OBJECTID": 67572, "SegmentID": 167572 }, "geometry": { "type": "LineString", "coordinates": [ [ 77.419656560133546, 12.841206193700058 ], [ 77.419411087602654, 12.840917091100978 ] ] } },
{ "type": "Feature", "properties": { "OBJECTID": 67718, "SegmentID": 167718 }, "geometry": { "type": "LineString", "coordinates": [ [ 77.677820200013727, 12.838826999816092 ], [ 77.677299867571691, 12.839475436145927 ] ] } },
{ "type": "Feature", "properties": { "OBJECTID": 68251, "SegmentID": 168251 }, "geometry": { "type": "LineString", "coordinates": [ [ 77.677299867571691, 12.839475436145927 ], [ 77.676927400083187, 12.839939600054802 ] ] } },
{ "type": "Feature", "properties": { "OBJECTID": 68631, "SegmentID": 168631 }, "geometry": { "type": "LineString", "coordinates": [ [ 77.676927400083187, 12.839939600054802 ], [ 77.676669570072931, 12.840306211654299 ] ] } },
{ "type": "Feature", "properties": { "OBJECTID": 68676, "SegmentID": 168676 }, "geometry": { "type": "LineString", "coordinates": [ [ 77.420741099771277, 12.842483499950257 ], [ 77.420655400254589, 12.842382499723998 ], [ 77.420109299973845, 12.841739399941062 ], [ 77.419656560133546, 12.841206193700058 ] ] } },
{ "type": "Feature", "properties": { "OBJECTID": 68769, "SegmentID": 168769 }, "geometry": { "type": "LineString", "coordinates": [ [ 77.420831936996592, 12.842625492925267 ], [ 77.420741099771277, 12.842483499950257 ] ] } },
{ "type": "Feature", "properties": { "OBJECTID": 68889, "SegmentID": 168889 }, "geometry": { "type": "LineString", "coordinates": [ [ 77.420911000302851, 12.842749000256871 ], [ 77.420862200215737, 12.842672800258523 ], [ 77.420831936996592, 12.842625492925267 ] ] } },
{ "type": "Feature", "properties": { "OBJECTID": 68928, "SegmentID": 168928 }, "geometry": { "type": "LineString", "coordinates": [ [ 77.676669570072931, 12.840306211654299 ], [ 77.676585270374744, 12.840426077934506 ] ] } },
{ "type": "Feature", "properties": { "OBJECTID": 69031, "SegmentID": 169031 }, "geometry": { "type": "LineString", "coordinates": [ [ 77.676585270374744, 12.840426077934506 ], [ 77.676046400179402, 12.841192300444019 ], [ 77.675955116201635, 12.841310814981385 ] ] } },
{ "type": "Feature", "properties": { "OBJECTID": 69606, "SegmentID": 169606 }, "geometry": { "type": "LineString", "coordinates": [ [ 77.421343300082327, 12.843512099602076 ], [ 77.421114799686748, 12.843095999725589 ], [ 77.421009099956919, 12.842902199764032 ], [ 77.420911000302851, 12.842749000256871 ] ] } },
{ "type": "Feature", "properties": { "OBJECTID": 69872, "SegmentID": 169872 }, "geometry": { "type": "LineString", "coordinates": [ [ 77.675955116201635, 12.841310814981385 ], [ 77.675910300176028, 12.841369000085548 ] ] } },
{ "type": "Feature", "properties": { "OBJECTID": 69910, "SegmentID": 169910 }, "geometry": { "type": "LineString", "coordinates": [ [ 77.675910300176028, 12.841369000085548 ], [ 77.675624800272146, 12.841739500440218 ] ] } },
{ "type": "Feature", "properties": { "OBJECTID": 70071, "SegmentID": 170071 }, "geometry": { "type": "LineString", "coordinates": [ [ 77.421522100235393, 12.843988199722837 ], [ 77.421343300082327, 12.843512099602076 ] ] } },
{ "type": "Feature", "properties": { "OBJECTID": 70290, "SegmentID": 170290 }, "geometry": { "type": "LineString", "coordinates": [ [ 77.675624800272146, 12.841739500440218 ], [ 77.675472841743016, 12.841936774551799 ] ] } },
{ "type": "Feature", "properties": { "OBJECTID": 70354, "SegmentID": 170354 }, "geometry": { "type": "LineString", "coordinates": [ [ 77.421625200355365, 12.844275500047926 ], [ 77.421545600412941, 12.844053500255095 ], [ 77.421522100235393, 12.843988199722837 ] ] } },
{ "type": "Feature", "properties": { "OBJECTID": 70494, "SegmentID": 170494 }, "geometry": { "type": "LineString", "coordinates": [ [ 77.675472841743016, 12.841936774551799 ], [ 77.675166400161103, 12.842334599657997 ], [ 77.675131587183301, 12.842378811224407 ] ] } },
{ "type": "Feature", "properties": { "OBJECTID": 70560, "SegmentID": 170560 }, "geometry": { "type": "LineString", "coordinates": [ [ 77.421695448934415, 12.84447650714643 ], [ 77.421625200355365, 12.844275500047926 ] ] } },
{ "type": "Feature", "properties": { "OBJECTID": 70878, "SegmentID": 170878 }, "geometry": { "type": "LineString", "coordinates": [ [ 77.675131587183301, 12.842378811224407 ], [ 77.674435500327917, 12.843262799972321 ] ] } },
{ "type": "Feature", "properties": { "OBJECTID": 71757, "SegmentID": 171757 }, "geometry": { "type": "LineString", "coordinates": [ [ 77.422136899544114, 12.845670699891432 ], [ 77.422094199856218, 12.845572299811909 ], [ 77.421935000126027, 12.845204900091632 ], [ 77.421844599894527, 12.844941200133302 ], [ 77.421730500355835, 12.844576800373957 ], [ 77.421695448934415, 12.84447650714643 ] ] } },
{ "type": "Feature", "properties": { "OBJECTID": 71799, "SegmentID": 171799 }, "geometry": { "type": "LineString", "coordinates": [ [ 77.674435500327917, 12.843262799972321 ], [ 77.674170600438018, 12.843603399729409 ] ] } },
{ "type": "Feature", "properties": { "OBJECTID": 72089, "SegmentID": 172089 }, "geometry": { "type": "LineString", "coordinates": [ [ 77.674170600438018, 12.843603399729409 ], [ 77.673321700068087, 12.844672799639227 ] ] } },
{ "type": "Feature", "properties": { "OBJECTID": 72954, "SegmentID": 172954 }, "geometry": { "type": "LineString", "coordinates": [ [ 77.422726499955132, 12.847060200013965 ], [ 77.42253530038569, 12.846605099735296 ], [ 77.422316099614534, 12.84614749997229 ], [ 77.422136899544114, 12.845670699891432 ] ] } },
{ "type": "Feature", "properties": { "OBJECTID": 73003, "SegmentID": 173003 }, "geometry": { "type": "LineString", "coordinates": [ [ 77.673321700068087, 12.844672799639227 ], [ 77.672498600323081, 12.845711800055554 ], [ 77.672015999967059, 12.846304800281247 ] ] } },
{ "type": "Feature", "properties": { "OBJECTID": 74325, "SegmentID": 174325 }, "geometry": { "type": "LineString", "coordinates": [ [ 77.672015999967059, 12.846304800281247 ], [ 77.671975499970983, 12.846354600081149 ], [ 77.671361399730102, 12.847084800259436 ], [ 77.671052799835849, 12.847492799789142 ] ] } },
{ "type": "Feature", "properties": { "OBJECTID": 74957, "SegmentID": 174957 }, "geometry": { "type": "LineString", "coordinates": [ [ 77.566495498628811, 12.848100772756892 ], [ 77.565933499812274, 12.848095699919581 ], [ 77.562277999595224, 12.848455400368488 ], [ 77.5615014996105, 12.848608900344137 ], [ 77.56084900001899, 12.848744699883715 ], [ 77.560286000389254, 12.848888899637112 ], [ 77.559011300140114, 12.84923769981838 ], [ 77.558601499776032, 12.84935539973241 ], [ 77.558456630986669, 12.849403570194005 ] ] } },
{ "type": "Feature", "properties": { "OBJECTID": 75344, "SegmentID": 175344 }, "geometry": { "type": "LineString", "coordinates": [ [ 77.671052799835849, 12.847492799789142 ], [ 77.670902499614812, 12.847691500133648 ], [ 77.670639938678875, 12.847978371178932 ] ] } },
{ "type": "Feature", "properties": { "OBJECTID": 75348, "SegmentID": 175348 }, "geometry": { "type": "LineString", "coordinates": [ [ 77.571760999809001, 12.848488200038258 ], [ 77.569569399759928, 12.848128500153994 ], [ 77.566495498628811, 12.848100772756892 ] ] } },
{ "type": "Feature", "properties": { "OBJECTID": 75797, "SegmentID": 175797 }, "geometry": { "type": "LineString", "coordinates": [ [ 77.670639938678875, 12.847978371178932 ], [ 77.670388400378513, 12.848253199705834 ], [ 77.67013769975847, 12.848578500179922 ] ] } },
{ "type": "Feature", "properties": { "OBJECTID": 75935, "SegmentID": 175935 }, "geometry": { "type": "LineString", "coordinates": [ [ 77.424298499948193, 12.850507900224128 ], [ 77.423905400071916, 12.849699400239016 ], [ 77.42363509960488, 12.849043099961568 ], [ 77.422726499955132, 12.847060200013965 ] ] } },
{ "type": "Feature", "properties": { "OBJECTID": 76090, "SegmentID": 176090 }, "geometry": { "type": "LineString", "coordinates": [ [ 77.558456630986669, 12.849403570194005 ], [ 77.558032799644948, 12.849544499579372 ], [ 77.557215599901212, 12.849806799579792 ], [ 77.556407299605922, 12.850126099711776 ], [ 77.556257399759062, 12.850185299751468 ], [ 77.555764899789878, 12.850321999935598 ], [ 77.555302600235962, 12.850460299731939 ], [ 77.554828099723139, 12.850611799803564 ], [ 77.554121599577812, 12.850781299702334 ], [ 77.553585200139935, 12.850890300410525 ], [ 77.553039800249991, 12.850980799736385 ], [ 77.552571700412244, 12.851074500423913 ], [ 77.552392096896384, 12.85110169844595 ] ] } },
{ "type": "Feature", "properties": { "OBJECTID": 76374, "SegmentID": 176374 }, "geometry": { "type": "LineString", "coordinates": [ [ 77.67013769975847, 12.848578500179922 ], [ 77.669955999672595, 12.848814300438546 ] ] } },
{ "type": "Feature", "properties": { "OBJECTID": 76579, "SegmentID": 176579 }, "geometry": { "type": "LineString", "coordinates": [ [ 77.669955999672595, 12.848814300438546 ], [ 77.669535199618679, 12.849360400289175 ] ] } },
{ "type": "Feature", "properties": { "OBJECTID": 76956, "SegmentID": 176956 }, "geometry": { "type": "LineString", "coordinates": [ [ 77.588330615918977, 12.85005151077552 ], [ 77.587957600038109, 12.85007660011417 ], [ 77.586342199743015, 12.850176800269786 ], [ 77.584476499625396, 12.850305099790816 ] ] } },
{ "type": "Feature", "properties": { "OBJECTID": 76978, "SegmentID": 176978 }, "geometry": { "type": "LineString", "coordinates": [ [ 77.424955100284208, 12.851633799842558 ], [ 77.424721500113108, 12.851233100367583 ], [ 77.424298499948193, 12.850507900224128 ] ] } },
{ "type": "Feature", "properties": { "OBJECTID": 77053, "SegmentID": 177053 }, "geometry": { "type": "LineString", "coordinates": [ [ 77.669535199618679, 12.849360400289175 ], [ 77.669379200356488, 12.849562799723596 ] ] } },
{ "type": "Feature", "properties": { "OBJECTID": 77056, "SegmentID": 177056 }, "geometry": { "type": "LineString", "coordinates": [ [ 77.425015075913663, 12.851737844670671 ], [ 77.424955100284208, 12.851633799842558 ] ] } },
{ "type": "Feature", "properties": { "OBJECTID": 77131, "SegmentID": 177131 }, "geometry": { "type": "LineString", "coordinates": [ [ 77.584476499625396, 12.850305099790816 ], [ 77.584204200014796, 12.850323800024489 ], [ 77.583959900279467, 12.850329600350706 ] ] } },
{ "type": "Feature", "properties": { "OBJECTID": 77157, "SegmentID": 177157 }, "geometry": { "type": "LineString", "coordinates": [ [ 77.583959900279467, 12.850329600350706 ], [ 77.583688700304435, 12.850344200223242 ], [ 77.582659300096125, 12.850374800007389 ], [ 77.582331841863933, 12.850405302768214 ] ] } },
{ "type": "Feature", "properties": { "OBJECTID": 77208, "SegmentID": 177208 }, "geometry": { "type": "LineString", "coordinates": [ [ 77.582331841863933, 12.850405302768214 ], [ 77.580794500335443, 12.850548500403825 ], [ 77.580149399893571, 12.850550899750846 ], [ 77.579668900258255, 12.850520500188487 ], [ 77.57934740026684, 12.850496300015218 ], [ 77.579101299855907, 12.850470499993959 ], [ 77.578320100002884, 12.850334699929087 ], [ 77.577988900334333, 12.850270399667863 ], [ 77.577566500225885, 12.850156200128113 ], [ 77.576875899601916, 12.849909999701584 ], [ 77.57572189964624, 12.849518700360026 ], [ 77.574239999693802, 12.849055399750556 ], [ 77.573417100343448, 12.848835900178175 ], [ 77.571760999809001, 12.848488200038258 ] ] } },
{ "type": "Feature", "properties": { "OBJECTID": 77227, "SegmentID": 177227 }, "geometry": { "type": "LineString", "coordinates": [ [ 77.669379200356488, 12.849562799723596 ], [ 77.669128600397954, 12.849888099568812 ] ] } },
{ "type": "Feature", "properties": { "OBJECTID": 77281, "SegmentID": 177281 }, "geometry": { "type": "LineString", "coordinates": [ [ 77.425160212528112, 12.851989620180388 ], [ 77.425015075913663, 12.851737844670671 ] ] } },
{ "type": "Feature", "properties": { "OBJECTID": 77547, "SegmentID": 177547 }, "geometry": { "type": "LineString", "coordinates": [ [ 77.669128600397954, 12.849888099568812 ], [ 77.668697400197743, 12.850447599735299 ] ] } },
{ "type": "Feature", "properties": { "OBJECTID": 77587, "SegmentID": 177587 }, "geometry": { "type": "LineString", "coordinates": [ [ 77.552392096896384, 12.85110169844595 ], [ 77.551015900412906, 12.851310099612222 ], [ 77.549039799979226, 12.851571000156 ], [ 77.548408300345386, 12.851712100012145 ], [ 77.547980099642061, 12.851814700360865 ], [ 77.542465399648762, 12.853284300438098 ], [ 77.542042001553284, 12.853405201303666 ] ] } },
{ "type": "Feature", "properties": { "OBJECTID": 77631, "SegmentID": 177631 }, "geometry": { "type": "LineString", "coordinates": [ [ 77.42537114553437, 12.852355535082372 ], [ 77.425160212528112, 12.851989620180388 ] ] } },
{ "type": "Feature", "properties": { "OBJECTID": 77924, "SegmentID": 177924 }, "geometry": { "type": "LineString", "coordinates": [ [ 77.425565599939432, 12.852698399874225 ], [ 77.425510799926045, 12.852597799614946 ], [ 77.42537114553437, 12.852355535082372 ] ] } },
{ "type": "Feature", "properties": { "OBJECTID": 78005, "SegmentID": 178005 }, "geometry": { "type": "LineString", "coordinates": [ [ 77.668697400197743, 12.850447599735299 ], [ 77.668481694329216, 12.850727424380697 ] ] } },
{ "type": "Feature", "properties": { "OBJECTID": 78021, "SegmentID": 178021 }, "geometry": { "type": "LineString", "coordinates": [ [ 77.425635199848188, 12.852826099794687 ], [ 77.425565599939432, 12.852698399874225 ] ] } },
{ "type": "Feature", "properties": { "OBJECTID": 78239, "SegmentID": 178239 }, "geometry": { "type": "LineString", "coordinates": [ [ 77.592326599779398, 12.851489099630788 ], [ 77.591956200202219, 12.851106400237814 ], [ 77.591859000100001, 12.851022900343731 ], [ 77.591609899763185, 12.85088029976926 ], [ 77.591324000360984, 12.850700499906276 ], [ 77.590945399940381, 12.850506800445579 ], [ 77.590597399679112, 12.850347599748881 ], [ 77.5898756995919, 12.85012550006704 ], [ 77.589522800167103, 12.850065200062129 ], [ 77.58922669962891, 12.850035199814585 ], [ 77.588730699699312, 12.850024599932095 ], [ 77.588330615918977, 12.85005151077552 ] ] } },
{ "type": "Feature", "properties": { "OBJECTID": 78246, "SegmentID": 178246 }, "geometry": { "type": "LineString", "coordinates": [ [ 77.668481694329216, 12.850727424380697 ], [ 77.668283600004827, 12.850984400075642 ] ] } },
{ "type": "Feature", "properties": { "OBJECTID": 78531, "SegmentID": 178531 }, "geometry": { "type": "LineString", "coordinates": [ [ 77.668283600004827, 12.850984400075642 ], [ 77.667793521841389, 12.851618963135133 ] ] } },
{ "type": "Feature", "properties": { "OBJECTID": 79118, "SegmentID": 179118 }, "geometry": { "type": "LineString", "coordinates": [ [ 77.426082299770499, 12.853952699945333 ], [ 77.425855699847943, 12.853290900105101 ], [ 77.425635199848188, 12.852826099794687 ] ] } },
{ "type": "Feature", "properties": { "OBJECTID": 79130, "SegmentID": 179130 }, "geometry": { "type": "LineString", "coordinates": [ [ 77.667793521841389, 12.851618963135133 ], [ 77.66733540401718, 12.85221213971052 ] ] } },
{ "type": "Feature", "properties": { "OBJECTID": 79695, "SegmentID": 179695 }, "geometry": { "type": "LineString", "coordinates": [ [ 77.542042001553284, 12.853405201303666 ], [ 77.540605099943988, 12.853815499981986 ], [ 77.539462899671221, 12.854128300422792 ], [ 77.534781099748415, 12.855566900024481 ], [ 77.532882899650474, 12.856160800201213 ], [ 77.531356199994818, 12.856647899794927 ], [ 77.530422854826242, 12.856911330923516 ] ] } },
{ "type": "Feature", "properties": { "OBJECTID": 79725, "SegmentID": 179725 }, "geometry": { "type": "LineString", "coordinates": [ [ 77.66733540401718, 12.85221213971052 ], [ 77.667084200223371, 12.852537400398782 ] ] } },
{ "type": "Feature", "properties": { "OBJECTID": 80018, "SegmentID": 180018 }, "geometry": { "type": "LineString", "coordinates": [ [ 77.667084200223371, 12.852537400398782 ], [ 77.666506317132587, 12.853287235358273 ] ] } },
{ "type": "Feature", "properties": { "OBJECTID": 80261, "SegmentID": 180261 }, "geometry": { "type": "LineString", "coordinates": [ [ 77.597023903403212, 12.853478107195848 ], [ 77.596113199627027, 12.853447399599 ], [ 77.59565260013612, 12.853372200240054 ], [ 77.595278600188891, 12.853338299583518 ], [ 77.594739400301165, 12.853210699641945 ], [ 77.59434410017478, 12.853035599862908 ], [ 77.59405689970518, 12.852903800248159 ], [ 77.593758399685456, 12.852704200288377 ], [ 77.593629599848171, 12.852605199875972 ], [ 77.593503399768636, 12.852549900257298 ], [ 77.593313800242299, 12.852373399995949 ], [ 77.593067299588483, 12.85220180032041 ], [ 77.592792299802937, 12.851933500208915 ], [ 77.592326599779398, 12.851489099630788 ] ] } },
{ "type": "Feature", "properties": { "OBJECTID": 80273, "SegmentID": 180273 }, "geometry": { "type": "LineString", "coordinates": [ [ 77.426679613460522, 12.855125040614828 ], [ 77.426428699564255, 12.854715900364781 ], [ 77.426293499988446, 12.854449400331136 ], [ 77.426116100049072, 12.854053700214168 ], [ 77.426082299770499, 12.853952699945333 ] ] } },
{ "type": "Feature", "properties": { "OBJECTID": 80363, "SegmentID": 180363 }, "geometry": { "type": "LineString", "coordinates": [ [ 77.599869330690751, 12.853571959640577 ], [ 77.599797200211157, 12.853571600360297 ], [ 77.597023903403212, 12.853478107195848 ] ] } },
{ "type": "Feature", "properties": { "OBJECTID": 80412, "SegmentID": 180412 }, "geometry": { "type": "LineString", "coordinates": [ [ 77.426767899990764, 12.855268999918824 ], [ 77.426679613460522, 12.855125040614828 ] ] } },
{ "type": "Feature", "properties": { "OBJECTID": 80808, "SegmentID": 180808 }, "geometry": { "type": "LineString", "coordinates": [ [ 77.666506317132587, 12.853287235358273 ], [ 77.666278300360233, 12.853583100185389 ] ] } },
{ "type": "Feature", "properties": { "OBJECTID": 81043, "SegmentID": 181043 }, "geometry": { "type": "LineString", "coordinates": [ [ 77.605962122381442, 12.854101956732636 ], [ 77.605859300437587, 12.854070099598157 ], [ 77.605410200459076, 12.853980900074076 ], [ 77.605017599718707, 12.853867200319549 ], [ 77.604670900147894, 12.853794500013846 ], [ 77.604061000134365, 12.853729899742522 ], [ 77.60311929987914, 12.853685599937196 ], [ 77.599937600230007, 12.853572300252885 ], [ 77.599869330690751, 12.853571959640577 ] ] } },
{ "type": "Feature", "properties": { "OBJECTID": 81137, "SegmentID": 181137 }, "geometry": { "type": "LineString", "coordinates": [ [ 77.666278300360233, 12.853583100185389 ], [ 77.665899299602614, 12.854081399903013 ] ] } },
{ "type": "Feature", "properties": { "OBJECTID": 81574, "SegmentID": 181574 }, "geometry": { "type": "LineString", "coordinates": [ [ 77.665899299602614, 12.854081399903013 ], [ 77.665679700395117, 12.854370099905587 ], [ 77.66554755908524, 12.854534875920558 ] ] } },
{ "type": "Feature", "properties": { "OBJECTID": 81810, "SegmentID": 181810 }, "geometry": { "type": "LineString", "coordinates": [ [ 77.609629326803002, 12.854870118182983 ], [ 77.608213100304525, 12.854642999790075 ], [ 77.607615400325855, 12.854555000159856 ], [ 77.60662649999712, 12.854307800246517 ], [ 77.605962122381442, 12.854101956732636 ] ] } },
{ "type": "Feature", "properties": { "OBJECTID": 82044, "SegmentID": 182044 }, "geometry": { "type": "LineString", "coordinates": [ [ 77.66554755908524, 12.854534875920558 ], [ 77.665259000304417, 12.854894699755802 ] ] } },
{ "type": "Feature", "properties": { "OBJECTID": 82472, "SegmentID": 182472 }, "geometry": { "type": "LineString", "coordinates": [ [ 77.665259000304417, 12.854894699755802 ], [ 77.665139799860967, 12.855043400144012 ] ] } },
{ "type": "Feature", "properties": { "OBJECTID": 82620, "SegmentID": 182620 }, "geometry": { "type": "LineString", "coordinates": [ [ 77.665139799860967, 12.855043400144012 ], [ 77.664963300311541, 12.855263399561725 ], [ 77.664455400287494, 12.855851000348741 ] ] } },
{ "type": "Feature", "properties": { "OBJECTID": 82955, "SegmentID": 182955 }, "geometry": { "type": "LineString", "coordinates": [ [ 77.428551700286093, 12.85765369994567 ], [ 77.428239599620881, 12.857295300164971 ], [ 77.427765900064358, 12.856774399587428 ], [ 77.427493499810851, 12.856370300155442 ], [ 77.426767899990764, 12.855268999918824 ] ] } },
{ "type": "Feature", "properties": { "OBJECTID": 83078, "SegmentID": 183078 }, "geometry": { "type": "LineString", "coordinates": [ [ 77.428650699849243, 12.857770100327805 ], [ 77.428551700286093, 12.85765369994567 ] ] } },
{ "type": "Feature", "properties": { "OBJECTID": 83168, "SegmentID": 183168 }, "geometry": { "type": "LineString", "coordinates": [ [ 77.530422854826242, 12.856911330923516 ], [ 77.530294000121401, 12.856947699737535 ], [ 77.527859899690668, 12.857694399867906 ], [ 77.527538858366142, 12.857815387190575 ] ] } },
{ "type": "Feature", "properties": { "OBJECTID": 83304, "SegmentID": 183304 }, "geometry": { "type": "LineString", "coordinates": [ [ 77.42890739995272, 12.857995699941833 ], [ 77.428803700114656, 12.857908700295315 ], [ 77.428711900453109, 12.857818299678238 ], [ 77.428650699849243, 12.857770100327805 ] ] } },
{ "type": "Feature", "properties": { "OBJECTID": 83429, "SegmentID": 183429 }, "geometry": { "type": "LineString", "coordinates": [ [ 77.429061699790793, 12.858125199821981 ], [ 77.42890739995272, 12.857995699941833 ] ] } },
{ "type": "Feature", "properties": { "OBJECTID": 83446, "SegmentID": 183446 }, "geometry": { "type": "LineString", "coordinates": [ [ 77.664455400287494, 12.855851000348741 ], [ 77.664418599958907, 12.855893500436418 ] ] } },
{ "type": "Feature", "properties": { "OBJECTID": 83483, "SegmentID": 183483 }, "geometry": { "type": "LineString", "coordinates": [ [ 77.664418599958907, 12.855893500436418 ], [ 77.664337399604193, 12.8559874003664 ] ] } },
{ "type": "Feature", "properties": { "OBJECTID": 83554, "SegmentID": 183554 }, "geometry": { "type": "LineString", "coordinates": [ [ 77.664337399604193, 12.8559874003664 ], [ 77.664284899707127, 12.856048200111944 ] ] } },
{ "type": "Feature", "properties": { "OBJECTID": 83612, "SegmentID": 183612 }, "geometry": { "type": "LineString", "coordinates": [ [ 77.664284899707127, 12.856048200111944 ], [ 77.663778099571019, 12.856711099617018 ] ] } },
{ "type": "Feature", "properties": { "OBJECTID": 83964, "SegmentID": 183964 }, "geometry": { "type": "LineString", "coordinates": [ [ 77.527538858366142, 12.857815387190575 ], [ 77.526330400393533, 12.85827079989155 ], [ 77.525701201412403, 12.858511729818931 ], [ 77.523745199599688, 12.859260699955929 ], [ 77.522553600267457, 12.859790099822085 ], [ 77.522458399778728, 12.859853199971418 ], [ 77.522281391599307, 12.859926816719792 ] ] } },
{ "type": "Feature", "properties": { "OBJECTID": 84186, "SegmentID": 184186 }, "geometry": { "type": "LineString", "coordinates": [ [ 77.430036774629656, 12.858957350399336 ], [ 77.429752100022341, 12.858709299961021 ], [ 77.429602999568829, 12.858579400059714 ], [ 77.429314000395891, 12.858336899776978 ], [ 77.429061699790793, 12.858125199821981 ] ] } },
{ "type": "Feature", "properties": { "OBJECTID": 84198, "SegmentID": 184198 }, "geometry": { "type": "LineString", "coordinates": [ [ 77.663778099571019, 12.856711099617018 ], [ 77.663519300270934, 12.857049700188355 ], [ 77.663346200376836, 12.857268500003309 ] ] } },
{ "type": "Feature", "properties": { "OBJECTID": 84763, "SegmentID": 184763 }, "geometry": { "type": "LineString", "coordinates": [ [ 77.430653586558293, 12.859505983951149 ], [ 77.430579099935883, 12.859429900300993 ], [ 77.430036774629656, 12.858957350399336 ] ] } },
{ "type": "Feature", "properties": { "OBJECTID": 84784, "SegmentID": 184784 }, "geometry": { "type": "LineString", "coordinates": [ [ 77.663346200376836, 12.857268500003309 ], [ 77.662688134050029, 12.858100498321239 ] ] } },
{ "type": "Feature", "properties": { "OBJECTID": 84785, "SegmentID": 184785 }, "geometry": { "type": "LineString", "coordinates": [ [ 77.663346200376836, 12.857268500003309 ], [ 77.663528100321102, 12.85739560043217 ], [ 77.663735699789626, 12.8574609997245 ], [ 77.663862300337996, 12.857471299712929 ], [ 77.663954300389889, 12.857509399905235 ], [ 77.664042699558479, 12.857567399591002 ], [ 77.664105899733556, 12.857636000030604 ], [ 77.664147700251164, 12.857707300396733 ], [ 77.664174899964962, 12.857766399686811 ], [ 77.664190899922104, 12.857846699808908 ], [ 77.664185799956329, 12.857942400377823 ], [ 77.664165399702597, 12.858031600186774 ], [ 77.664134800269466, 12.858105600109949 ], [ 77.664085900056762, 12.858175299709224 ], [ 77.66401150039583, 12.85824589978416 ], [ 77.66393819988204, 12.858293799909505 ], [ 77.663846500114317, 12.858326500314604 ], [ 77.663750300408822, 12.858341200182252 ], [ 77.663638399936772, 12.858324800226391 ], [ 77.66304250018753, 12.858187299737653 ], [ 77.662905300051477, 12.858158700367001 ], [ 77.662688134050029, 12.858100498321239 ] ] } },
{ "type": "Feature", "properties": { "OBJECTID": 84827, "SegmentID": 184827 }, "geometry": { "type": "LineString", "coordinates": [ [ 77.430710998668587, 12.85956462663037 ], [ 77.430653586558293, 12.859505983951149 ] ] } },
{ "type": "Feature", "properties": { "OBJECTID": 84864, "SegmentID": 184864 }, "geometry": { "type": "LineString", "coordinates": [ [ 77.430757625165114, 12.859612252980298 ], [ 77.430710998668587, 12.85956462663037 ] ] } },
{ "type": "Feature", "properties": { "OBJECTID": 85237, "SegmentID": 185237 }, "geometry": { "type": "LineString", "coordinates": [ [ 77.431091300308964, 12.859971200333359 ], [ 77.430914900199042, 12.859772899703541 ], [ 77.430757625165114, 12.859612252980298 ] ] } },
{ "type": "Feature", "properties": { "OBJECTID": 85447, "SegmentID": 185447 }, "geometry": { "type": "LineString", "coordinates": [ [ 77.659513700103176, 12.857960599722096 ], [ 77.65894830045238, 12.858078199633923 ] ] } },
{ "type": "Feature", "properties": { "OBJECTID": 85580, "SegmentID": 185580 }, "geometry": { "type": "LineString", "coordinates": [ [ 77.65894830045238, 12.858078199633923 ], [ 77.657976251766954, 12.858313499754244 ] ] } },
{ "type": "Feature", "properties": { "OBJECTID": 85647, "SegmentID": 185647 }, "geometry": { "type": "LineString", "coordinates": [ [ 77.662688134050029, 12.858100498321239 ], [ 77.662288900390323, 12.857993500284495 ], [ 77.661919500425213, 12.857904300074809 ], [ 77.661619699642742, 12.857838399714153 ], [ 77.661218200431492, 12.857789899761372 ], [ 77.661038899801611, 12.857772899810488 ], [ 77.660839500311056, 12.85776890030354 ], [ 77.66062359972436, 12.857776899867114 ], [ 77.660445299592539, 12.857789399730802 ], [ 77.660238400101463, 12.857819599898018 ], [ 77.659837100169298, 12.857893399560636 ], [ 77.659513700103176, 12.857960599722096 ] ] } },
{ "type": "Feature", "properties": { "OBJECTID": 85648, "SegmentID": 185648 }, "geometry": { "type": "LineString", "coordinates": [ [ 77.662688134050029, 12.858100498321239 ], [ 77.662241517106153, 12.858665157815123 ] ] } },
{ "type": "Feature", "properties": { "OBJECTID": 85664, "SegmentID": 185664 }, "geometry": { "type": "LineString", "coordinates": [ [ 77.431389171077498, 12.86036388128066 ], [ 77.431091300308964, 12.859971200333359 ] ] } },
{ "type": "Feature", "properties": { "OBJECTID": 85828, "SegmentID": 185828 }, "geometry": { "type": "LineString", "coordinates": [ [ 77.657976251766954, 12.858313499754244 ], [ 77.65759989975642, 12.858404600016764 ], [ 77.655947399764869, 12.85894000018723 ], [ 77.65561159974456, 12.859054300201235 ], [ 77.654109289153723, 12.859689585800314 ] ] } },
{ "type": "Feature", "properties": { "OBJECTID": 85836, "SegmentID": 185836 }, "geometry": { "type": "LineString", "coordinates": [ [ 77.431511399609107, 12.860516300440208 ], [ 77.431414899695554, 12.860397800239253 ], [ 77.431389171077498, 12.86036388128066 ] ] } },
{ "type": "Feature", "properties": { "OBJECTID": 86088, "SegmentID": 186088 }, "geometry": { "type": "LineString", "coordinates": [ [ 77.431710999839893, 12.860759999778978 ], [ 77.431511399609107, 12.860516300440208 ] ] } },
{ "type": "Feature", "properties": { "OBJECTID": 86119, "SegmentID": 186119 }, "geometry": { "type": "LineString", "coordinates": [ [ 77.522281391599307, 12.859926816719792 ], [ 77.519768499605277, 12.860971899861713 ], [ 77.519244141185439, 12.861209316127061 ] ] } },
{ "type": "Feature", "properties": { "OBJECTID": 86167, "SegmentID": 186167 }, "geometry": { "type": "LineString", "coordinates": [ [ 77.431764398282198, 12.860823991284443 ], [ 77.431710999839893, 12.860759999778978 ] ] } },
{ "type": "Feature", "properties": { "OBJECTID": 86236, "SegmentID": 186236 }, "geometry": { "type": "LineString", "coordinates": [ [ 77.662241517106153, 12.858665157815123 ], [ 77.661817704731902, 12.859200895318235 ] ] } },
{ "type": "Feature", "properties": { "OBJECTID": 86709, "SegmentID": 186709 }, "geometry": { "type": "LineString", "coordinates": [ [ 77.432121189244967, 12.861251563286995 ], [ 77.431764398282198, 12.860823991284443 ] ] } },
{ "type": "Feature", "properties": { "OBJECTID": 86801, "SegmentID": 186801 }, "geometry": { "type": "LineString", "coordinates": [ [ 77.432192899571803, 12.861337499904966 ], [ 77.432121189244967, 12.861251563286995 ] ] } },
{ "type": "Feature", "properties": { "OBJECTID": 86914, "SegmentID": 186914 }, "geometry": { "type": "LineString", "coordinates": [ [ 77.661817704731902, 12.859200895318235 ], [ 77.66167359561625, 12.859383061997669 ] ] } },
{ "type": "Feature", "properties": { "OBJECTID": 86929, "SegmentID": 186929 }, "geometry": { "type": "LineString", "coordinates": [ [ 77.432281327246926, 12.861443437631626 ], [ 77.432192899571803, 12.861337499904966 ] ] } },
{ "type": "Feature", "properties": { "OBJECTID": 87096, "SegmentID": 187096 }, "geometry": { "type": "LineString", "coordinates": [ [ 77.66167359561625, 12.859383061997669 ], [ 77.661297800291024, 12.859858100208053 ] ] } },
{ "type": "Feature", "properties": { "OBJECTID": 87338, "SegmentID": 187338 }, "geometry": { "type": "LineString", "coordinates": [ [ 77.654109289153723, 12.859689585800314 ], [ 77.653924800166649, 12.859767600144885 ], [ 77.650573600417204, 12.8613100000667 ], [ 77.649505399713149, 12.861823100089319 ], [ 77.648496075096944, 12.862331672774728 ] ] } },
{ "type": "Feature", "properties": { "OBJECTID": 87458, "SegmentID": 187458 }, "geometry": { "type": "LineString", "coordinates": [ [ 77.432695900020974, 12.861940100328544 ], [ 77.432281327246926, 12.861443437631626 ] ] } },
{ "type": "Feature", "properties": { "OBJECTID": 87496, "SegmentID": 187496 }, "geometry": { "type": "LineString", "coordinates": [ [ 77.432723200568674, 12.861972831714473 ], [ 77.432695900020974, 12.861940100328544 ] ] } },
{ "type": "Feature", "properties": { "OBJECTID": 87536, "SegmentID": 187536 }, "geometry": { "type": "LineString", "coordinates": [ [ 77.519244141185439, 12.861209316127061 ], [ 77.518727799977185, 12.861443100162266 ], [ 77.518292319680185, 12.86160823200499 ] ] } },
{ "type": "Feature", "properties": { "OBJECTID": 87602, "SegmentID": 187602 }, "geometry": { "type": "LineString", "coordinates": [ [ 77.661297800291024, 12.859858100208053 ], [ 77.660823100102888, 12.860458200046699 ], [ 77.660712699901524, 12.860607699869616 ] ] } },
{ "type": "Feature", "properties": { "OBJECTID": 87986, "SegmentID": 187986 }, "geometry": { "type": "LineString", "coordinates": [ [ 77.518292319680185, 12.86160823200499 ], [ 77.514781999825942, 12.862939300271538 ], [ 77.513082500206153, 12.863650499590603 ], [ 77.511656799926868, 12.864238599686784 ], [ 77.511314655210711, 12.86437528596325 ] ] } },
{ "type": "Feature", "properties": { "OBJECTID": 88307, "SegmentID": 188307 }, "geometry": { "type": "LineString", "coordinates": [ [ 77.433362200325163, 12.862729499827131 ], [ 77.432827099805763, 12.862097400313191 ], [ 77.432723200568674, 12.861972831714473 ] ] } },
{ "type": "Feature", "properties": { "OBJECTID": 88420, "SegmentID": 188420 }, "geometry": { "type": "LineString", "coordinates": [ [ 77.660712699901524, 12.860607699869616 ], [ 77.660474232274694, 12.860899576575163 ] ] } },
{ "type": "Feature", "properties": { "OBJECTID": 88453, "SegmentID": 188453 }, "geometry": { "type": "LineString", "coordinates": [ [ 77.433456699963841, 12.862847700410025 ], [ 77.433362200325163, 12.862729499827131 ] ] } },
{ "type": "Feature", "properties": { "OBJECTID": 88529, "SegmentID": 188529 }, "geometry": { "type": "LineString", "coordinates": [ [ 77.433494700370019, 12.862895300428345 ], [ 77.433456699963841, 12.862847700410025 ] ] } },
{ "type": "Feature", "properties": { "OBJECTID": 88664, "SegmentID": 188664 }, "geometry": { "type": "LineString", "coordinates": [ [ 77.433571888062545, 12.86299191159719 ], [ 77.433494700370019, 12.862895300428345 ] ] } },
{ "type": "Feature", "properties": { "OBJECTID": 88796, "SegmentID": 188796 }, "geometry": { "type": "LineString", "coordinates": [ [ 77.660474232274694, 12.860899576575163 ], [ 77.660349350535469, 12.86105242762811 ] ] } },
{ "type": "Feature", "properties": { "OBJECTID": 88822, "SegmentID": 188822 }, "geometry": { "type": "LineString", "coordinates": [ [ 77.433677899829505, 12.863124600101633 ], [ 77.433571888062545, 12.86299191159719 ] ] } },
{ "type": "Feature", "properties": { "OBJECTID": 89005, "SegmentID": 189005 }, "geometry": { "type": "LineString", "coordinates": [ [ 77.660349350535469, 12.86105242762811 ], [ 77.660042500130714, 12.861428000392724 ] ] } },
{ "type": "Feature", "properties": { "OBJECTID": 89031, "SegmentID": 189031 }, "geometry": { "type": "LineString", "coordinates": [ [ 77.433805913678057, 12.863280565508013 ], [ 77.433677899829505, 12.863124600101633 ] ] } },
{ "type": "Feature", "properties": { "OBJECTID": 89042, "SegmentID": 189042 }, "geometry": { "type": "LineString", "coordinates": [ [ 77.433813000406445, 12.863289199913835 ], [ 77.433805913678057, 12.863280565508013 ] ] } },
{ "type": "Feature", "properties": { "OBJECTID": 89318, "SegmentID": 189318 }, "geometry": { "type": "LineString", "coordinates": [ [ 77.433973853660817, 12.863476086703207 ], [ 77.433813000406445, 12.863289199913835 ] ] } },
{ "type": "Feature", "properties": { "OBJECTID": 89421, "SegmentID": 189421 }, "geometry": { "type": "LineString", "coordinates": [ [ 77.434041000406452, 12.86355410024469 ], [ 77.433973853660817, 12.863476086703207 ] ] } },
{ "type": "Feature", "properties": { "OBJECTID": 89503, "SegmentID": 189503 }, "geometry": { "type": "LineString", "coordinates": [ [ 77.660042500130714, 12.861428000392724 ], [ 77.659548821115564, 12.862046864503377 ] ] } },
{ "type": "Feature", "properties": { "OBJECTID": 89571, "SegmentID": 189571 }, "geometry": { "type": "LineString", "coordinates": [ [ 77.434135853133839, 12.863669026372184 ], [ 77.434041000406452, 12.86355410024469 ] ] } },
{ "type": "Feature", "properties": { "OBJECTID": 89878, "SegmentID": 189878 }, "geometry": { "type": "LineString", "coordinates": [ [ 77.434334450960606, 12.86390965104002 ], [ 77.434135853133839, 12.863669026372184 ] ] } },
{ "type": "Feature", "properties": { "OBJECTID": 90196, "SegmentID": 190196 }, "geometry": { "type": "LineString", "coordinates": [ [ 77.434544809008102, 12.864139381602696 ], [ 77.434397299591268, 12.863985799699762 ], [ 77.434334450960606, 12.86390965104002 ] ] } },
{ "type": "Feature", "properties": { "OBJECTID": 90308, "SegmentID": 190308 }, "geometry": { "type": "LineString", "coordinates": [ [ 77.659548821115564, 12.862046864503377 ], [ 77.659140199580918, 12.862559099931323 ], [ 77.659085300331668, 12.862628800224689 ] ] } },
{ "type": "Feature", "properties": { "OBJECTID": 90484, "SegmentID": 190484 }, "geometry": { "type": "LineString", "coordinates": [ [ 77.623000991837031, 12.862530290686884 ], [ 77.62224700031868, 12.862074100253743 ], [ 77.621227299857551, 12.861434599803944 ], [ 77.620744200154292, 12.861123300153931 ], [ 77.620377799987295, 12.860854099774404 ], [ 77.619044399974896, 12.859772699809158 ], [ 77.618268700312044, 12.859169100295263 ], [ 77.616982899981778, 12.858147999972472 ], [ 77.616296000351326, 12.857612400029046 ], [ 77.615709799715034, 12.85719400043299 ], [ 77.615512399813781, 12.85707460021889 ], [ 77.615031200108163, 12.856774299917545 ], [ 77.614571600032335, 12.856537600410782 ], [ 77.614076799713018, 12.856273299638865 ], [ 77.612992200269645, 12.855779799850906 ], [ 77.612333600267121, 12.855542600163128 ], [ 77.611147800315592, 12.855156300371936 ], [ 77.610786100442795, 12.855070599698788 ], [ 77.610373100282146, 12.85499510015419 ], [ 77.609866799882582, 12.854908200101157 ], [ 77.609629326803002, 12.854870118182983 ] ] } },
{ "type": "Feature", "properties": { "OBJECTID": 90544, "SegmentID": 190544 }, "geometry": { "type": "LineString", "coordinates": [ [ 77.648496075096944, 12.862331672774728 ], [ 77.644054700033578, 12.864569499976046 ], [ 77.643892091492717, 12.864642998329403 ] ] } },
{ "type": "Feature", "properties": { "OBJECTID": 90939, "SegmentID": 190939 }, "geometry": { "type": "LineString", "coordinates": [ [ 77.43518100002575, 12.864783799979335 ], [ 77.434883200382274, 12.864491699602288 ], [ 77.434544809008102, 12.864139381602696 ] ] } },
{ "type": "Feature", "properties": { "OBJECTID": 90973, "SegmentID": 190973 }, "geometry": { "type": "LineString", "coordinates": [ [ 77.659085300331668, 12.862628800224689 ], [ 77.65903531481743, 12.862692181083592 ] ] } },
{ "type": "Feature", "properties": { "OBJECTID": 91048, "SegmentID": 191048 }, "geometry": { "type": "LineString", "coordinates": [ [ 77.65903531481743, 12.862692181083592 ], [ 77.65872259976436, 12.863088699959892 ], [ 77.65869254178989, 12.863128467990807 ], [ 77.658037800446721, 12.863994700307245 ], [ 77.657776907568163, 12.864321221676592 ] ] } },
{ "type": "Feature", "properties": { "OBJECTID": 91264, "SegmentID": 191264 }, "geometry": { "type": "LineString", "coordinates": [ [ 77.511314655210711, 12.86437528596325 ], [ 77.511099599697133, 12.864461200439695 ], [ 77.509896300212532, 12.865018099901324 ], [ 77.509453000415661, 12.865272199624732 ], [ 77.508823199832776, 12.865676200280401 ], [ 77.507114399877864, 12.866804000021512 ], [ 77.506618299888345, 12.867165300355653 ], [ 77.505945900028863, 12.867603699885438 ], [ 77.505153400330968, 12.868218400002357 ], [ 77.50412370026767, 12.868869699999191 ], [ 77.500662999873455, 12.871201700123503 ], [ 77.49947529984415, 12.872038999573077 ], [ 77.498036900111131, 12.873007700312611 ], [ 77.497745599701176, 12.873318899987174 ], [ 77.497587800330734, 12.873503000441907 ], [ 77.497313099824268, 12.873796900306957 ], [ 77.497131499666239, 12.874001599661806 ], [ 77.496973300100493, 12.874264399620388 ], [ 77.496798499739171, 12.87457319966464 ], [ 77.496701399748162, 12.874813499972715 ], [ 77.496613151897293, 12.875011729250909 ] ] } },
{ "type": "Feature", "properties": { "OBJECTID": 91442, "SegmentID": 191442 }, "geometry": { "type": "LineString", "coordinates": [ [ 77.435589659814852, 12.865268970100075 ], [ 77.43518100002575, 12.864783799979335 ] ] } },
{ "type": "Feature", "properties": { "OBJECTID": 91640, "SegmentID": 191640 }, "geometry": { "type": "LineString", "coordinates": [ [ 77.435759360969683, 12.86547044298803 ], [ 77.435589659814852, 12.865268970100075 ] ] } },
{ "type": "Feature", "properties": { "OBJECTID": 92088, "SegmentID": 192088 }, "geometry": { "type": "LineString", "coordinates": [ [ 77.625383126942907, 12.864043848249606 ], [ 77.623160999775195, 12.862627100203998 ], [ 77.623000991837031, 12.862530290686884 ] ] } },
{ "type": "Feature", "properties": { "OBJECTID": 92743, "SegmentID": 192743 }, "geometry": { "type": "LineString", "coordinates": [ [ 77.657776907568163, 12.864321221676592 ], [ 77.657586999832361, 12.864558900168614 ] ] } },
{ "type": "Feature", "properties": { "OBJECTID": 92948, "SegmentID": 192948 }, "geometry": { "type": "LineString", "coordinates": [ [ 77.643892091492717, 12.864642998329403 ], [ 77.642340300101438, 12.865344400122799 ], [ 77.641558199751131, 12.865643399835633 ], [ 77.641277700421455, 12.865767000188251 ], [ 77.639248699809642, 12.866295099765589 ], [ 77.638749400145471, 12.866394900135745 ], [ 77.638398200144408, 12.866497600089367 ], [ 77.638285930250319, 12.866516356858561 ] ] } },
{ "type": "Feature", "properties": { "OBJECTID": 93025, "SegmentID": 193025 }, "geometry": { "type": "LineString", "coordinates": [ [ 77.657586999832361, 12.864558900168614 ], [ 77.656975099914533, 12.865332699928647 ] ] } },
{ "type": "Feature", "properties": { "OBJECTID": 93452, "SegmentID": 193452 }, "geometry": { "type": "LineString", "coordinates": [ [ 77.437101996038422, 12.86704941658787 ], [ 77.437048699923992, 12.866947400253284 ], [ 77.436716900191058, 12.866530700122079 ], [ 77.436371599674288, 12.866197300214454 ], [ 77.435759360969683, 12.86547044298803 ] ] } },
{ "type": "Feature", "properties": { "OBJECTID": 93504, "SegmentID": 193504 }, "geometry": { "type": "LineString", "coordinates": [ [ 77.437129214087932, 12.867101513633417 ], [ 77.437101996038422, 12.86704941658787 ] ] } },
{ "type": "Feature", "properties": { "OBJECTID": 93929, "SegmentID": 193929 }, "geometry": { "type": "LineString", "coordinates": [ [ 77.656975099914533, 12.865332699928647 ], [ 77.656570884607532, 12.865845394423369 ] ] } },
{ "type": "Feature", "properties": { "OBJECTID": 94302, "SegmentID": 194302 }, "geometry": { "type": "LineString", "coordinates": [ [ 77.629127698710278, 12.865972957203695 ], [ 77.628247199597439, 12.865618399840363 ], [ 77.627604200080015, 12.86534940042727 ], [ 77.627150399788931, 12.865103400048799 ], [ 77.626638499719689, 12.864838199716541 ], [ 77.626052799686221, 12.864470800157624 ], [ 77.625383126942907, 12.864043848249606 ] ] } },
{ "type": "Feature", "properties": { "OBJECTID": 94513, "SegmentID": 194513 }, "geometry": { "type": "LineString", "coordinates": [ [ 77.656570884607532, 12.865845394423369 ], [ 77.655928794359554, 12.866659797748518 ] ] } },
{ "type": "Feature", "properties": { "OBJECTID": 95025, "SegmentID": 195025 }, "geometry": { "type": "LineString", "coordinates": [ [ 77.638285930250319, 12.866516356858561 ], [ 77.637727200014552, 12.866609699899893 ], [ 77.637303199796619, 12.866688499738299 ], [ 77.636289499794827, 12.866823400365016 ], [ 77.635351999776532, 12.866876900383716 ], [ 77.634356399807288, 12.866923600290592 ], [ 77.6341806080937, 12.866914346681639 ] ] } },
{ "type": "Feature", "properties": { "OBJECTID": 95350, "SegmentID": 195350 }, "geometry": { "type": "LineString", "coordinates": [ [ 77.655928794359554, 12.866659797748518 ], [ 77.655778277779589, 12.866850706578736 ] ] } },
{ "type": "Feature", "properties": { "OBJECTID": 95400, "SegmentID": 195400 }, "geometry": { "type": "LineString", "coordinates": [ [ 77.6341806080937, 12.866914346681639 ], [ 77.633212799945696, 12.86686340008472 ], [ 77.632051699662455, 12.866721699951858 ], [ 77.631779899671145, 12.866679999736009 ], [ 77.631052100028995, 12.866537700298334 ], [ 77.629971799930516, 12.866278200216243 ], [ 77.629337900277775, 12.866057599924899 ], [ 77.629127698710278, 12.865972957203695 ] ] } },
{ "type": "Feature", "properties": { "OBJECTID": 95451, "SegmentID": 195451 }, "geometry": { "type": "LineString", "coordinates": [ [ 77.437898126213284, 12.868860537948466 ], [ 77.437823300374546, 12.868725300308794 ], [ 77.437700699764534, 12.868479099839254 ], [ 77.437404499895749, 12.867699899968546 ], [ 77.4372967996824, 12.867443199674304 ], [ 77.437252500124572, 12.867337500042352 ], [ 77.437129214087932, 12.867101513633417 ] ] } },
{ "type": "Feature", "properties": { "OBJECTID": 95571, "SegmentID": 195571 }, "geometry": { "type": "LineString", "coordinates": [ [ 77.655778277779589, 12.866850706578736 ], [ 77.655749900128555, 12.866886700160524 ], [ 77.655488400242049, 12.867212600385688 ] ] } },
{ "type": "Feature", "properties": { "OBJECTID": 95958, "SegmentID": 195958 }, "geometry": { "type": "LineString", "coordinates": [ [ 77.438063240238691, 12.869274577041624 ], [ 77.437915700429514, 12.868892300077581 ], [ 77.437898126213284, 12.868860537948466 ] ] } },
{ "type": "Feature", "properties": { "OBJECTID": 96024, "SegmentID": 196024 }, "geometry": { "type": "LineString", "coordinates": [ [ 77.655488400242049, 12.867212600385688 ], [ 77.655437100062443, 12.86727660037856 ] ] } },
{ "type": "Feature", "properties": { "OBJECTID": 96090, "SegmentID": 196090 }, "geometry": { "type": "LineString", "coordinates": [ [ 77.655437100062443, 12.86727660037856 ], [ 77.655219527427164, 12.867547630863699 ] ] } },
{ "type": "Feature", "properties": { "OBJECTID": 96452, "SegmentID": 196452 }, "geometry": { "type": "LineString", "coordinates": [ [ 77.655219527427164, 12.867547630863699 ], [ 77.65517539972501, 12.867602600030963 ], [ 77.65447429979406, 12.868454400261848 ] ] } },
{ "type": "Feature", "properties": { "OBJECTID": 96904, "SegmentID": 196904 }, "geometry": { "type": "LineString", "coordinates": [ [ 77.438352199763358, 12.870036999952028 ], [ 77.438267000446984, 12.869819600056482 ], [ 77.438168999929658, 12.869548600251735 ], [ 77.438063240238691, 12.869274577041624 ] ] } },
{ "type": "Feature", "properties": { "OBJECTID": 97513, "SegmentID": 197513 }, "geometry": { "type": "LineString", "coordinates": [ [ 77.65447429979406, 12.868454400261848 ], [ 77.654326200325912, 12.868634399974098 ] ] } },
{ "type": "Feature", "properties": { "OBJECTID": 97525, "SegmentID": 197525 }, "geometry": { "type": "LineString", "coordinates": [ [ 77.438591900435512, 12.870558100235478 ], [ 77.438352199763358, 12.870036999952028 ] ] } },
{ "type": "Feature", "properties": { "OBJECTID": 97770, "SegmentID": 197770 }, "geometry": { "type": "LineString", "coordinates": [ [ 77.654326200325912, 12.868634399974098 ], [ 77.65417179963427, 12.868821999642229 ] ] } },
{ "type": "Feature", "properties": { "OBJECTID": 97986, "SegmentID": 197986 }, "geometry": { "type": "LineString", "coordinates": [ [ 77.65417179963427, 12.868821999642229 ], [ 77.654027792836175, 12.868996944829162 ] ] } },
{ "type": "Feature", "properties": { "OBJECTID": 98233, "SegmentID": 198233 }, "geometry": { "type": "LineString", "coordinates": [ [ 77.654027792836175, 12.868996944829162 ], [ 77.653885999639741, 12.869169199806175 ] ] } },
{ "type": "Feature", "properties": { "OBJECTID": 98450, "SegmentID": 198450 }, "geometry": { "type": "LineString", "coordinates": [ [ 77.653885999639741, 12.869169199806175 ], [ 77.653534399802552, 12.869596299952306 ] ] } },
{ "type": "Feature", "properties": { "OBJECTID": 98967, "SegmentID": 198967 }, "geometry": { "type": "LineString", "coordinates": [ [ 77.653534399802552, 12.869596299952306 ], [ 77.653381100299853, 12.869782599956343 ] ] } },
{ "type": "Feature", "properties": { "OBJECTID": 99218, "SegmentID": 199218 }, "geometry": { "type": "LineString", "coordinates": [ [ 77.653381100299853, 12.869782599956343 ], [ 77.653301899841267, 12.869872200108068 ], [ 77.652587102874264, 12.870815982389164 ] ] } },
{ "type": "Feature", "properties": { "OBJECTID": 99606, "SegmentID": 199606 }, "geometry": { "type": "LineString", "coordinates": [ [ 77.439381497243843, 12.872183648349063 ], [ 77.438894700275384, 12.871216499845168 ], [ 77.438591900435512, 12.870558100235478 ] ] } },
{ "type": "Feature", "properties": { "OBJECTID": 99617, "SegmentID": 199617 }, "geometry": { "type": "LineString", "coordinates": [ [ 77.439383799578152, 12.872186600452942 ], [ 77.439381497243843, 12.872183648349063 ] ] } },
{ "type": "Feature", "properties": { "OBJECTID": 99957, "SegmentID": 199957 }, "geometry": { "type": "LineString", "coordinates": [ [ 77.439632799842471, 12.872501399898432 ], [ 77.439383799578152, 12.872186600452942 ] ] } },
{ "type": "Feature", "properties": { "OBJECTID": 100483, "SegmentID": 200483 }, "geometry": { "type": "LineString", "coordinates": [ [ 77.652587102874264, 12.870815982389164 ], [ 77.65257077299519, 12.870837543907498 ] ] } },
{ "type": "Feature", "properties": { "OBJECTID": 100521, "SegmentID": 200521 }, "geometry": { "type": "LineString", "coordinates": [ [ 77.65257077299519, 12.870837543907498 ], [ 77.652429531793643, 12.871024031381333 ] ] } },
{ "type": "Feature", "properties": { "OBJECTID": 100544, "SegmentID": 200544 }, "geometry": { "type": "LineString", "coordinates": [ [ 77.440042200229186, 12.872918100380749 ], [ 77.439944800018566, 12.872824299733169 ], [ 77.439655100385636, 12.87252950004553 ], [ 77.439632799842471, 12.872501399898432 ] ] } },
{ "type": "Feature", "properties": { "OBJECTID": 100810, "SegmentID": 200810 }, "geometry": { "type": "LineString", "coordinates": [ [ 77.652429531793643, 12.871024031381333 ], [ 77.652411970392791, 12.871047217936262 ] ] } },
{ "type": "Feature", "properties": { "OBJECTID": 100831, "SegmentID": 200831 }, "geometry": { "type": "LineString", "coordinates": [ [ 77.652411970392791, 12.871047217936262 ], [ 77.652103200116997, 12.87145490020125 ] ] } },
{ "type": "Feature", "properties": { "OBJECTID": 100894, "SegmentID": 200894 }, "geometry": { "type": "LineString", "coordinates": [ [ 77.440360000334223, 12.873165800160786 ], [ 77.440300299946898, 12.873126599784444 ], [ 77.440090800386713, 12.872964899969173 ], [ 77.440042200229186, 12.872918100380749 ] ] } },
{ "type": "Feature", "properties": { "OBJECTID": 101362, "SegmentID": 201362 }, "geometry": { "type": "LineString", "coordinates": [ [ 77.652103200116997, 12.87145490020125 ], [ 77.651963455644506, 12.871639477956101 ] ] } },
{ "type": "Feature", "properties": { "OBJECTID": 101572, "SegmentID": 201572 }, "geometry": { "type": "LineString", "coordinates": [ [ 77.651963455644506, 12.871639477956101 ], [ 77.651796799879961, 12.871859599640491 ] ] } },
{ "type": "Feature", "properties": { "OBJECTID": 101912, "SegmentID": 201912 }, "geometry": { "type": "LineString", "coordinates": [ [ 77.651796799879961, 12.871859599640491 ], [ 77.651773936220593, 12.871889768945147 ] ] } },
{ "type": "Feature", "properties": { "OBJECTID": 101941, "SegmentID": 201941 }, "geometry": { "type": "LineString", "coordinates": [ [ 77.651773936220593, 12.871889768945147 ], [ 77.651652199711563, 12.872050400315453 ], [ 77.651500900160698, 12.872241600310124 ] ] } },
{ "type": "Feature", "properties": { "OBJECTID": 102342, "SegmentID": 202342 }, "geometry": { "type": "LineString", "coordinates": [ [ 77.651500900160698, 12.872241600310124 ], [ 77.651180200002401, 12.872646999705642 ] ] } },
{ "type": "Feature", "properties": { "OBJECTID": 102375, "SegmentID": 202375 }, "geometry": { "type": "LineString", "coordinates": [ [ 77.441972800241189, 12.87431089983842 ], [ 77.441791399977859, 12.874158500101936 ], [ 77.441383700261866, 12.873807799728636 ], [ 77.441166999590621, 12.873669399837318 ], [ 77.440500699617374, 12.873258000029844 ], [ 77.440360000334223, 12.873165800160786 ] ] } },
{ "type": "Feature", "properties": { "OBJECTID": 102910, "SegmentID": 202910 }, "geometry": { "type": "LineString", "coordinates": [ [ 77.651180200002401, 12.872646999705642 ], [ 77.651046700242389, 12.872819599920346 ] ] } },
{ "type": "Feature", "properties": { "OBJECTID": 103150, "SegmentID": 203150 }, "geometry": { "type": "LineString", "coordinates": [ [ 77.651046700242389, 12.872819599920346 ], [ 77.650955464866627, 12.872940179013803 ] ] } },
{ "type": "Feature", "properties": { "OBJECTID": 103285, "SegmentID": 203285 }, "geometry": { "type": "LineString", "coordinates": [ [ 77.650955464866627, 12.872940179013803 ], [ 77.650889999855337, 12.873026700073158 ] ] } },
{ "type": "Feature", "properties": { "OBJECTID": 103422, "SegmentID": 203422 }, "geometry": { "type": "LineString", "coordinates": [ [ 77.650889999855337, 12.873026700073158 ], [ 77.650804900171835, 12.873139099966995 ], [ 77.650566255984131, 12.873410073276888 ] ] } },
{ "type": "Feature", "properties": { "OBJECTID": 103909, "SegmentID": 203909 }, "geometry": { "type": "LineString", "coordinates": [ [ 77.650566255984131, 12.873410073276888 ], [ 77.650507329410544, 12.873476982989743 ] ] } },
{ "type": "Feature", "properties": { "OBJECTID": 103989, "SegmentID": 203989 }, "geometry": { "type": "LineString", "coordinates": [ [ 77.650507329410544, 12.873476982989743 ], [ 77.650361999683156, 12.873642000307884 ], [ 77.649785199842668, 12.874283300345041 ] ] } },
{ "type": "Feature", "properties": { "OBJECTID": 104010, "SegmentID": 204010 }, "geometry": { "type": "LineString", "coordinates": [ [ 77.496613151897293, 12.875011729250909 ], [ 77.496333100066082, 12.875640800258202 ], [ 77.495488999936441, 12.877673600130526 ], [ 77.495265400381726, 12.878226499778854 ], [ 77.495146999815759, 12.878567899795293 ], [ 77.495060099689965, 12.878776800021742 ], [ 77.494971499702203, 12.878990100234548 ], [ 77.494661400301553, 12.879463700405818 ], [ 77.494292600177232, 12.879972199971167 ], [ 77.494018799820353, 12.880234500382929 ], [ 77.493841000242625, 12.880435499632112 ], [ 77.493600400273621, 12.880653600348332 ], [ 77.493367699826948, 12.880834400422343 ], [ 77.493283499778087, 12.880908999587334 ], [ 77.493207500240004, 12.880976400125244 ], [ 77.491359699804349, 12.882414600206292 ], [ 77.49057060011333, 12.88303410010333 ], [ 77.490251775028511, 12.883275990413427 ] ] } },
{ "type": "Feature", "properties": { "OBJECTID": 104507, "SegmentID": 204507 }, "geometry": { "type": "LineString", "coordinates": [ [ 77.443690299997485, 12.875872800049649 ], [ 77.443144700093796, 12.875406100286204 ], [ 77.441972800241189, 12.87431089983842 ] ] } },
{ "type": "Feature", "properties": { "OBJECTID": 105103, "SegmentID": 205103 }, "geometry": { "type": "LineString", "coordinates": [ [ 77.649785199842668, 12.874283300345041 ], [ 77.649373399635991, 12.874741199992785 ] ] } },
{ "type": "Feature", "properties": { "OBJECTID": 105370, "SegmentID": 205370 }, "geometry": { "type": "LineString", "coordinates": [ [ 77.444253451209391, 12.876503137142176 ], [ 77.444234699907071, 12.876473600325001 ], [ 77.444055400230511, 12.876281499844866 ], [ 77.443875200350277, 12.876066999937068 ], [ 77.443690299997485, 12.875872800049649 ] ] } },
{ "type": "Feature", "properties": { "OBJECTID": 105504, "SegmentID": 205504 }, "geometry": { "type": "LineString", "coordinates": [ [ 77.444322614067914, 12.876612078595564 ], [ 77.444253451209391, 12.876503137142176 ] ] } },
{ "type": "Feature", "properties": { "OBJECTID": 105680, "SegmentID": 205680 }, "geometry": { "type": "LineString", "coordinates": [ [ 77.649373399635991, 12.874741199992785 ], [ 77.64914429964432, 12.874995899637272 ] ] } },
{ "type": "Feature", "properties": { "OBJECTID": 105718, "SegmentID": 205718 }, "geometry": { "type": "LineString", "coordinates": [ [ 77.44442230007401, 12.876769100406204 ], [ 77.444322614067914, 12.876612078595564 ] ] } },
{ "type": "Feature", "properties": { "OBJECTID": 106031, "SegmentID": 206031 }, "geometry": { "type": "LineString", "coordinates": [ [ 77.64914429964432, 12.874995899637272 ], [ 77.649114300272075, 12.87502740033919 ] ] } },
{ "type": "Feature", "properties": { "OBJECTID": 106069, "SegmentID": 206069 }, "geometry": { "type": "LineString", "coordinates": [ [ 77.649114300272075, 12.87502740033919 ], [ 77.648849543576119, 12.875305865890812 ] ] } },
{ "type": "Feature", "properties": { "OBJECTID": 106382, "SegmentID": 206382 }, "geometry": { "type": "LineString", "coordinates": [ [ 77.648849543576119, 12.875305865890812 ], [ 77.648710877717491, 12.875451712780732 ] ] } },
{ "type": "Feature", "properties": { "OBJECTID": 106593, "SegmentID": 206593 }, "geometry": { "type": "LineString", "coordinates": [ [ 77.648710877717491, 12.875451712780732 ], [ 77.648699099998041, 12.875464100130017 ], [ 77.648668599902635, 12.875500800439619 ] ] } },
{ "type": "Feature", "properties": { "OBJECTID": 106644, "SegmentID": 206644 }, "geometry": { "type": "LineString", "coordinates": [ [ 77.648668599902635, 12.875500800439619 ], [ 77.648513500176733, 12.875687399819695 ] ] } },
{ "type": "Feature", "properties": { "OBJECTID": 106925, "SegmentID": 206925 }, "geometry": { "type": "LineString", "coordinates": [ [ 77.648513500176733, 12.875687399819695 ], [ 77.648324501122673, 12.875912169320587 ] ] } },
{ "type": "Feature", "properties": { "OBJECTID": 107266, "SegmentID": 207266 }, "geometry": { "type": "LineString", "coordinates": [ [ 77.648324501122673, 12.875912169320587 ], [ 77.648176399575945, 12.876088299630014 ] ] } },
{ "type": "Feature", "properties": { "OBJECTID": 107474, "SegmentID": 207474 }, "geometry": { "type": "LineString", "coordinates": [ [ 77.648176399575945, 12.876088299630014 ], [ 77.648082499993407, 12.876197599902707 ] ] } },
{ "type": "Feature", "properties": { "OBJECTID": 107615, "SegmentID": 207615 }, "geometry": { "type": "LineString", "coordinates": [ [ 77.648082499993407, 12.876197599902707 ], [ 77.647997000145168, 12.876297100004955 ] ] } },
{ "type": "Feature", "properties": { "OBJECTID": 107751, "SegmentID": 207751 }, "geometry": { "type": "LineString", "coordinates": [ [ 77.445369053086267, 12.878260704944374 ], [ 77.44442230007401, 12.876769100406204 ] ] } },
{ "type": "Feature", "properties": { "OBJECTID": 107769, "SegmentID": 207769 }, "geometry": { "type": "LineString", "coordinates": [ [ 77.647997000145168, 12.876297100004955 ], [ 77.647875899653499, 12.876441199800084 ] ] } },
{ "type": "Feature", "properties": { "OBJECTID": 107946, "SegmentID": 207946 }, "geometry": { "type": "LineString", "coordinates": [ [ 77.445458800133608, 12.878402100164919 ], [ 77.445369053086267, 12.878260704944374 ] ] } },
{ "type": "Feature", "properties": { "OBJECTID": 107960, "SegmentID": 207960 }, "geometry": { "type": "LineString", "coordinates": [ [ 77.647875899653499, 12.876441199800084 ], [ 77.647735075584876, 12.876621272920024 ] ] } },
{ "type": "Feature", "properties": { "OBJECTID": 107979, "SegmentID": 207979 }, "geometry": { "type": "LineString", "coordinates": [ [ 77.445472500032679, 12.878437300379842 ], [ 77.445458800133608, 12.878402100164919 ] ] } },
{ "type": "Feature", "properties": { "OBJECTID": 108191, "SegmentID": 208191 }, "geometry": { "type": "LineString", "coordinates": [ [ 77.647735075584876, 12.876621272920024 ], [ 77.647551900145658, 12.876855499690633 ] ] } },
{ "type": "Feature", "properties": { "OBJECTID": 108255, "SegmentID": 208255 }, "geometry": { "type": "LineString", "coordinates": [ [ 77.445610199897757, 12.878641500444335 ], [ 77.445472500032679, 12.878437300379842 ] ] } },
{ "type": "Feature", "properties": { "OBJECTID": 108513, "SegmentID": 208513 }, "geometry": { "type": "LineString", "coordinates": [ [ 77.647551900145658, 12.876855499690633 ], [ 77.647495399544198, 12.876930499765546 ] ] } },
{ "type": "Feature", "properties": { "OBJECTID": 108618, "SegmentID": 208618 }, "geometry": { "type": "LineString", "coordinates": [ [ 77.647495399544198, 12.876930499765546 ], [ 77.647289300110259, 12.87720410003802 ] ] } },
{ "type": "Feature", "properties": { "OBJECTID": 108674, "SegmentID": 208674 }, "geometry": { "type": "LineString", "coordinates": [ [ 77.445799900363582, 12.87892720039078 ], [ 77.445610199897757, 12.878641500444335 ] ] } },
{ "type": "Feature", "properties": { "OBJECTID": 108955, "SegmentID": 208955 }, "geometry": { "type": "LineString", "coordinates": [ [ 77.445926800109433, 12.879139300368173 ], [ 77.445799900363582, 12.87892720039078 ] ] } },
{ "type": "Feature", "properties": { "OBJECTID": 108998, "SegmentID": 208998 }, "geometry": { "type": "LineString", "coordinates": [ [ 77.647289300110259, 12.87720410003802 ], [ 77.647195900252157, 12.877328000432076 ], [ 77.646993100427508, 12.877674900250698 ], [ 77.646839299555651, 12.877925700014311 ] ] } },
{ "type": "Feature", "properties": { "OBJECTID": 109629, "SegmentID": 209629 }, "geometry": { "type": "LineString", "coordinates": [ [ 77.446226837993763, 12.879606797225332 ], [ 77.445926800109433, 12.879139300368173 ] ] } },
{ "type": "Feature", "properties": { "OBJECTID": 109730, "SegmentID": 209730 }, "geometry": { "type": "LineString", "coordinates": [ [ 77.446285500296483, 12.879698199892639 ], [ 77.446226837993763, 12.879606797225332 ] ] } },
{ "type": "Feature", "properties": { "OBJECTID": 110011, "SegmentID": 210011 }, "geometry": { "type": "LineString", "coordinates": [ [ 77.646839299555651, 12.877925700014311 ], [ 77.646611699882783, 12.878297199889097 ] ] } },
{ "type": "Feature", "properties": { "OBJECTID": 110106, "SegmentID": 210106 }, "geometry": { "type": "LineString", "coordinates": [ [ 77.446429799745957, 12.879936500191974 ], [ 77.446285500296483, 12.879698199892639 ] ] } },
{ "type": "Feature", "properties": { "OBJECTID": 110511, "SegmentID": 210511 }, "geometry": { "type": "LineString", "coordinates": [ [ 77.446609927504397, 12.880215599795372 ], [ 77.446429799745957, 12.879936500191974 ] ] } },
{ "type": "Feature", "properties": { "OBJECTID": 110544, "SegmentID": 210544 }, "geometry": { "type": "LineString", "coordinates": [ [ 77.646611699882783, 12.878297199889097 ], [ 77.646405000379687, 12.878634499602819 ] ] } },
{ "type": "Feature", "properties": { "OBJECTID": 111035, "SegmentID": 211035 }, "geometry": { "type": "LineString", "coordinates": [ [ 77.446839299629758, 12.880571000399435 ], [ 77.446609927504397, 12.880215599795372 ] ] } },
{ "type": "Feature", "properties": { "OBJECTID": 111050, "SegmentID": 211050 }, "geometry": { "type": "LineString", "coordinates": [ [ 77.646405000379687, 12.878634499602819 ], [ 77.646278300180001, 12.878841200196977 ] ] } },
{ "type": "Feature", "properties": { "OBJECTID": 111331, "SegmentID": 211331 }, "geometry": { "type": "LineString", "coordinates": [ [ 77.646278300180001, 12.878841200196977 ], [ 77.64600230028104, 12.87929160013403 ] ] } },
{ "type": "Feature", "properties": { "OBJECTID": 112011, "SegmentID": 212011 }, "geometry": { "type": "LineString", "coordinates": [ [ 77.64600230028104, 12.87929160013403 ], [ 77.64580180000435, 12.879618800156409 ] ] } },
{ "type": "Feature", "properties": { "OBJECTID": 112053, "SegmentID": 212053 }, "geometry": { "type": "LineString", "coordinates": [ [ 77.447284600090455, 12.881243499999865 ], [ 77.446839299629758, 12.880571000399435 ] ] } },
{ "type": "Feature", "properties": { "OBJECTID": 112528, "SegmentID": 212528 }, "geometry": { "type": "LineString", "coordinates": [ [ 77.64580180000435, 12.879618800156409 ], [ 77.64548509967797, 12.880135399910827 ] ] } },
{ "type": "Feature", "properties": { "OBJECTID": 113302, "SegmentID": 213302 }, "geometry": { "type": "LineString", "coordinates": [ [ 77.64548509967797, 12.880135399910827 ], [ 77.645390599996261, 12.880289699893963 ] ] } },
{ "type": "Feature", "properties": { "OBJECTID": 113551, "SegmentID": 213551 }, "geometry": { "type": "LineString", "coordinates": [ [ 77.645390599996261, 12.880289699893963 ], [ 77.64460323289417, 12.881574756692734 ] ] } },
{ "type": "Feature", "properties": { "OBJECTID": 113939, "SegmentID": 213939 }, "geometry": { "type": "LineString", "coordinates": [ [ 77.447955999568208, 12.882470799552628 ], [ 77.447524899900898, 12.881689100104282 ], [ 77.447284600090455, 12.881243499999865 ] ] } },
{ "type": "Feature", "properties": { "OBJECTID": 115272, "SegmentID": 215272 }, "geometry": { "type": "LineString", "coordinates": [ [ 77.448400999756586, 12.883301699686772 ], [ 77.448316010843584, 12.883143010471974 ], [ 77.447955999568208, 12.882470799552628 ] ] } },
{ "type": "Feature", "properties": { "OBJECTID": 115539, "SegmentID": 215539 }, "geometry": { "type": "LineString", "coordinates": [ [ 77.64460323289417, 12.881574756692734 ], [ 77.644233800364105, 12.88217770043671 ] ] } },
{ "type": "Feature", "properties": { "OBJECTID": 115762, "SegmentID": 215762 }, "geometry": { "type": "LineString", "coordinates": [ [ 77.448672199976201, 12.883619499946976 ], [ 77.448400999756586, 12.883301699686772 ] ] } },
{ "type": "Feature", "properties": { "OBJECTID": 115834, "SegmentID": 215834 }, "geometry": { "type": "LineString", "coordinates": [ [ 77.490251775028511, 12.883275990413427 ], [ 77.490193899752967, 12.883319900231481 ], [ 77.48924009995298, 12.884089999954979 ], [ 77.488590400190105, 12.884604700243484 ], [ 77.487647600332778, 12.885387399913862 ], [ 77.486935799696766, 12.886021700174206 ], [ 77.485530900045347, 12.88736100015174 ], [ 77.485398300446292, 12.887506200192437 ] ] } },
{ "type": "Feature", "properties": { "OBJECTID": 116455, "SegmentID": 216455 }, "geometry": { "type": "LineString", "coordinates": [ [ 77.644233800364105, 12.88217770043671 ], [ 77.643658499680811, 12.883116600033267 ] ] } },
{ "type": "Feature", "properties": { "OBJECTID": 117993, "SegmentID": 217993 }, "geometry": { "type": "LineString", "coordinates": [ [ 77.643658499680811, 12.883116600033267 ], [ 77.643052300099626, 12.884097199848659 ], [ 77.64265890011832, 12.884707300268531 ] ] } },
{ "type": "Feature", "properties": { "OBJECTID": 118018, "SegmentID": 218018 }, "geometry": { "type": "LineString", "coordinates": [ [ 77.449586525088307, 12.885018549117598 ], [ 77.449377200101395, 12.88475350035494 ], [ 77.449217500347245, 12.884493299753073 ], [ 77.449078499732735, 12.884251099721757 ], [ 77.448833100386594, 12.883897800230599 ], [ 77.448672199976201, 12.883619499946976 ] ] } },
{ "type": "Feature", "properties": { "OBJECTID": 120016, "SegmentID": 220016 }, "geometry": { "type": "LineString", "coordinates": [ [ 77.64265890011832, 12.884707300268531 ], [ 77.642545800043649, 12.884882500064945 ] ] } },
{ "type": "Feature", "properties": { "OBJECTID": 120182, "SegmentID": 220182 }, "geometry": { "type": "LineString", "coordinates": [ [ 77.451040792357688, 12.886663663926349 ], [ 77.450552200016844, 12.88612979985831 ], [ 77.450081199870127, 12.88563479961171 ], [ 77.449817000148727, 12.885291499816249 ], [ 77.449622500018833, 12.885064100026753 ], [ 77.449586525088307, 12.885018549117598 ] ] } },
{ "type": "Feature", "properties": { "OBJECTID": 120290, "SegmentID": 220290 }, "geometry": { "type": "LineString", "coordinates": [ [ 77.451103699904152, 12.886732399850807 ], [ 77.451040792357688, 12.886663663926349 ] ] } },
{ "type": "Feature", "properties": { "OBJECTID": 120305, "SegmentID": 220305 }, "geometry": { "type": "LineString", "coordinates": [ [ 77.642545800043649, 12.884882500064945 ], [ 77.642249400194274, 12.885366300032743 ] ] } },
{ "type": "Feature", "properties": { "OBJECTID": 120966, "SegmentID": 220966 }, "geometry": { "type": "LineString", "coordinates": [ [ 77.642249400194274, 12.885366300032743 ], [ 77.642084400105261, 12.885635299723358 ] ] } },
{ "type": "Feature", "properties": { "OBJECTID": 121355, "SegmentID": 221355 }, "geometry": { "type": "LineString", "coordinates": [ [ 77.642084400105261, 12.885635299723358 ], [ 77.642030200092137, 12.885723900309305 ] ] } },
{ "type": "Feature", "properties": { "OBJECTID": 121481, "SegmentID": 221481 }, "geometry": { "type": "LineString", "coordinates": [ [ 77.642030200092137, 12.885723900309305 ], [ 77.641357299766085, 12.886904399578976 ] ] } },
{ "type": "Feature", "properties": { "OBJECTID": 121796, "SegmentID": 221796 }, "geometry": { "type": "LineString", "coordinates": [ [ 77.485398300446292, 12.887506200192437 ], [ 77.485334199928658, 12.887625099923424 ], [ 77.485329999969409, 12.887632900046132 ], [ 77.48498800020262, 12.887995899802586 ], [ 77.484294111501882, 12.888694853651206 ], [ 77.483864200181415, 12.889127900409113 ], [ 77.482965900408075, 12.889972399692279 ], [ 77.48126269973983, 12.891358299872483 ], [ 77.479813399933931, 12.892608000444568 ], [ 77.478539300294926, 12.893668199562279 ], [ 77.476400299848237, 12.895542799782776 ], [ 77.476115099687618, 12.895733700215626 ], [ 77.474329500416886, 12.897259200174577 ], [ 77.473573300445537, 12.897922400204472 ], [ 77.473264542071163, 12.898227501430991 ] ] } },
{ "type": "Feature", "properties": { "OBJECTID": 121992, "SegmentID": 221992 }, "geometry": { "type": "LineString", "coordinates": [ [ 77.451842000327972, 12.887972399977315 ], [ 77.451819900410968, 12.887956499834447 ], [ 77.451780299575987, 12.88790290037675 ], [ 77.451631000138576, 12.887640800276024 ], [ 77.451623499740023, 12.887625100347265 ], [ 77.451393300322863, 12.887143399801227 ], [ 77.451103699904152, 12.886732399850807 ] ] } },
{ "type": "Feature", "properties": { "OBJECTID": 122163, "SegmentID": 222163 }, "geometry": { "type": "LineString", "coordinates": [ [ 77.451926800320123, 12.888098100365729 ], [ 77.451842000327972, 12.887972399977315 ] ] } },
{ "type": "Feature", "properties": { "OBJECTID": 123131, "SegmentID": 223131 }, "geometry": { "type": "LineString", "coordinates": [ [ 77.641357299766085, 12.886904399578976 ], [ 77.641281600279825, 12.88703490039185 ] ] } },
{ "type": "Feature", "properties": { "OBJECTID": 123282, "SegmentID": 223282 }, "geometry": { "type": "LineString", "coordinates": [ [ 77.641281600279825, 12.88703490039185 ], [ 77.641216799596037, 12.887146400008158 ] ] } },
{ "type": "Feature", "properties": { "OBJECTID": 123422, "SegmentID": 223422 }, "geometry": { "type": "LineString", "coordinates": [ [ 77.641216799596037, 12.887146400008158 ], [ 77.641085999919127, 12.887330400322041 ] ] } },
{ "type": "Feature", "properties": { "OBJECTID": 123682, "SegmentID": 223682 }, "geometry": { "type": "LineString", "coordinates": [ [ 77.641085999919127, 12.887330400322041 ], [ 77.641055999935531, 12.887381999573655 ] ] } },
{ "type": "Feature", "properties": { "OBJECTID": 123729, "SegmentID": 223729 }, "geometry": { "type": "LineString", "coordinates": [ [ 77.641055999935531, 12.887381999573655 ], [ 77.640968400202667, 12.887516300044982 ] ] } },
{ "type": "Feature", "properties": { "OBJECTID": 123897, "SegmentID": 223897 }, "geometry": { "type": "LineString", "coordinates": [ [ 77.640968400202667, 12.887516300044982 ], [ 77.640902300188841, 12.887625099805868 ], [ 77.640884530663385, 12.887653750984382 ] ] } },
{ "type": "Feature", "properties": { "OBJECTID": 124003, "SegmentID": 224003 }, "geometry": { "type": "LineString", "coordinates": [ [ 77.4533621476061, 12.889413409694301 ], [ 77.453263599946794, 12.889334900039756 ], [ 77.453057799819177, 12.88917090021933 ], [ 77.452588300029248, 12.88879080037654 ], [ 77.452398400323034, 12.888619299736023 ], [ 77.452293700116385, 12.888524799697214 ], [ 77.452140700359294, 12.888359300270624 ], [ 77.452097900044123, 12.888312999756524 ], [ 77.451949699968765, 12.888132099721519 ], [ 77.451926800320123, 12.888098100365729 ] ] } },
{ "type": "Feature", "properties": { "OBJECTID": 124335, "SegmentID": 224335 }, "geometry": { "type": "LineString", "coordinates": [ [ 77.640776899647321, 12.887828299907126 ], [ 77.640884530663385, 12.887653750984382 ] ] } },
{ "type": "Feature", "properties": { "OBJECTID": 124632, "SegmentID": 224632 }, "geometry": { "type": "LineString", "coordinates": [ [ 77.640628099762125, 12.888069599810962 ], [ 77.640776899647321, 12.887828299907126 ] ] } },
{ "type": "Feature", "properties": { "OBJECTID": 125473, "SegmentID": 225473 }, "geometry": { "type": "LineString", "coordinates": [ [ 77.454735092054307, 12.890492579821103 ], [ 77.454451500446652, 12.890281500245107 ], [ 77.453491299593324, 12.889516300443027 ], [ 77.4533621476061, 12.889413409694301 ] ] } },
{ "type": "Feature", "properties": { "OBJECTID": 125501, "SegmentID": 225501 }, "geometry": { "type": "LineString", "coordinates": [ [ 77.510952868531476, 12.889975403006606 ], [ 77.510648799924127, 12.889534699939022 ], [ 77.50988800000728, 12.888762799876895 ], [ 77.509538699754401, 12.888440100333153 ], [ 77.508866499963489, 12.887903799684585 ], [ 77.508460499722588, 12.887629000296602 ] ] } },
{ "type": "Feature", "properties": { "OBJECTID": 125620, "SegmentID": 225620 }, "geometry": { "type": "LineString", "coordinates": [ [ 77.454871463563194, 12.890594120750675 ], [ 77.454776499898287, 12.890523400037431 ], [ 77.454735092054307, 12.890492579821103 ] ] } },
{ "type": "Feature", "properties": { "OBJECTID": 125927, "SegmentID": 225927 }, "geometry": { "type": "LineString", "coordinates": [ [ 77.455145099684586, 12.890797899610977 ], [ 77.454871463563194, 12.890594120750675 ] ] } },
{ "type": "Feature", "properties": { "OBJECTID": 126143, "SegmentID": 226143 }, "geometry": { "type": "LineString", "coordinates": [ [ 77.63996870030283, 12.889138499683909 ], [ 77.640003499738285, 12.88908220039974 ], [ 77.640358700008903, 12.8885062999975 ], [ 77.640628099762125, 12.888069599810962 ] ] } },
{ "type": "Feature", "properties": { "OBJECTID": 126478, "SegmentID": 226478 }, "geometry": { "type": "LineString", "coordinates": [ [ 77.639834900101818, 12.889355399631516 ], [ 77.639905099897817, 12.889241700080706 ], [ 77.63996870030283, 12.889138499683909 ] ] } },
{ "type": "Feature", "properties": { "OBJECTID": 127611, "SegmentID": 227611 }, "geometry": { "type": "LineString", "coordinates": [ [ 77.456724600074182, 12.891828700246908 ], [ 77.455997199584345, 12.891426100045368 ], [ 77.455894400224722, 12.891335999586092 ], [ 77.455500420797151, 12.891097174067733 ], [ 77.455425900441284, 12.891051999637797 ], [ 77.455207899555489, 12.890844599960944 ], [ 77.455145099684586, 12.890797899610977 ] ] } },
{ "type": "Feature", "properties": { "OBJECTID": 127721, "SegmentID": 227721 }, "geometry": { "type": "LineString", "coordinates": [ [ 77.456853100164437, 12.891907000119131 ], [ 77.456724600074182, 12.891828700246908 ] ] } },
{ "type": "Feature", "properties": { "OBJECTID": 127730, "SegmentID": 227730 }, "geometry": { "type": "LineString", "coordinates": [ [ 77.639354199688313, 12.890134799575192 ], [ 77.639834900101818, 12.889355399631516 ] ] } },
{ "type": "Feature", "properties": { "OBJECTID": 127999, "SegmentID": 227999 }, "geometry": { "type": "LineString", "coordinates": [ [ 77.457129900318932, 12.892075800088309 ], [ 77.457122907974835, 12.892071536070997 ], [ 77.457062740646165, 12.892034844320316 ], [ 77.456853100164437, 12.891907000119131 ] ] } },
{ "type": "Feature", "properties": { "OBJECTID": 128303, "SegmentID": 228303 }, "geometry": { "type": "LineString", "coordinates": [ [ 77.457501000038846, 12.892309200450585 ], [ 77.457129900318932, 12.892075800088309 ] ] } },
{ "type": "Feature", "properties": { "OBJECTID": 128492, "SegmentID": 228492 }, "geometry": { "type": "LineString", "coordinates": [ [ 77.457706000299027, 12.892457900311168 ], [ 77.457501000038846, 12.892309200450585 ] ] } },
{ "type": "Feature", "properties": { "OBJECTID": 128733, "SegmentID": 228733 }, "geometry": { "type": "LineString", "coordinates": [ [ 77.457910683664892, 12.89261958750302 ], [ 77.457767900202569, 12.892502800389769 ], [ 77.457706000299027, 12.892457900311168 ] ] } },
{ "type": "Feature", "properties": { "OBJECTID": 128958, "SegmentID": 228958 }, "geometry": { "type": "LineString", "coordinates": [ [ 77.638809899967015, 12.891018099557687 ], [ 77.638967400048458, 12.890761900019235 ], [ 77.639354199688313, 12.890134799575192 ] ] } },
{ "type": "Feature", "properties": { "OBJECTID": 129127, "SegmentID": 229127 }, "geometry": { "type": "LineString", "coordinates": [ [ 77.458188600381021, 12.892892599891482 ], [ 77.458025499887256, 12.892713499846485 ], [ 77.457910683664892, 12.89261958750302 ] ] } },
{ "type": "Feature", "properties": { "OBJECTID": 129356, "SegmentID": 229356 }, "geometry": { "type": "LineString", "coordinates": [ [ 77.638644199710612, 12.891287699842467 ], [ 77.638809899967015, 12.891018099557687 ] ] } },
{ "type": "Feature", "properties": { "OBJECTID": 129610, "SegmentID": 229610 }, "geometry": { "type": "LineString", "coordinates": [ [ 77.458456700031491, 12.893215800064763 ], [ 77.458279400374693, 12.892992299869126 ], [ 77.458188600381021, 12.892892599891482 ] ] } },
{ "type": "Feature", "properties": { "OBJECTID": 129807, "SegmentID": 229807 }, "geometry": { "type": "LineString", "coordinates": [ [ 77.638450769359437, 12.89160233381997 ], [ 77.638527799885125, 12.891476899792734 ], [ 77.638644199710612, 12.891287699842467 ] ] } },
{ "type": "Feature", "properties": { "OBJECTID": 130174, "SegmentID": 230174 }, "geometry": { "type": "LineString", "coordinates": [ [ 77.638289000213447, 12.891865399742279 ], [ 77.638434699922712, 12.891628499662826 ], [ 77.638450769359437, 12.89160233381997 ] ] } },
{ "type": "Feature", "properties": { "OBJECTID": 130542, "SegmentID": 230542 }, "geometry": { "type": "LineString", "coordinates": [ [ 77.513527153959231, 12.893361061986289 ], [ 77.512957200124092, 12.892737000368317 ], [ 77.512746100286691, 12.892464499843561 ], [ 77.512361300046862, 12.891990999830357 ], [ 77.511165099657973, 12.89028300005517 ], [ 77.510952868531476, 12.889975403006606 ] ] } },
{ "type": "Feature", "properties": { "OBJECTID": 130585, "SegmentID": 230585 }, "geometry": { "type": "LineString", "coordinates": [ [ 77.638108099857774, 12.892159600377436 ], [ 77.638289000213447, 12.891865399742279 ] ] } },
{ "type": "Feature", "properties": { "OBJECTID": 130840, "SegmentID": 230840 }, "geometry": { "type": "LineString", "coordinates": [ [ 77.459089906973176, 12.894094273582159 ], [ 77.459023799789776, 12.89401019962796 ], [ 77.458846499947242, 12.893753699689057 ], [ 77.458595300229803, 12.893390500351188 ], [ 77.458456700031491, 12.893215800064763 ] ] } },
{ "type": "Feature", "properties": { "OBJECTID": 130849, "SegmentID": 230849 }, "geometry": { "type": "LineString", "coordinates": [ [ 77.637984500400606, 12.892360799661349 ], [ 77.638108099857774, 12.892159600377436 ] ] } },
{ "type": "Feature", "properties": { "OBJECTID": 131219, "SegmentID": 231219 }, "geometry": { "type": "LineString", "coordinates": [ [ 77.637819599662819, 12.892628900130344 ], [ 77.637917299998506, 12.892469999571798 ], [ 77.637984500400606, 12.892360799661349 ] ] } },
{ "type": "Feature", "properties": { "OBJECTID": 132212, "SegmentID": 232212 }, "geometry": { "type": "LineString", "coordinates": [ [ 77.63737069969433, 12.893358799763568 ], [ 77.637591499581646, 12.892999999724621 ], [ 77.637819599662819, 12.892628900130344 ] ] } },
{ "type": "Feature", "properties": { "OBJECTID": 132629, "SegmentID": 232629 }, "geometry": { "type": "LineString", "coordinates": [ [ 77.637164799614851, 12.893693300409934 ], [ 77.63737069969433, 12.893358799763568 ] ] } },
{ "type": "Feature", "properties": { "OBJECTID": 132633, "SegmentID": 232633 }, "geometry": { "type": "LineString", "coordinates": [ [ 77.637162460806422, 12.893697102056827 ], [ 77.637164799614851, 12.893693300409934 ] ] } },
{ "type": "Feature", "properties": { "OBJECTID": 132898, "SegmentID": 232898 }, "geometry": { "type": "LineString", "coordinates": [ [ 77.637034200358812, 12.893905599826542 ], [ 77.637162460806422, 12.893697102056827 ] ] } },
{ "type": "Feature", "properties": { "OBJECTID": 133191, "SegmentID": 233191 }, "geometry": { "type": "LineString", "coordinates": [ [ 77.460467758553378, 12.895852674290955 ], [ 77.460165599579597, 12.895448200344672 ], [ 77.459947400053949, 12.895166699963996 ], [ 77.459475999760755, 12.894585300182335 ], [ 77.459239500054281, 12.894284600361168 ], [ 77.459216599644492, 12.894255399642164 ], [ 77.459089906973176, 12.894094273582159 ] ] } },
{ "type": "Feature", "properties": { "OBJECTID": 133553, "SegmentID": 233553 }, "geometry": { "type": "LineString", "coordinates": [ [ 77.636751099600204, 12.894365600032518 ], [ 77.637034200358812, 12.893905599826542 ] ] } },
{ "type": "Feature", "properties": { "OBJECTID": 134918, "SegmentID": 234918 }, "geometry": { "type": "LineString", "coordinates": [ [ 77.636186999699277, 12.895282099830126 ], [ 77.636751099600204, 12.894365600032518 ] ] } },
{ "type": "Feature", "properties": { "OBJECTID": 135170, "SegmentID": 235170 }, "geometry": { "type": "LineString", "coordinates": [ [ 77.461619699686494, 12.897180800368725 ], [ 77.461602217898644, 12.897165344833979 ], [ 77.461559784855964, 12.897127832460617 ], [ 77.461470500274316, 12.89704889997935 ], [ 77.461407400182708, 12.896984300240669 ], [ 77.46122740030566, 12.896799999742887 ], [ 77.461035599794201, 12.896591300262269 ], [ 77.460940600132048, 12.896473500262447 ], [ 77.460702199543363, 12.896166500149411 ], [ 77.460467758553378, 12.895852674290955 ] ] } },
{ "type": "Feature", "properties": { "OBJECTID": 135393, "SegmentID": 235393 }, "geometry": { "type": "LineString", "coordinates": [ [ 77.63597309977969, 12.895629699782175 ], [ 77.636186999699277, 12.895282099830126 ] ] } },
{ "type": "Feature", "properties": { "OBJECTID": 135420, "SegmentID": 235420 }, "geometry": { "type": "LineString", "coordinates": [ [ 77.461797609630665, 12.89735401045988 ], [ 77.461619699686494, 12.897180800368725 ] ] } },
{ "type": "Feature", "properties": { "OBJECTID": 135755, "SegmentID": 235755 }, "geometry": { "type": "LineString", "coordinates": [ [ 77.63581669954732, 12.895883899962499 ], [ 77.63597309977969, 12.895629699782175 ] ] } },
{ "type": "Feature", "properties": { "OBJECTID": 136799, "SegmentID": 236799 }, "geometry": { "type": "LineString", "coordinates": [ [ 77.473264542071163, 12.898227501430991 ], [ 77.473108899735806, 12.898381299909236 ], [ 77.472923599616394, 12.898579399895805 ], [ 77.472491099683111, 12.89906129974932 ], [ 77.47234309957048, 12.899238600197153 ], [ 77.472078400372325, 12.899573999825471 ], [ 77.471791800058355, 12.899972900365812 ], [ 77.47160539988721, 12.900244500371258 ], [ 77.471271099734139, 12.900768300060315 ], [ 77.470863599997074, 12.901532499758105 ], [ 77.470671178744851, 12.901993042823973 ], [ 77.470578399543271, 12.902215099666529 ], [ 77.47048928222712, 12.902471766337353 ], [ 77.470304900012053, 12.903002799835857 ], [ 77.470090823465753, 12.903580275517708 ] ] } },
{ "type": "Feature", "properties": { "OBJECTID": 137041, "SegmentID": 237041 }, "geometry": { "type": "LineString", "coordinates": [ [ 77.635237899673157, 12.896824399835356 ], [ 77.63581669954732, 12.895883899962499 ] ] } },
{ "type": "Feature", "properties": { "OBJECTID": 137701, "SegmentID": 237701 }, "geometry": { "type": "LineString", "coordinates": [ [ 77.634932431094484, 12.897322587805185 ], [ 77.635237899673157, 12.896824399835356 ] ] } },
{ "type": "Feature", "properties": { "OBJECTID": 137763, "SegmentID": 237763 }, "geometry": { "type": "LineString", "coordinates": [ [ 77.464582150869361, 12.899027132085413 ], [ 77.464556499853472, 12.899004200374415 ], [ 77.464517999627375, 12.898974199556129 ], [ 77.464483299632448, 12.898950699882921 ], [ 77.464239000297624, 12.898756899563033 ], [ 77.464132800381279, 12.898690800443699 ], [ 77.464049099713534, 12.898638600436605 ], [ 77.463765100210694, 12.898480299860216 ], [ 77.46349069997882, 12.898334999593606 ], [ 77.462643999799582, 12.897886700359418 ], [ 77.461915000438296, 12.897468299547693 ], [ 77.461797609630665, 12.89735401045988 ] ] } },
{ "type": "Feature", "properties": { "OBJECTID": 137940, "SegmentID": 237940 }, "geometry": { "type": "LineString", "coordinates": [ [ 77.634832283652855, 12.897485917586732 ], [ 77.634932431094484, 12.897322587805185 ] ] } },
{ "type": "Feature", "properties": { "OBJECTID": 138042, "SegmentID": 238042 }, "geometry": { "type": "LineString", "coordinates": [ [ 77.51884773763652, 12.898679630902354 ], [ 77.518598899614702, 12.89848989966047 ], [ 77.517810499725073, 12.89784530030647 ], [ 77.516786800020327, 12.896862299676544 ], [ 77.516099400357135, 12.896127399740417 ], [ 77.515185799713336, 12.895139999926815 ], [ 77.514349199588509, 12.894243200025707 ], [ 77.514204300010263, 12.894098100169204 ], [ 77.513718799747281, 12.893570899953421 ], [ 77.513527153959231, 12.893361061986289 ] ] } },
{ "type": "Feature", "properties": { "OBJECTID": 138137, "SegmentID": 238137 }, "geometry": { "type": "LineString", "coordinates": [ [ 77.634759844260927, 12.897604058617832 ], [ 77.634832283652855, 12.897485917586732 ] ] } },
{ "type": "Feature", "properties": { "OBJECTID": 138294, "SegmentID": 238294 }, "geometry": { "type": "LineString", "coordinates": [ [ 77.634677900437339, 12.89773770039916 ], [ 77.634759844260927, 12.897604058617832 ] ] } },
{ "type": "Feature", "properties": { "OBJECTID": 138443, "SegmentID": 238443 }, "geometry": { "type": "LineString", "coordinates": [ [ 77.634625300234745, 12.897823600178983 ], [ 77.634677900437339, 12.89773770039916 ] ] } },
{ "type": "Feature", "properties": { "OBJECTID": 138789, "SegmentID": 238789 }, "geometry": { "type": "LineString", "coordinates": [ [ 77.465394700220841, 12.899753599851081 ], [ 77.464975500352807, 12.899378800306431 ], [ 77.464582150869361, 12.899027132085413 ] ] } },
{ "type": "Feature", "properties": { "OBJECTID": 139284, "SegmentID": 239284 }, "geometry": { "type": "LineString", "coordinates": [ [ 77.634281099992336, 12.898385200146052 ], [ 77.634625300234745, 12.897823600178983 ] ] } },
{ "type": "Feature", "properties": { "OBJECTID": 139345, "SegmentID": 239345 }, "geometry": { "type": "LineString", "coordinates": [ [ 77.465779900197802, 12.900066000438116 ], [ 77.465628400269239, 12.8999533002162 ], [ 77.465394700220841, 12.899753599851081 ] ] } },
{ "type": "Feature", "properties": { "OBJECTID": 139426, "SegmentID": 239426 }, "geometry": { "type": "LineString", "coordinates": [ [ 77.634214600311878, 12.898493699674056 ], [ 77.634281099992336, 12.898385200146052 ] ] } },
{ "type": "Feature", "properties": { "OBJECTID": 139647, "SegmentID": 239647 }, "geometry": { "type": "LineString", "coordinates": [ [ 77.466122099675303, 12.900298900444955 ], [ 77.465975299619117, 12.90020369978455 ], [ 77.465779900197802, 12.900066000438116 ] ] } },
{ "type": "Feature", "properties": { "OBJECTID": 140119, "SegmentID": 240119 }, "geometry": { "type": "LineString", "coordinates": [ [ 77.633899578722421, 12.899007847306367 ], [ 77.634214600311878, 12.898493699674056 ] ] } },
{ "type": "Feature", "properties": { "OBJECTID": 140273, "SegmentID": 240273 }, "geometry": { "type": "LineString", "coordinates": [ [ 77.633830800120123, 12.899120099943195 ], [ 77.633899578722421, 12.899007847306367 ] ] } },
{ "type": "Feature", "properties": { "OBJECTID": 140638, "SegmentID": 240638 }, "geometry": { "type": "LineString", "coordinates": [ [ 77.633690600254099, 12.89934869988401 ], [ 77.633830800120123, 12.899120099943195 ] ] } },
{ "type": "Feature", "properties": { "OBJECTID": 140668, "SegmentID": 240668 }, "geometry": { "type": "LineString", "coordinates": [ [ 77.467283699718536, 12.90099400009033 ], [ 77.46622240005307, 12.900363900398396 ], [ 77.466122099675303, 12.900298900444955 ] ] } },
{ "type": "Feature", "properties": { "OBJECTID": 140933, "SegmentID": 240933 }, "geometry": { "type": "LineString", "coordinates": [ [ 77.633571299950034, 12.899543500365668 ], [ 77.633690600254099, 12.89934869988401 ] ] } },
{ "type": "Feature", "properties": { "OBJECTID": 141431, "SegmentID": 241431 }, "geometry": { "type": "LineString", "coordinates": [ [ 77.63337169978854, 12.899869099995675 ], [ 77.633571299950034, 12.899543500365668 ] ] } },
{ "type": "Feature", "properties": { "OBJECTID": 141833, "SegmentID": 241833 }, "geometry": { "type": "LineString", "coordinates": [ [ 77.633200183668791, 12.90014899306766 ], [ 77.63337169978854, 12.899869099995675 ] ] } },
{ "type": "Feature", "properties": { "OBJECTID": 142031, "SegmentID": 242031 }, "geometry": { "type": "LineString", "coordinates": [ [ 77.633112683416925, 12.900291783462032 ], [ 77.633200183668791, 12.90014899306766 ] ] } },
{ "type": "Feature", "properties": { "OBJECTID": 143157, "SegmentID": 243157 }, "geometry": { "type": "LineString", "coordinates": [ [ 77.632633100029352, 12.901074400207703 ], [ 77.633112683416925, 12.900291783462032 ] ] } },
{ "type": "Feature", "properties": { "OBJECTID": 143326, "SegmentID": 243326 }, "geometry": { "type": "LineString", "coordinates": [ [ 77.6325662001544, 12.901183499840968 ], [ 77.632633100029352, 12.901074400207703 ] ] } },
{ "type": "Feature", "properties": { "OBJECTID": 143394, "SegmentID": 243394 }, "geometry": { "type": "LineString", "coordinates": [ [ 77.523505857857927, 12.90231050562471 ], [ 77.521088999898225, 12.90038849993045 ], [ 77.51884773763652, 12.898679630902354 ] ] } },
{ "type": "Feature", "properties": { "OBJECTID": 144097, "SegmentID": 244097 }, "geometry": { "type": "LineString", "coordinates": [ [ 77.632249971524729, 12.90169948277727 ], [ 77.6325662001544, 12.901183499840968 ] ] } },
{ "type": "Feature", "properties": { "OBJECTID": 144593, "SegmentID": 244593 }, "geometry": { "type": "LineString", "coordinates": [ [ 77.632070000148644, 12.901993199795205 ], [ 77.632176599755923, 12.901819200316298 ], [ 77.632249971524729, 12.90169948277727 ] ] } },
{ "type": "Feature", "properties": { "OBJECTID": 144603, "SegmentID": 244603 }, "geometry": { "type": "LineString", "coordinates": [ [ 77.470090823465753, 12.903580275517708 ], [ 77.469741700266113, 12.90300780013925 ], [ 77.46960730013484, 12.902811299993688 ], [ 77.469467899703758, 12.90262950022267 ], [ 77.469298500367586, 12.902424100142278 ], [ 77.469090999603324, 12.902220300317037 ], [ 77.468974600194855, 12.902108000132657 ], [ 77.468798000342375, 12.901966999870119 ], [ 77.468358100042906, 12.901659000221677 ], [ 77.467567099970395, 12.901158899995535 ], [ 77.467283699718536, 12.90099400009033 ] ] } },
{ "type": "Feature", "properties": { "OBJECTID": 144604, "SegmentID": 244604 }, "geometry": { "type": "LineString", "coordinates": [ [ 77.470090823465753, 12.903580275517708 ], [ 77.469918100047067, 12.904046199797856 ], [ 77.46989369973538, 12.904110499667151 ], [ 77.469632300263996, 12.904860399712248 ], [ 77.469399599650401, 12.905414500206948 ], [ 77.469308096202312, 12.905673159941259 ] ] } },
{ "type": "Feature", "properties": { "OBJECTID": 145414, "SegmentID": 245414 }, "geometry": { "type": "LineString", "coordinates": [ [ 77.63173089958822, 12.902546499719824 ], [ 77.632070000148644, 12.901993199795205 ] ] } },
{ "type": "Feature", "properties": { "OBJECTID": 145640, "SegmentID": 245640 }, "geometry": { "type": "LineString", "coordinates": [ [ 77.631633600089089, 12.902705300400594 ], [ 77.63173089958822, 12.902546499719824 ] ] } },
{ "type": "Feature", "properties": { "OBJECTID": 146078, "SegmentID": 246078 }, "geometry": { "type": "LineString", "coordinates": [ [ 77.525523615740696, 12.9040201465221 ], [ 77.525097299851353, 12.90359729959132 ], [ 77.524475000312307, 12.903081199731478 ], [ 77.523505857857927, 12.90231050562471 ] ] } },
{ "type": "Feature", "properties": { "OBJECTID": 146671, "SegmentID": 246671 }, "geometry": { "type": "LineString", "coordinates": [ [ 77.63123200002515, 12.903358300416722 ], [ 77.631398199798056, 12.903089399957048 ], [ 77.631576299807065, 12.902798799784163 ], [ 77.631633600089089, 12.902705300400594 ] ] } },
{ "type": "Feature", "properties": { "OBJECTID": 147766, "SegmentID": 247766 }, "geometry": { "type": "LineString", "coordinates": [ [ 77.469308096202312, 12.905673159941259 ], [ 77.468977100432227, 12.906608800276427 ], [ 77.468746400089941, 12.907160500081281 ], [ 77.468329100199043, 12.908286600347626 ], [ 77.468046599700301, 12.909106099603211 ], [ 77.467772499618818, 12.909872299561435 ], [ 77.467600799690103, 12.910407899568551 ], [ 77.467494899638183, 12.910832700379938 ], [ 77.467401399602622, 12.911335299866936 ], [ 77.467357999857683, 12.91167110022341 ], [ 77.467337300011962, 12.912041100279298 ], [ 77.467343000137177, 12.912837800303134 ], [ 77.467372900433489, 12.913197800195993 ], [ 77.467415600187891, 12.913553500379845 ], [ 77.4674697996779, 12.913898600238669 ], [ 77.467541999898373, 12.914240799558462 ], [ 77.467690980156632, 12.914875142325322 ] ] } },
{ "type": "Feature", "properties": { "OBJECTID": 148837, "SegmentID": 248837 }, "geometry": { "type": "LineString", "coordinates": [ [ 77.630379200015611, 12.904738299812411 ], [ 77.631026199575572, 12.903691400418847 ], [ 77.63123200002515, 12.903358300416722 ] ] } },
{ "type": "Feature", "properties": { "OBJECTID": 149129, "SegmentID": 249129 }, "geometry": { "type": "LineString", "coordinates": [ [ 77.526962000188902, 12.905942300350286 ], [ 77.526372100309572, 12.905053000402045 ], [ 77.525967000324982, 12.90452839992186 ], [ 77.525662499564547, 12.90415790008127 ], [ 77.525523615740696, 12.9040201465221 ] ] } },
{ "type": "Feature", "properties": { "OBJECTID": 149223, "SegmentID": 249223 }, "geometry": { "type": "LineString", "coordinates": [ [ 77.473119562498937, 12.906507949448219 ], [ 77.473066399887813, 12.906468099778742 ], [ 77.472686599663248, 12.90614499984606 ], [ 77.472255399989265, 12.905822900431831 ], [ 77.471608099583349, 12.905493499760055 ], [ 77.4709803998024, 12.904971499949355 ], [ 77.470800099646425, 12.904762799967937 ], [ 77.470646299858672, 12.904554400447676 ], [ 77.470447500164454, 12.904205099871817 ], [ 77.470235800216457, 12.903818000362001 ], [ 77.470090823465753, 12.903580275517708 ] ] } },
{ "type": "Feature", "properties": { "OBJECTID": 149425, "SegmentID": 249425 }, "geometry": { "type": "LineString", "coordinates": [ [ 77.473260178643471, 12.906611508586364 ], [ 77.473246099700063, 12.906602800038664 ], [ 77.473119562498937, 12.906507949448219 ] ] } },
{ "type": "Feature", "properties": { "OBJECTID": 150336, "SegmentID": 250336 }, "geometry": { "type": "LineString", "coordinates": [ [ 77.475013795023415, 12.907217018371483 ], [ 77.474300099836285, 12.9070604001245 ], [ 77.474005099881225, 12.906995600403139 ], [ 77.473938900192223, 12.906964500233459 ], [ 77.473530300377107, 12.90677860033383 ], [ 77.473260178643471, 12.906611508586364 ] ] } },
{ "type": "Feature", "properties": { "OBJECTID": 150561, "SegmentID": 250561 }, "geometry": { "type": "LineString", "coordinates": [ [ 77.629690899838522, 12.905852100075103 ], [ 77.630379200015611, 12.904738299812411 ] ] } },
{ "type": "Feature", "properties": { "OBJECTID": 150772, "SegmentID": 250772 }, "geometry": { "type": "LineString", "coordinates": [ [ 77.629620799922847, 12.905965399947107 ], [ 77.629690899838522, 12.905852100075103 ] ] } },
{ "type": "Feature", "properties": { "OBJECTID": 150947, "SegmentID": 250947 }, "geometry": { "type": "LineString", "coordinates": [ [ 77.476009599883511, 12.907597299696411 ], [ 77.475921880505609, 12.9075554181962 ], [ 77.475826905183467, 12.907510071770311 ], [ 77.475561600366163, 12.907383400114245 ], [ 77.475394730471521, 12.907330623764087 ], [ 77.475089052835855, 12.907233944852788 ], [ 77.47508480006671, 12.907232600047747 ], [ 77.475013795023415, 12.907217018371483 ] ] } },
{ "type": "Feature", "properties": { "OBJECTID": 151200, "SegmentID": 251200 }, "geometry": { "type": "LineString", "coordinates": [ [ 77.629420700277819, 12.906289200100121 ], [ 77.629620799922847, 12.905965399947107 ] ] } },
{ "type": "Feature", "properties": { "OBJECTID": 151232, "SegmentID": 251232 }, "geometry": { "type": "LineString", "coordinates": [ [ 77.629401999966049, 12.906319600288537 ], [ 77.629420700277819, 12.906289200100121 ] ] } },
{ "type": "Feature", "properties": { "OBJECTID": 151831, "SegmentID": 251831 }, "geometry": { "type": "LineString", "coordinates": [ [ 77.528025792131359, 12.907686485117207 ], [ 77.5278161000994, 12.907350399707534 ], [ 77.527587399981329, 12.906958500143601 ], [ 77.526962000188902, 12.905942300350286 ] ] } },
{ "type": "Feature", "properties": { "OBJECTID": 152070, "SegmentID": 252070 }, "geometry": { "type": "LineString", "coordinates": [ [ 77.629052835753484, 12.906884504987575 ], [ 77.629401999966049, 12.906319600288537 ] ] } },
{ "type": "Feature", "properties": { "OBJECTID": 152231, "SegmentID": 252231 }, "geometry": { "type": "LineString", "coordinates": [ [ 77.600534599992784, 12.907300800227022 ], [ 77.600463099897809, 12.907445699922599 ], [ 77.600411300352434, 12.907549499659906 ], [ 77.600380900220543, 12.907637100154494 ], [ 77.60035399985918, 12.907728900214913 ], [ 77.60033430002035, 12.907856100153776 ], [ 77.6003127065717, 12.908064769861136 ] ] } },
{ "type": "Feature", "properties": { "OBJECTID": 152422, "SegmentID": 252422 }, "geometry": { "type": "LineString", "coordinates": [ [ 77.628901900170732, 12.90712870000686 ], [ 77.629052835753484, 12.906884504987575 ] ] } },
{ "type": "Feature", "properties": { "OBJECTID": 152762, "SegmentID": 252762 }, "geometry": { "type": "LineString", "coordinates": [ [ 77.628742298883893, 12.907387044741307 ], [ 77.628865200365865, 12.907188199609029 ], [ 77.628901900170732, 12.90712870000686 ] ] } },
{ "type": "Feature", "properties": { "OBJECTID": 152927, "SegmentID": 252927 }, "geometry": { "type": "LineString", "coordinates": [ [ 77.478252300040324, 12.90897389993196 ], [ 77.478159400300186, 12.908932800316075 ], [ 77.477635699882512, 12.908678100323963 ], [ 77.477478199696847, 12.908643100023209 ], [ 77.477308599730378, 12.908484600326297 ], [ 77.477206999999524, 12.908418899747165 ], [ 77.477126800321329, 12.90836699977627 ], [ 77.477073134523266, 12.908328056677831 ], [ 77.476973700222274, 12.908255899738512 ], [ 77.47666909979894, 12.908061799661862 ], [ 77.476009599883511, 12.907597299696411 ] ] } },
{ "type": "Feature", "properties": { "OBJECTID": 153210, "SegmentID": 253210 }, "geometry": { "type": "LineString", "coordinates": [ [ 77.628573899739436, 12.907659499859959 ], [ 77.628742298883893, 12.907387044741307 ] ] } },
{ "type": "Feature", "properties": { "OBJECTID": 153294, "SegmentID": 253294 }, "geometry": { "type": "LineString", "coordinates": [ [ 77.478759699610308, 12.909181100128151 ], [ 77.478252300040324, 12.90897389993196 ] ] } },
{ "type": "Feature", "properties": { "OBJECTID": 153376, "SegmentID": 253376 }, "geometry": { "type": "LineString", "coordinates": [ [ 77.6003127065717, 12.908064769861136 ], [ 77.600269199830848, 12.908485200403495 ] ] } },
{ "type": "Feature", "properties": { "OBJECTID": 153403, "SegmentID": 253403 }, "geometry": { "type": "LineString", "coordinates": [ [ 77.478961969024368, 12.909263157016326 ], [ 77.478759699610308, 12.909181100128151 ] ] } },
{ "type": "Feature", "properties": { "OBJECTID": 153472, "SegmentID": 253472 }, "geometry": { "type": "LineString", "coordinates": [ [ 77.479109986534169, 12.909320473567741 ], [ 77.479051800200935, 12.909299599809156 ], [ 77.478961969024368, 12.909263157016326 ] ] } },
{ "type": "Feature", "properties": { "OBJECTID": 153934, "SegmentID": 253934 }, "geometry": { "type": "LineString", "coordinates": [ [ 77.479807387503556, 12.90957065373985 ], [ 77.479109986534169, 12.909320473567741 ] ] } },
{ "type": "Feature", "properties": { "OBJECTID": 154077, "SegmentID": 254077 }, "geometry": { "type": "LineString", "coordinates": [ [ 77.600269199830848, 12.908485200403495 ], [ 77.600234099995575, 12.908824099975565 ] ] } },
{ "type": "Feature", "properties": { "OBJECTID": 154203, "SegmentID": 254203 }, "geometry": { "type": "LineString", "coordinates": [ [ 77.48022905650086, 12.909721919382603 ], [ 77.479807387503556, 12.90957065373985 ] ] } },
{ "type": "Feature", "properties": { "OBJECTID": 154286, "SegmentID": 254286 }, "geometry": { "type": "LineString", "coordinates": [ [ 77.480369500458778, 12.909772300296323 ], [ 77.48022905650086, 12.909721919382603 ] ] } },
{ "type": "Feature", "properties": { "OBJECTID": 154607, "SegmentID": 254607 }, "geometry": { "type": "LineString", "coordinates": [ [ 77.628047899593668, 12.908514099794516 ], [ 77.628573899739436, 12.907659499859959 ] ] } },
{ "type": "Feature", "properties": { "OBJECTID": 154661, "SegmentID": 254661 }, "geometry": { "type": "LineString", "coordinates": [ [ 77.600234099995575, 12.908824099975565 ], [ 77.60022332770609, 12.908924831694724 ] ] } },
{ "type": "Feature", "properties": { "OBJECTID": 154782, "SegmentID": 254782 }, "geometry": { "type": "LineString", "coordinates": [ [ 77.627978099627057, 12.908627500352525 ], [ 77.628047899593668, 12.908514099794516 ] ] } },
{ "type": "Feature", "properties": { "OBJECTID": 154783, "SegmentID": 254783 }, "geometry": { "type": "LineString", "coordinates": [ [ 77.627978099627057, 12.908627500352525 ], [ 77.627474700267072, 12.909445600298271 ], [ 77.627364000156717, 12.909625400380419 ], [ 77.627159600445339, 12.909928799618733 ], [ 77.626927499561958, 12.910237800272519 ] ] } },
{ "type": "Feature", "properties": { "OBJECTID": 154790, "SegmentID": 254790 }, "geometry": { "type": "LineString", "coordinates": [ [ 77.481194399674621, 12.910068200442245 ], [ 77.480369500458778, 12.909772300296323 ] ] } },
{ "type": "Feature", "properties": { "OBJECTID": 154820, "SegmentID": 254820 }, "geometry": { "type": "LineString", "coordinates": [ [ 77.60022332770609, 12.908924831694724 ], [ 77.600216340954432, 12.908990159901016 ] ] } },
{ "type": "Feature", "properties": { "OBJECTID": 154928, "SegmentID": 254928 }, "geometry": { "type": "LineString", "coordinates": [ [ 77.600216340954432, 12.908990159901016 ], [ 77.60008962678225, 12.910175031068764 ] ] } },
{ "type": "Feature", "properties": { "OBJECTID": 155189, "SegmentID": 255189 }, "geometry": { "type": "LineString", "coordinates": [ [ 77.481820500250834, 12.910292800188113 ], [ 77.481194399674621, 12.910068200442245 ] ] } },
{ "type": "Feature", "properties": { "OBJECTID": 155311, "SegmentID": 255311 }, "geometry": { "type": "LineString", "coordinates": [ [ 77.482004899613955, 12.910356700072985 ], [ 77.481820500250834, 12.910292800188113 ] ] } },
{ "type": "Feature", "properties": { "OBJECTID": 155344, "SegmentID": 255344 }, "geometry": { "type": "LineString", "coordinates": [ [ 77.483506799892908, 12.910370199997859 ], [ 77.483168500462114, 12.910375300438039 ] ] } },
{ "type": "Feature", "properties": { "OBJECTID": 155347, "SegmentID": 255347 }, "geometry": { "type": "LineString", "coordinates": [ [ 77.483168500462114, 12.910375300438039 ], [ 77.48274339988545, 12.910381699693053 ] ] } },
{ "type": "Feature", "properties": { "OBJECTID": 155348, "SegmentID": 255348 }, "geometry": { "type": "LineString", "coordinates": [ [ 77.48274339988545, 12.910381699693053 ], [ 77.482694399976879, 12.910382499646422 ] ] } },
{ "type": "Feature", "properties": { "OBJECTID": 155354, "SegmentID": 255354 }, "geometry": { "type": "LineString", "coordinates": [ [ 77.482694399976879, 12.910382499646422 ], [ 77.482180800324045, 12.910396600235371 ] ] } },
{ "type": "Feature", "properties": { "OBJECTID": 155366, "SegmentID": 255366 }, "geometry": { "type": "LineString", "coordinates": [ [ 77.482180800324045, 12.910396600235371 ], [ 77.482148899634936, 12.910397499642059 ], [ 77.482004899613955, 12.910356700072985 ] ] } },
{ "type": "Feature", "properties": { "OBJECTID": 155472, "SegmentID": 255472 }, "geometry": { "type": "LineString", "coordinates": [ [ 77.484071399913375, 12.910438599992322 ], [ 77.483685800029235, 12.910367499949798 ], [ 77.483506799892908, 12.910370199997859 ] ] } },
{ "type": "Feature", "properties": { "OBJECTID": 155477, "SegmentID": 255477 }, "geometry": { "type": "LineString", "coordinates": [ [ 77.484093699759882, 12.910444800150517 ], [ 77.484071399913375, 12.910438599992322 ] ] } },
{ "type": "Feature", "properties": { "OBJECTID": 155529, "SegmentID": 255529 }, "geometry": { "type": "LineString", "coordinates": [ [ 77.484212338037807, 12.910477854461316 ], [ 77.484093699759882, 12.910444800150517 ] ] } },
{ "type": "Feature", "properties": { "OBJECTID": 156020, "SegmentID": 256020 }, "geometry": { "type": "LineString", "coordinates": [ [ 77.484528499731468, 12.910771500148702 ], [ 77.484483000110615, 12.910709799550739 ], [ 77.484385400340997, 12.910593999955708 ], [ 77.4843634850032, 12.910578525277371 ], [ 77.484226500300153, 12.91048180003339 ], [ 77.484212338037807, 12.910477854461316 ] ] } },
{ "type": "Feature", "properties": { "OBJECTID": 156817, "SegmentID": 256817 }, "geometry": { "type": "LineString", "coordinates": [ [ 77.60008962678225, 12.910175031068764 ], [ 77.600057312345356, 12.910477197313671 ] ] } },
{ "type": "Feature", "properties": { "OBJECTID": 157331, "SegmentID": 257331 }, "geometry": { "type": "LineString", "coordinates": [ [ 77.600057312345356, 12.910477197313671 ], [ 77.600040800345468, 12.910631599572788 ] ] } },
{ "type": "Feature", "properties": { "OBJECTID": 157375, "SegmentID": 257375 }, "geometry": { "type": "LineString", "coordinates": [ [ 77.626927499561958, 12.910237800272519 ], [ 77.626847398169815, 12.910368766428983 ] ] } },
{ "type": "Feature", "properties": { "OBJECTID": 157551, "SegmentID": 257551 }, "geometry": { "type": "LineString", "coordinates": [ [ 77.600040800345468, 12.910631599572788 ], [ 77.599975400421712, 12.911437499558618 ], [ 77.599908627452436, 12.912428238719174 ] ] } },
{ "type": "Feature", "properties": { "OBJECTID": 157555, "SegmentID": 257555 }, "geometry": { "type": "LineString", "coordinates": [ [ 77.626847398169815, 12.910368766428983 ], [ 77.62622419972152, 12.911387699777757 ] ] } },
{ "type": "Feature", "properties": { "OBJECTID": 159125, "SegmentID": 259125 }, "geometry": { "type": "LineString", "coordinates": [ [ 77.485253800228946, 12.912749899879614 ], [ 77.485129999966418, 12.912481699826209 ], [ 77.484703000346599, 12.911144300082031 ], [ 77.484603699833585, 12.910873599592259 ], [ 77.484528499731468, 12.910771500148702 ] ] } },
{ "type": "Feature", "properties": { "OBJECTID": 159153, "SegmentID": 259153 }, "geometry": { "type": "LineString", "coordinates": [ [ 77.62622419972152, 12.911387699777757 ], [ 77.626076300194214, 12.911629599598802 ] ] } },
{ "type": "Feature", "properties": { "OBJECTID": 159560, "SegmentID": 259560 }, "geometry": { "type": "LineString", "coordinates": [ [ 77.626076300194214, 12.911629599598802 ], [ 77.62546120008048, 12.912607400367555 ] ] } },
{ "type": "Feature", "properties": { "OBJECTID": 159831, "SegmentID": 259831 }, "geometry": { "type": "LineString", "coordinates": [ [ 77.485652500057938, 12.913201799696163 ], [ 77.485421500133597, 12.913010200166969 ], [ 77.485273200369846, 12.912779899657002 ], [ 77.485253800228946, 12.912749899879614 ] ] } },
{ "type": "Feature", "properties": { "OBJECTID": 160346, "SegmentID": 260346 }, "geometry": { "type": "LineString", "coordinates": [ [ 77.599908627452436, 12.912428238719174 ], [ 77.599888599584446, 12.912725399629768 ] ] } },
{ "type": "Feature", "properties": { "OBJECTID": 160787, "SegmentID": 260787 }, "geometry": { "type": "LineString", "coordinates": [ [ 77.599888599584446, 12.912725399629768 ], [ 77.599887003992322, 12.912951139466518 ] ] } },
{ "type": "Feature", "properties": { "OBJECTID": 160995, "SegmentID": 260995 }, "geometry": { "type": "LineString", "coordinates": [ [ 77.62546120008048, 12.912607400367555 ], [ 77.625317099749083, 12.912843099602178 ] ] } },
{ "type": "Feature", "properties": { "OBJECTID": 161140, "SegmentID": 261140 }, "geometry": { "type": "LineString", "coordinates": [ [ 77.599887003992322, 12.912951139466518 ], [ 77.599884328192516, 12.91332948100048 ] ] } },
{ "type": "Feature", "properties": { "OBJECTID": 161380, "SegmentID": 261380 }, "geometry": { "type": "LineString", "coordinates": [ [ 77.625317099749083, 12.912843099602178 ], [ 77.625228100363302, 12.912988700009098 ] ] } },
{ "type": "Feature", "properties": { "OBJECTID": 161593, "SegmentID": 261593 }, "geometry": { "type": "LineString", "coordinates": [ [ 77.625228100363302, 12.912988700009098 ], [ 77.624810900097629, 12.913591899871685 ], [ 77.624347899933809, 12.914359899556517 ] ] } },
{ "type": "Feature", "properties": { "OBJECTID": 161706, "SegmentID": 261706 }, "geometry": { "type": "LineString", "coordinates": [ [ 77.599884328192516, 12.91332948100048 ], [ 77.599883332810009, 12.913470253190271 ] ] } },
{ "type": "Feature", "properties": { "OBJECTID": 161914, "SegmentID": 261914 }, "geometry": { "type": "LineString", "coordinates": [ [ 77.531281595717189, 12.914136937553254 ], [ 77.531182800124455, 12.913616700173087 ], [ 77.531062200093913, 12.913109100401499 ], [ 77.530994400060933, 12.912866100130158 ], [ 77.530722200401883, 12.912243899954699 ], [ 77.530477800047422, 12.911774900262827 ], [ 77.529957099546081, 12.910969700206799 ], [ 77.529530500103661, 12.910286999952142 ], [ 77.52911850022538, 12.909569499750438 ], [ 77.52862800037822, 12.908748200250065 ], [ 77.528186899755028, 12.907944699564688 ], [ 77.528025792131359, 12.907686485117207 ] ] } },
{ "type": "Feature", "properties": { "OBJECTID": 161924, "SegmentID": 261924 }, "geometry": { "type": "LineString", "coordinates": [ [ 77.599883332810009, 12.913470253190271 ], [ 77.599881800065532, 12.913687099889863 ] ] } },
{ "type": "Feature", "properties": { "OBJECTID": 162098, "SegmentID": 262098 }, "geometry": { "type": "LineString", "coordinates": [ [ 77.467690980156632, 12.914875142325322 ], [ 77.46773200002086, 12.915049800451245 ], [ 77.467964799975405, 12.91608590038302 ], [ 77.468070100338039, 12.916603499816874 ], [ 77.468737936826614, 12.919408340765338 ] ] } },
{ "type": "Feature", "properties": { "OBJECTID": 162225, "SegmentID": 262225 }, "geometry": { "type": "LineString", "coordinates": [ [ 77.599881800065532, 12.913687099889863 ], [ 77.599907445375095, 12.913930641737686 ] ] } },
{ "type": "Feature", "properties": { "OBJECTID": 162599, "SegmentID": 262599 }, "geometry": { "type": "LineString", "coordinates": [ [ 77.599907445375095, 12.913930641737686 ], [ 77.599940799824921, 12.914247399726994 ] ] } },
{ "type": "Feature", "properties": { "OBJECTID": 163103, "SegmentID": 263103 }, "geometry": { "type": "LineString", "coordinates": [ [ 77.599940799824921, 12.914247399726994 ], [ 77.59995349996457, 12.91462740043249 ], [ 77.599948099656203, 12.915008600401112 ], [ 77.599946228129269, 12.915141312724481 ] ] } },
{ "type": "Feature", "properties": { "OBJECTID": 163705, "SegmentID": 263705 }, "geometry": { "type": "LineString", "coordinates": [ [ 77.624347899933809, 12.914359899556517 ], [ 77.624098499740228, 12.914792700209361 ], [ 77.624007199901783, 12.914946899703123 ] ] } },
{ "type": "Feature", "properties": { "OBJECTID": 164025, "SegmentID": 264025 }, "geometry": { "type": "LineString", "coordinates": [ [ 77.531411092937446, 12.91550030915012 ], [ 77.531296799606224, 12.914217000079711 ], [ 77.531281595717189, 12.914136937553254 ] ] } },
{ "type": "Feature", "properties": { "OBJECTID": 164424, "SegmentID": 264424 }, "geometry": { "type": "LineString", "coordinates": [ [ 77.599946228129269, 12.915141312724481 ], [ 77.599935599982089, 12.915894800352296 ] ] } },
{ "type": "Feature", "properties": { "OBJECTID": 164509, "SegmentID": 264509 }, "geometry": { "type": "LineString", "coordinates": [ [ 77.624007199901783, 12.914946899703123 ], [ 77.62390399978473, 12.915121000006579 ], [ 77.623873899988695, 12.915179499757825 ], [ 77.623824900008842, 12.915274599886565 ] ] } },
{ "type": "Feature", "properties": { "OBJECTID": 164978, "SegmentID": 264978 }, "geometry": { "type": "LineString", "coordinates": [ [ 77.623824900008842, 12.915274599886565 ], [ 77.623743500140137, 12.915432400276126 ], [ 77.623163800029957, 12.916423300363205 ] ] } },
{ "type": "Feature", "properties": { "OBJECTID": 165540, "SegmentID": 265540 }, "geometry": { "type": "LineString", "coordinates": [ [ 77.599935599982089, 12.915894800352296 ], [ 77.59993538599393, 12.915909990112922 ] ] } },
{ "type": "Feature", "properties": { "OBJECTID": 165573, "SegmentID": 265573 }, "geometry": { "type": "LineString", "coordinates": [ [ 77.59993538599393, 12.915909990112922 ], [ 77.599932768519366, 12.916095748665068 ] ] } },
{ "type": "Feature", "properties": { "OBJECTID": 165878, "SegmentID": 265878 }, "geometry": { "type": "LineString", "coordinates": [ [ 77.599932768519366, 12.916095748665068 ], [ 77.599932300264513, 12.916128999700511 ], [ 77.599936099757628, 12.916266199826476 ] ] } },
{ "type": "Feature", "properties": { "OBJECTID": 166136, "SegmentID": 266136 }, "geometry": { "type": "LineString", "coordinates": [ [ 77.599936099757628, 12.916266199826476 ], [ 77.599945337678903, 12.91649088855841 ] ] } },
{ "type": "Feature", "properties": { "OBJECTID": 166247, "SegmentID": 266247 }, "geometry": { "type": "LineString", "coordinates": [ [ 77.638163499648201, 12.915966100419499 ], [ 77.638253500303108, 12.91596790044369 ], [ 77.6383761997525, 12.915984699999553 ], [ 77.638459199926857, 12.916007000371787 ], [ 77.638593199667653, 12.91604309989301 ], [ 77.638823300354332, 12.916112900109272 ], [ 77.639236000184113, 12.916257899943862 ], [ 77.639635199953844, 12.916417799906936 ], [ 77.639867799551411, 12.916537899966025 ], [ 77.640096699833904, 12.916672900044077 ], [ 77.640518800280034, 12.917017600083577 ], [ 77.640797600095709, 12.917274299565545 ], [ 77.640973200350857, 12.917434600125722 ] ] } },
{ "type": "Feature", "properties": { "OBJECTID": 166319, "SegmentID": 266319 }, "geometry": { "type": "LineString", "coordinates": [ [ 77.637565999765215, 12.916011000098431 ], [ 77.63787679997877, 12.915973800239422 ], [ 77.638163499648201, 12.915966100419499 ] ] } },
{ "type": "Feature", "properties": { "OBJECTID": 166469, "SegmentID": 266469 }, "geometry": { "type": "LineString", "coordinates": [ [ 77.599945337678903, 12.91649088855841 ], [ 77.599955000218529, 12.91672590021016 ] ] } },
{ "type": "Feature", "properties": { "OBJECTID": 166631, "SegmentID": 266631 }, "geometry": { "type": "LineString", "coordinates": [ [ 77.635386899742997, 12.916271500383839 ], [ 77.637565999765215, 12.916011000098431 ] ] } },
{ "type": "Feature", "properties": { "OBJECTID": 166696, "SegmentID": 266696 }, "geometry": { "type": "LineString", "coordinates": [ [ 77.623163800029957, 12.916423300363205 ], [ 77.622957299613276, 12.916801199786811 ], [ 77.62278959977985, 12.917108200250967 ], [ 77.622659159383446, 12.917319894228987 ] ] } },
{ "type": "Feature", "properties": { "OBJECTID": 166722, "SegmentID": 266722 }, "geometry": { "type": "LineString", "coordinates": [ [ 77.490785200107055, 12.917735699821497 ], [ 77.490123200173997, 12.916811199977412 ], [ 77.489931809404496, 12.916639111353414 ], [ 77.489876299790595, 12.916589199822585 ], [ 77.489798400009207, 12.916519200023044 ], [ 77.489183600294353, 12.916051500161853 ], [ 77.48879859989087, 12.915839200420651 ], [ 77.488595999865169, 12.915727500085724 ], [ 77.488324999582332, 12.915604100393583 ], [ 77.488069700383718, 12.915461400091758 ], [ 77.487762900032308, 12.915249900267407 ], [ 77.486845899548484, 12.914346200441788 ], [ 77.486293299928874, 12.913773400049527 ], [ 77.486100000006743, 12.913573000067847 ], [ 77.485728100243634, 12.913264500090353 ], [ 77.485652500057938, 12.913201799696163 ] ] } },
{ "type": "Feature", "properties": { "OBJECTID": 166828, "SegmentID": 266828 }, "geometry": { "type": "LineString", "coordinates": [ [ 77.599955000218529, 12.91672590021016 ], [ 77.599962199700897, 12.91722120035227 ], [ 77.600010299605373, 12.918695199606319 ], [ 77.600007100007176, 12.918830099690799 ], [ 77.600065400350445, 12.919758999776901 ], [ 77.600068500270325, 12.919808899879987 ], [ 77.600084400279727, 12.920062199857265 ] ] } },
{ "type": "Feature", "properties": { "OBJECTID": 166911, "SegmentID": 266911 }, "geometry": { "type": "LineString", "coordinates": [ [ 77.633699699772492, 12.916441199890272 ], [ 77.634928300327701, 12.916344500432816 ], [ 77.635213600415526, 12.916292200229355 ], [ 77.635386899742997, 12.916271500383839 ] ] } },
{ "type": "Feature", "properties": { "OBJECTID": 167101, "SegmentID": 267101 }, "geometry": { "type": "LineString", "coordinates": [ [ 77.632272499756453, 12.916580300097337 ], [ 77.633456100052413, 12.916457799715674 ], [ 77.633699699772492, 12.916441199890272 ] ] } },
{ "type": "Feature", "properties": { "OBJECTID": 167245, "SegmentID": 267245 }, "geometry": { "type": "LineString", "coordinates": [ [ 77.631609899583765, 12.916649100298919 ], [ 77.632272499756453, 12.916580300097337 ] ] } },
{ "type": "Feature", "properties": { "OBJECTID": 167298, "SegmentID": 267298 }, "geometry": { "type": "LineString", "coordinates": [ [ 77.490949899804548, 12.918058099612189 ], [ 77.490785200107055, 12.917735699821497 ] ] } },
{ "type": "Feature", "properties": { "OBJECTID": 167375, "SegmentID": 267375 }, "geometry": { "type": "LineString", "coordinates": [ [ 77.630242699988401, 12.916747199748128 ], [ 77.631065300035885, 12.916705599702317 ], [ 77.631609899583765, 12.916649100298919 ] ] } },
{ "type": "Feature", "properties": { "OBJECTID": 167390, "SegmentID": 267390 }, "geometry": { "type": "LineString", "coordinates": [ [ 77.629962799722676, 12.91676140032453 ], [ 77.630242699988401, 12.916747199748128 ] ] } },
{ "type": "Feature", "properties": { "OBJECTID": 167436, "SegmentID": 267436 }, "geometry": { "type": "LineString", "coordinates": [ [ 77.629225700353814, 12.916799000271304 ], [ 77.629962799722676, 12.91676140032453 ] ] } },
{ "type": "Feature", "properties": { "OBJECTID": 167490, "SegmentID": 267490 }, "geometry": { "type": "LineString", "coordinates": [ [ 77.628712600430504, 12.916835299876388 ], [ 77.628817100384836, 12.916824999544474 ], [ 77.629225700353814, 12.916799000271304 ] ] } },
{ "type": "Feature", "properties": { "OBJECTID": 167522, "SegmentID": 267522 }, "geometry": { "type": "LineString", "coordinates": [ [ 77.621690999860334, 12.916928799647007 ], [ 77.621929800386766, 12.917017699622019 ], [ 77.622097084834181, 12.917088907657936 ] ] } },
{ "type": "Feature", "properties": { "OBJECTID": 167611, "SegmentID": 267611 }, "geometry": { "type": "LineString", "coordinates": [ [ 77.628345999743388, 12.916907999557949 ], [ 77.628404000306219, 12.916890699815312 ], [ 77.628596399957985, 12.916846699970067 ], [ 77.628712600430504, 12.916835299876388 ] ] } },
{ "type": "Feature", "properties": { "OBJECTID": 167777, "SegmentID": 267777 }, "geometry": { "type": "LineString", "coordinates": [ [ 77.622097084834181, 12.917088907657936 ], [ 77.622578900279947, 12.917293999831839 ], [ 77.622659159383446, 12.917319894228987 ] ] } },
{ "type": "Feature", "properties": { "OBJECTID": 168126, "SegmentID": 268126 }, "geometry": { "type": "LineString", "coordinates": [ [ 77.622659159383446, 12.917319894228987 ], [ 77.622828099786631, 12.917374399839206 ], [ 77.622909400412624, 12.917393399634417 ], [ 77.623628000085105, 12.917561499983142 ], [ 77.624381200039593, 12.917682200377026 ] ] } },
{ "type": "Feature", "properties": { "OBJECTID": 168127, "SegmentID": 268127 }, "geometry": { "type": "LineString", "coordinates": [ [ 77.622659159383446, 12.917319894228987 ], [ 77.622340099776025, 12.917837700089352 ] ] } },
{ "type": "Feature", "properties": { "OBJECTID": 168174, "SegmentID": 268174 }, "geometry": { "type": "LineString", "coordinates": [ [ 77.491258599713802, 12.918628599622823 ], [ 77.491005099918212, 12.918166200273834 ], [ 77.490949899804548, 12.918058099612189 ] ] } },
{ "type": "Feature", "properties": { "OBJECTID": 168246, "SegmentID": 268246 }, "geometry": { "type": "LineString", "coordinates": [ [ 77.626877176474466, 12.917346965501251 ], [ 77.628345999743388, 12.916907999557949 ] ] } },
{ "type": "Feature", "properties": { "OBJECTID": 168620, "SegmentID": 268620 }, "geometry": { "type": "LineString", "coordinates": [ [ 77.640973200350857, 12.917434600125722 ], [ 77.64108000026809, 12.917532199889102 ], [ 77.64158430038276, 12.918035399997549 ], [ 77.641788099861699, 12.918253499923619 ], [ 77.642002399889293, 12.918492899575915 ], [ 77.642168200139579, 12.918706199860386 ], [ 77.642664800207996, 12.919378899687457 ] ] } },
{ "type": "Feature", "properties": { "OBJECTID": 168762, "SegmentID": 268762 }, "geometry": { "type": "LineString", "coordinates": [ [ 77.624381200039593, 12.917682200377026 ], [ 77.62473660022917, 12.917708399975197 ] ] } },
{ "type": "Feature", "properties": { "OBJECTID": 168812, "SegmentID": 268812 }, "geometry": { "type": "LineString", "coordinates": [ [ 77.62473660022917, 12.917708399975197 ], [ 77.625021899765471, 12.917710499639311 ], [ 77.625458999724813, 12.917706899701379 ], [ 77.625731599858298, 12.917675699852081 ], [ 77.625956200303335, 12.917622200119849 ], [ 77.626877176474466, 12.917346965501251 ] ] } },
{ "type": "Feature", "properties": { "OBJECTID": 168949, "SegmentID": 268949 }, "geometry": { "type": "LineString", "coordinates": [ [ 77.622340099776025, 12.917837700089352 ], [ 77.622056599744397, 12.918294599674606 ] ] } },
{ "type": "Feature", "properties": { "OBJECTID": 169050, "SegmentID": 269050 }, "geometry": { "type": "LineString", "coordinates": [ [ 77.468737936826614, 12.919408340765338 ], [ 77.468763999716131, 12.919517800234196 ], [ 77.468873999648395, 12.919952499974347 ], [ 77.469133500010173, 12.921123700249796 ], [ 77.469236700126629, 12.921633699691213 ], [ 77.469295499793276, 12.921954199891143 ], [ 77.469329700123595, 12.922184400422239 ], [ 77.469361000347547, 12.922471500202175 ], [ 77.469381299687768, 12.922863299592469 ], [ 77.469392799772521, 12.923734699938064 ], [ 77.469430200427084, 12.92490970039 ], [ 77.469469300169891, 12.926598300020444 ], [ 77.469467381617221, 12.926779899587761 ] ] } },
{ "type": "Feature", "properties": { "OBJECTID": 169625, "SegmentID": 269625 }, "geometry": { "type": "LineString", "coordinates": [ [ 77.622056599744397, 12.918294599674606 ], [ 77.621847999676675, 12.918625400187299 ], [ 77.62146750624963, 12.919136571655931 ], [ 77.621287499555137, 12.919378399722012 ], [ 77.621229100448033, 12.919468400278957 ] ] } },
{ "type": "Feature", "properties": { "OBJECTID": 171286, "SegmentID": 271286 }, "geometry": { "type": "LineString", "coordinates": [ [ 77.493186828670019, 12.920718404188007 ], [ 77.493075399693112, 12.920563599858937 ], [ 77.492663299780233, 12.920104500219113 ], [ 77.492048400181105, 12.919619899764724 ], [ 77.491781099784305, 12.919356100339881 ], [ 77.491511999968466, 12.919090700440929 ], [ 77.491258599713802, 12.918628599622823 ] ] } },
{ "type": "Feature", "properties": { "OBJECTID": 171293, "SegmentID": 271293 }, "geometry": { "type": "LineString", "coordinates": [ [ 77.621229100448033, 12.919468400278957 ], [ 77.621095000091771, 12.919675199787054 ], [ 77.620898900327973, 12.920000799928694 ], [ 77.620864099542814, 12.92005850024062 ] ] } },
{ "type": "Feature", "properties": { "OBJECTID": 171490, "SegmentID": 271490 }, "geometry": { "type": "LineString", "coordinates": [ [ 77.642664800207996, 12.919378899687457 ], [ 77.643033700154476, 12.91987850029602 ] ] } },
{ "type": "Feature", "properties": { "OBJECTID": 171832, "SegmentID": 271832 }, "geometry": { "type": "LineString", "coordinates": [ [ 77.49345491254364, 12.921103977116065 ], [ 77.493418636462351, 12.921046963918645 ], [ 77.493382900292971, 12.920990800268646 ], [ 77.493186828670019, 12.920718404188007 ] ] } },
{ "type": "Feature", "properties": { "OBJECTID": 172009, "SegmentID": 272009 }, "geometry": { "type": "LineString", "coordinates": [ [ 77.493531600410762, 12.921224499911016 ], [ 77.49345491254364, 12.921103977116065 ] ] } },
{ "type": "Feature", "properties": { "OBJECTID": 172131, "SegmentID": 272131 }, "geometry": { "type": "LineString", "coordinates": [ [ 77.620864099542814, 12.92005850024062 ], [ 77.620817199548767, 12.920136399632909 ], [ 77.620575906845474, 12.920537280976728 ] ] } },
{ "type": "Feature", "properties": { "OBJECTID": 172179, "SegmentID": 272179 }, "geometry": { "type": "LineString", "coordinates": [ [ 77.643033700154476, 12.91987850029602 ], [ 77.643137100187062, 12.920002999665003 ], [ 77.644172900174922, 12.921250500409252 ], [ 77.644658099673791, 12.921834799764246 ], [ 77.644793899926441, 12.92198529959281 ], [ 77.644932699647782, 12.922102099949679 ] ] } },
{ "type": "Feature", "properties": { "OBJECTID": 172900, "SegmentID": 272900 }, "geometry": { "type": "LineString", "coordinates": [ [ 77.620575906845474, 12.920537280976728 ], [ 77.620450236718867, 12.920746067251802 ] ] } },
{ "type": "Feature", "properties": { "OBJECTID": 173042, "SegmentID": 273042 }, "geometry": { "type": "LineString", "coordinates": [ [ 77.49430820344233, 12.921879624095093 ], [ 77.49424199957582, 12.921844799709406 ], [ 77.494194100098497, 12.921819599776429 ], [ 77.493821199827025, 12.921558200025109 ], [ 77.493585700052591, 12.921309599831643 ], [ 77.493531600410762, 12.921224499911016 ] ] } },
{ "type": "Feature", "properties": { "OBJECTID": 173113, "SegmentID": 273113 }, "geometry": { "type": "LineString", "coordinates": [ [ 77.494396958925847, 12.921926310959849 ], [ 77.49430820344233, 12.921879624095093 ] ] } },
{ "type": "Feature", "properties": { "OBJECTID": 173221, "SegmentID": 273221 }, "geometry": { "type": "LineString", "coordinates": [ [ 77.620450236718867, 12.920746067251802 ], [ 77.620344100097697, 12.920922399885704 ], [ 77.620266600193844, 12.921076699710786 ] ] } },
{ "type": "Feature", "properties": { "OBJECTID": 173296, "SegmentID": 273296 }, "geometry": { "type": "LineString", "coordinates": [ [ 77.494594487689213, 12.922030246742503 ], [ 77.494487999602626, 12.921974200194057 ], [ 77.494396958925847, 12.921926310959849 ] ] } },
{ "type": "Feature", "properties": { "OBJECTID": 173652, "SegmentID": 273652 }, "geometry": { "type": "LineString", "coordinates": [ [ 77.620266600193844, 12.921076699710786 ], [ 77.620163200237982, 12.921287699809509 ] ] } },
{ "type": "Feature", "properties": { "OBJECTID": 173744, "SegmentID": 273744 }, "geometry": { "type": "LineString", "coordinates": [ [ 77.665100499684783, 12.920713600316128 ], [ 77.665218000137656, 12.920732299615945 ], [ 77.66536430031573, 12.920769600111832 ], [ 77.665418699654722, 12.920788600338506 ], [ 77.665579300106245, 12.920844600311636 ] ] } },
{ "type": "Feature", "properties": { "OBJECTID": 173913, "SegmentID": 273913 }, "geometry": { "type": "LineString", "coordinates": [ [ 77.664335700040041, 12.920838600173482 ], [ 77.664661199763842, 12.920756399778345 ], [ 77.664772799547706, 12.920730299819091 ], [ 77.664881599765792, 12.920714200028609 ], [ 77.664992800004072, 12.920706000238821 ], [ 77.665100499684783, 12.920713600316128 ] ] } },
{ "type": "Feature", "properties": { "OBJECTID": 173924, "SegmentID": 273924 }, "geometry": { "type": "LineString", "coordinates": [ [ 77.620163200237982, 12.921287699809509 ], [ 77.619981799597298, 12.921602300234948 ] ] } },
{ "type": "Feature", "properties": { "OBJECTID": 173951, "SegmentID": 273951 }, "geometry": { "type": "LineString", "coordinates": [ [ 77.665579300106245, 12.920844600311636 ], [ 77.665892299682838, 12.92101210036248 ], [ 77.666015399885737, 12.921066300422577 ], [ 77.666263800358493, 12.921231500205543 ], [ 77.666638669359088, 12.92140438647408 ] ] } },
{ "type": "Feature", "properties": { "OBJECTID": 174205, "SegmentID": 274205 }, "geometry": { "type": "LineString", "coordinates": [ [ 77.66363380034413, 12.92100069978734 ], [ 77.664335700040041, 12.920838600173482 ] ] } },
{ "type": "Feature", "properties": { "OBJECTID": 174310, "SegmentID": 274310 }, "geometry": { "type": "LineString", "coordinates": [ [ 77.495909836382296, 12.922722307114276 ], [ 77.494691299948485, 12.922081199618722 ], [ 77.494594487689213, 12.922030246742503 ] ] } },
{ "type": "Feature", "properties": { "OBJECTID": 174415, "SegmentID": 274415 }, "geometry": { "type": "LineString", "coordinates": [ [ 77.496011699847912, 12.922775899918969 ], [ 77.495909836382296, 12.922722307114276 ] ] } },
{ "type": "Feature", "properties": { "OBJECTID": 174474, "SegmentID": 274474 }, "geometry": { "type": "LineString", "coordinates": [ [ 77.619981799597298, 12.921602300234948 ], [ 77.619740799944068, 12.922019500429709 ] ] } },
{ "type": "Feature", "properties": { "OBJECTID": 174580, "SegmentID": 274580 }, "geometry": { "type": "LineString", "coordinates": [ [ 77.662873400294671, 12.921249199599917 ], [ 77.66363380034413, 12.92100069978734 ] ] } },
{ "type": "Feature", "properties": { "OBJECTID": 174873, "SegmentID": 274873 }, "geometry": { "type": "LineString", "coordinates": [ [ 77.666638669359088, 12.92140438647408 ], [ 77.667778799576766, 12.921930200243947 ] ] } },
{ "type": "Feature", "properties": { "OBJECTID": 175021, "SegmentID": 275021 }, "geometry": { "type": "LineString", "coordinates": [ [ 77.661629999811254, 12.921567999900386 ], [ 77.662241199539196, 12.921414099872392 ], [ 77.662873400294671, 12.921249199599917 ] ] } },
{ "type": "Feature", "properties": { "OBJECTID": 175060, "SegmentID": 275060 }, "geometry": { "type": "LineString", "coordinates": [ [ 77.619740799944068, 12.922019500429709 ], [ 77.619625999792319, 12.922218200066769 ] ] } },
{ "type": "Feature", "properties": { "OBJECTID": 175076, "SegmentID": 275076 }, "geometry": { "type": "LineString", "coordinates": [ [ 77.497138702948007, 12.923239213379809 ], [ 77.497084700107493, 12.923201899627195 ], [ 77.496955999981225, 12.923152599979641 ], [ 77.496463199725397, 12.92296400026618 ], [ 77.496138500287543, 12.922833899995549 ], [ 77.496011699847912, 12.922775899918969 ] ] } },
{ "type": "Feature", "properties": { "OBJECTID": 175084, "SegmentID": 275084 }, "geometry": { "type": "LineString", "coordinates": [ [ 77.661417699648993, 12.921621399733539 ], [ 77.661629999811254, 12.921567999900386 ] ] } },
{ "type": "Feature", "properties": { "OBJECTID": 175330, "SegmentID": 275330 }, "geometry": { "type": "LineString", "coordinates": [ [ 77.619625999792319, 12.922218200066769 ], [ 77.619528500095683, 12.922381900077847 ], [ 77.619406800395069, 12.922586599879956 ] ] } },
{ "type": "Feature", "properties": { "OBJECTID": 175554, "SegmentID": 275554 }, "geometry": { "type": "LineString", "coordinates": [ [ 77.644932699647782, 12.922102099949679 ], [ 77.645410800147943, 12.922538300097857 ] ] } },
{ "type": "Feature", "properties": { "OBJECTID": 175657, "SegmentID": 275657 }, "geometry": { "type": "LineString", "coordinates": [ [ 77.667778799576766, 12.921930200243947 ], [ 77.668200499544398, 12.922127700436134 ], [ 77.668579299937065, 12.922309800237185 ], [ 77.669581900152792, 12.922791799789488 ] ] } },
{ "type": "Feature", "properties": { "OBJECTID": 175708, "SegmentID": 275708 }, "geometry": { "type": "LineString", "coordinates": [ [ 77.532247905668783, 12.923310567274033 ], [ 77.532267500108361, 12.923033500320688 ], [ 77.532243399566937, 12.922247700090811 ], [ 77.532183300023718, 12.921259599986735 ], [ 77.532084399639643, 12.920445000381571 ], [ 77.531841099729945, 12.919262300402163 ], [ 77.531749899938831, 12.918719999655861 ], [ 77.531640200078172, 12.917949400413967 ], [ 77.531519900202682, 12.916721999654381 ], [ 77.531411092937446, 12.91550030915012 ] ] } },
{ "type": "Feature", "properties": { "OBJECTID": 175945, "SegmentID": 275945 }, "geometry": { "type": "LineString", "coordinates": [ [ 77.619406800395069, 12.922586599879956 ], [ 77.619317600372241, 12.922735099619404 ] ] } },
{ "type": "Feature", "properties": { "OBJECTID": 176169, "SegmentID": 276169 }, "geometry": { "type": "LineString", "coordinates": [ [ 77.619317600372241, 12.922735099619404 ], [ 77.619247799754177, 12.922851500346813 ] ] } },
{ "type": "Feature", "properties": { "OBJECTID": 176213, "SegmentID": 276213 }, "geometry": { "type": "LineString", "coordinates": [ [ 77.658953562108522, 12.922357072512606 ], [ 77.659971299826026, 12.921998400444151 ], [ 77.660209199850129, 12.921925500274712 ], [ 77.661417699648993, 12.921621399733539 ] ] } },
{ "type": "Feature", "properties": { "OBJECTID": 176282, "SegmentID": 276282 }, "geometry": { "type": "LineString", "coordinates": [ [ 77.645410800147943, 12.922538300097857 ], [ 77.646150500189563, 12.923213099852061 ], [ 77.64638770027851, 12.92342429995576 ], [ 77.646579199642815, 12.923580100385095 ] ] } },
{ "type": "Feature", "properties": { "OBJECTID": 176361, "SegmentID": 276361 }, "geometry": { "type": "LineString", "coordinates": [ [ 77.619247799754177, 12.922851500346813 ], [ 77.618977000136852, 12.92325610025825 ] ] } },
{ "type": "Feature", "properties": { "OBJECTID": 176948, "SegmentID": 276948 }, "geometry": { "type": "LineString", "coordinates": [ [ 77.618977000136852, 12.92325610025825 ], [ 77.618844499967722, 12.923453999863655 ], [ 77.618812100359065, 12.923500400365276 ] ] } },
{ "type": "Feature", "properties": { "OBJECTID": 176996, "SegmentID": 276996 }, "geometry": { "type": "LineString", "coordinates": [ [ 77.669581900152792, 12.922791799789488 ], [ 77.669950900039154, 12.922969100197081 ], [ 77.670298399670855, 12.923136200295616 ], [ 77.670565700439099, 12.923258400082801 ] ] } },
{ "type": "Feature", "properties": { "OBJECTID": 177274, "SegmentID": 277274 }, "geometry": { "type": "LineString", "coordinates": [ [ 77.618812100359065, 12.923500400365276 ], [ 77.618653299648656, 12.923727700072975 ], [ 77.618510399732131, 12.923934499657092 ] ] } },
{ "type": "Feature", "properties": { "OBJECTID": 177386, "SegmentID": 277386 }, "geometry": { "type": "LineString", "coordinates": [ [ 77.656483451653301, 12.92321721379972 ], [ 77.656933699971717, 12.923068900138032 ], [ 77.658953562108522, 12.922357072512606 ] ] } },
{ "type": "Feature", "properties": { "OBJECTID": 177471, "SegmentID": 277471 }, "geometry": { "type": "LineString", "coordinates": [ [ 77.656316408466736, 12.923272237915031 ], [ 77.656483451653301, 12.92321721379972 ] ] } },
{ "type": "Feature", "properties": { "OBJECTID": 177643, "SegmentID": 277643 }, "geometry": { "type": "LineString", "coordinates": [ [ 77.670565700439099, 12.923258400082801 ], [ 77.670676599780677, 12.923308200031427 ] ] } },
{ "type": "Feature", "properties": { "OBJECTID": 177710, "SegmentID": 277710 }, "geometry": { "type": "LineString", "coordinates": [ [ 77.670676599780677, 12.923308200031427 ], [ 77.671146496335126, 12.923519400798952 ] ] } },
{ "type": "Feature", "properties": { "OBJECTID": 177753, "SegmentID": 277753 }, "geometry": { "type": "LineString", "coordinates": [ [ 77.646579199642815, 12.923580100385095 ], [ 77.646660300039557, 12.923646099954635 ], [ 77.647295000432905, 12.924018399611105 ] ] } },
{ "type": "Feature", "properties": { "OBJECTID": 177829, "SegmentID": 277829 }, "geometry": { "type": "LineString", "coordinates": [ [ 77.618510399732131, 12.923934499657092 ], [ 77.61843019979365, 12.924036099977865 ] ] } },
{ "type": "Feature", "properties": { "OBJECTID": 177968, "SegmentID": 277968 }, "geometry": { "type": "LineString", "coordinates": [ [ 77.61843019979365, 12.924036099977865 ], [ 77.618152899942203, 12.924436799575748 ] ] } },
{ "type": "Feature", "properties": { "OBJECTID": 177979, "SegmentID": 277979 }, "geometry": { "type": "LineString", "coordinates": [ [ 77.65482246913119, 12.92367298838894 ], [ 77.65540179989398, 12.923560499880608 ], [ 77.655721200271842, 12.923468299580755 ], [ 77.656316408466736, 12.923272237915031 ] ] } },
{ "type": "Feature", "properties": { "OBJECTID": 177995, "SegmentID": 277995 }, "geometry": { "type": "LineString", "coordinates": [ [ 77.671146496335126, 12.923519400798952 ], [ 77.671276213300345, 12.923577703846732 ] ] } },
{ "type": "Feature", "properties": { "OBJECTID": 178095, "SegmentID": 278095 }, "geometry": { "type": "LineString", "coordinates": [ [ 77.671276213300345, 12.923577703846732 ], [ 77.671365200047134, 12.923617700146764 ] ] } },
{ "type": "Feature", "properties": { "OBJECTID": 178166, "SegmentID": 278166 }, "geometry": { "type": "LineString", "coordinates": [ [ 77.671365200047134, 12.923617700146764 ], [ 77.671788099798135, 12.923807799604146 ] ] } },
{ "type": "Feature", "properties": { "OBJECTID": 178205, "SegmentID": 278205 }, "geometry": { "type": "LineString", "coordinates": [ [ 77.49937559997926, 12.925336900240808 ], [ 77.499133999813836, 12.92509650020931 ], [ 77.498886999543828, 12.924850800158804 ], [ 77.498853299813135, 12.924817300393372 ], [ 77.498802100282461, 12.924770000101349 ], [ 77.498178000124454, 12.924172400142371 ], [ 77.49771419975805, 12.923703699558597 ], [ 77.497641599548871, 12.923630399585587 ], [ 77.497395000275787, 12.923416299953281 ], [ 77.497138702948007, 12.923239213379809 ] ] } },
{ "type": "Feature", "properties": { "OBJECTID": 178214, "SegmentID": 278214 }, "geometry": { "type": "LineString", "coordinates": [ [ 77.653978799797684, 12.923816699656415 ], [ 77.654134900131268, 12.923783199611471 ], [ 77.654612800011989, 12.923713699888109 ], [ 77.65482246913119, 12.92367298838894 ] ] } },
{ "type": "Feature", "properties": { "OBJECTID": 178266, "SegmentID": 278266 }, "geometry": { "type": "LineString", "coordinates": [ [ 77.629578999744538, 12.924111399566318 ], [ 77.629016800260189, 12.924148900054069 ], [ 77.62887939962728, 12.924138300387026 ] ] } },
{ "type": "Feature", "properties": { "OBJECTID": 178355, "SegmentID": 278355 }, "geometry": { "type": "LineString", "coordinates": [ [ 77.653448400096764, 12.923930600210749 ], [ 77.653978799797684, 12.923816699656415 ] ] } },
{ "type": "Feature", "properties": { "OBJECTID": 178362, "SegmentID": 278362 }, "geometry": { "type": "LineString", "coordinates": [ [ 77.629933600419804, 12.92417309981621 ], [ 77.629736599705254, 12.924138800284721 ], [ 77.629578999744538, 12.924111399566318 ] ] } },
{ "type": "Feature", "properties": { "OBJECTID": 178392, "SegmentID": 278392 }, "geometry": { "type": "LineString", "coordinates": [ [ 77.647295000432905, 12.924018399611105 ], [ 77.647416599656253, 12.924089899924287 ], [ 77.647555299624798, 12.924157800074122 ], [ 77.647775499781687, 12.924234099697154 ], [ 77.647982999672848, 12.924305599917936 ], [ 77.648424700030745, 12.924399000372324 ], [ 77.64874309958978, 12.924435199640982 ], [ 77.648770486939554, 12.924437553271126 ] ] } },
{ "type": "Feature", "properties": { "OBJECTID": 178438, "SegmentID": 278438 }, "geometry": { "type": "LineString", "coordinates": [ [ 77.671788099798135, 12.923807799604146 ], [ 77.672307173786237, 12.924041132390599 ] ] } },
{ "type": "Feature", "properties": { "OBJECTID": 178553, "SegmentID": 278553 }, "geometry": { "type": "LineString", "coordinates": [ [ 77.652891620758027, 12.924060524114799 ], [ 77.653087200387333, 12.924008200304538 ], [ 77.653448400096764, 12.923930600210749 ] ] } },
{ "type": "Feature", "properties": { "OBJECTID": 178589, "SegmentID": 278589 }, "geometry": { "type": "LineString", "coordinates": [ [ 77.618152899942203, 12.924436799575748 ], [ 77.618096700212448, 12.924532300371796 ] ] } },
{ "type": "Feature", "properties": { "OBJECTID": 178690, "SegmentID": 278690 }, "geometry": { "type": "LineString", "coordinates": [ [ 77.631180599804196, 12.924389500314211 ], [ 77.63086310024886, 12.924335000268691 ], [ 77.629933600419804, 12.92417309981621 ] ] } },
{ "type": "Feature", "properties": { "OBJECTID": 178707, "SegmentID": 278707 }, "geometry": { "type": "LineString", "coordinates": [ [ 77.618096700212448, 12.924532300371796 ], [ 77.618049899873654, 12.924611599759263 ], [ 77.61799079997121, 12.924709500219787 ], [ 77.617737700181038, 12.925115500234222 ] ] } },
{ "type": "Feature", "properties": { "OBJECTID": 178747, "SegmentID": 278747 }, "geometry": { "type": "LineString", "coordinates": [ [ 77.631385599810201, 12.924424700031087 ], [ 77.631180599804196, 12.924389500314211 ] ] } },
{ "type": "Feature", "properties": { "OBJECTID": 178797, "SegmentID": 278797 }, "geometry": { "type": "LineString", "coordinates": [ [ 77.672307173786237, 12.924041132390599 ], [ 77.672460599956707, 12.924110100347015 ] ] } },
{ "type": "Feature", "properties": { "OBJECTID": 178798, "SegmentID": 278798 }, "geometry": { "type": "LineString", "coordinates": [ [ 77.631578702157967, 12.924456538701957 ], [ 77.631385599810201, 12.924424700031087 ] ] } },
{ "type": "Feature", "properties": { "OBJECTID": 178812, "SegmentID": 278812 }, "geometry": { "type": "LineString", "coordinates": [ [ 77.631646999865197, 12.924467800325289 ], [ 77.631578702157967, 12.924456538701957 ] ] } },
{ "type": "Feature", "properties": { "OBJECTID": 178891, "SegmentID": 278891 }, "geometry": { "type": "LineString", "coordinates": [ [ 77.672460599956707, 12.924110100347015 ], [ 77.673518199896947, 12.924585500353663 ] ] } },
{ "type": "Feature", "properties": { "OBJECTID": 178913, "SegmentID": 278913 }, "geometry": { "type": "LineString", "coordinates": [ [ 77.651787899768024, 12.924338099999094 ], [ 77.651996500048284, 12.924299999637309 ], [ 77.652891620758027, 12.924060524114799 ] ] } },
{ "type": "Feature", "properties": { "OBJECTID": 178926, "SegmentID": 278926 }, "geometry": { "type": "LineString", "coordinates": [ [ 77.651753267696677, 12.924344438738714 ], [ 77.651787899768024, 12.924338099999094 ] ] } },
{ "type": "Feature", "properties": { "OBJECTID": 178959, "SegmentID": 278959 }, "geometry": { "type": "LineString", "coordinates": [ [ 77.632281055685652, 12.924572264218778 ], [ 77.631646999865197, 12.924467800325289 ] ] } },
{ "type": "Feature", "properties": { "OBJECTID": 178986, "SegmentID": 278986 }, "geometry": { "type": "LineString", "coordinates": [ [ 77.632435025216424, 12.924597630999822 ], [ 77.632281055685652, 12.924572264218778 ] ] } },
{ "type": "Feature", "properties": { "OBJECTID": 178998, "SegmentID": 278998 }, "geometry": { "type": "LineString", "coordinates": [ [ 77.648770486939554, 12.924437553271126 ], [ 77.649194700378061, 12.924473999615081 ] ] } },
{ "type": "Feature", "properties": { "OBJECTID": 179073, "SegmentID": 279073 }, "geometry": { "type": "LineString", "coordinates": [ [ 77.649194700378061, 12.924473999615081 ], [ 77.64995090029538, 12.924539099847705 ] ] } },
{ "type": "Feature", "properties": { "OBJECTID": 179079, "SegmentID": 279079 }, "geometry": { "type": "LineString", "coordinates": [ [ 77.632736499725453, 12.924647300224317 ], [ 77.632435025216424, 12.924597630999822 ] ] } },
{ "type": "Feature", "properties": { "OBJECTID": 179166, "SegmentID": 279166 }, "geometry": { "type": "LineString", "coordinates": [ [ 77.64995090029538, 12.924539099847705 ], [ 77.650246399872032, 12.924544700290941 ], [ 77.650472900387243, 12.924540300419938 ] ] } },
{ "type": "Feature", "properties": { "OBJECTID": 179175, "SegmentID": 279175 }, "geometry": { "type": "LineString", "coordinates": [ [ 77.650472900387243, 12.924540300419938 ], [ 77.650704700239189, 12.924524300165677 ], [ 77.650898899749805, 12.924500700122749 ], [ 77.651437699901919, 12.924402199647835 ], [ 77.651753267696677, 12.924344438738714 ] ] } },
{ "type": "Feature", "properties": { "OBJECTID": 179271, "SegmentID": 279271 }, "geometry": { "type": "LineString", "coordinates": [ [ 77.633640799581741, 12.924795900382525 ], [ 77.632736499725453, 12.924647300224317 ] ] } },
{ "type": "Feature", "properties": { "OBJECTID": 179358, "SegmentID": 279358 }, "geometry": { "type": "LineString", "coordinates": [ [ 77.634057799775604, 12.924861200085218 ], [ 77.633672999603888, 12.924801000399384 ], [ 77.633640799581741, 12.924795900382525 ] ] } },
{ "type": "Feature", "properties": { "OBJECTID": 179450, "SegmentID": 279450 }, "geometry": { "type": "LineString", "coordinates": [ [ 77.617737700181038, 12.925115500234222 ], [ 77.617459900313946, 12.925606700295017 ] ] } },
{ "type": "Feature", "properties": { "OBJECTID": 179489, "SegmentID": 279489 }, "geometry": { "type": "LineString", "coordinates": [ [ 77.673518199896947, 12.924585500353663 ], [ 77.673826400364888, 12.924723999736544 ] ] } },
{ "type": "Feature", "properties": { "OBJECTID": 179624, "SegmentID": 279624 }, "geometry": { "type": "LineString", "coordinates": [ [ 77.635454199899698, 12.925072899755587 ], [ 77.635085600324246, 12.925008800353051 ], [ 77.634057799775604, 12.924861200085218 ] ] } },
{ "type": "Feature", "properties": { "OBJECTID": 179638, "SegmentID": 279638 }, "geometry": { "type": "LineString", "coordinates": [ [ 77.500620299884375, 12.926407799994921 ], [ 77.500277900444331, 12.926136200135 ], [ 77.500131800190502, 12.926009599705438 ], [ 77.499750300052256, 12.925679099623412 ], [ 77.499512500319327, 12.925473099564442 ], [ 77.49937559997926, 12.925336900240808 ] ] } },
{ "type": "Feature", "properties": { "OBJECTID": 179691, "SegmentID": 279691 }, "geometry": { "type": "LineString", "coordinates": [ [ 77.673826400364888, 12.924723999736544 ], [ 77.674117099931678, 12.924821600222492 ], [ 77.67430479995862, 12.924908900386344 ] ] } },
{ "type": "Feature", "properties": { "OBJECTID": 179708, "SegmentID": 279708 }, "geometry": { "type": "LineString", "coordinates": [ [ 77.637369799598886, 12.925102299862477 ], [ 77.637146099626378, 12.925174300212669 ], [ 77.636969100415925, 12.925222700291663 ] ] } },
{ "type": "Feature", "properties": { "OBJECTID": 179745, "SegmentID": 279745 }, "geometry": { "type": "LineString", "coordinates": [ [ 77.469467381617221, 12.926779899587761 ], [ 77.469465799635856, 12.926929600048028 ], [ 77.469430000420971, 12.928446899627255 ], [ 77.469398499808136, 12.929333900124668 ], [ 77.469382500385549, 12.930676499903456 ], [ 77.469401500321382, 12.93167710018267 ], [ 77.469432900368531, 12.932133899649877 ], [ 77.46953229954832, 12.934651900336084 ], [ 77.469536646879618, 12.934915495949545 ] ] } },
{ "type": "Feature", "properties": { "OBJECTID": 179839, "SegmentID": 279839 }, "geometry": { "type": "LineString", "coordinates": [ [ 77.636969100415925, 12.925222700291663 ], [ 77.636805499963103, 12.925252699740529 ], [ 77.636701499878981, 12.925255499603042 ] ] } },
{ "type": "Feature", "properties": { "OBJECTID": 179846, "SegmentID": 279846 }, "geometry": { "type": "LineString", "coordinates": [ [ 77.636558700346825, 12.925232900003133 ], [ 77.636088100142786, 12.925163199836744 ], [ 77.635862311340901, 12.925131036298291 ], [ 77.635454199899698, 12.925072899755587 ] ] } },
{ "type": "Feature", "properties": { "OBJECTID": 179878, "SegmentID": 279878 }, "geometry": { "type": "LineString", "coordinates": [ [ 77.636701499878981, 12.925255499603042 ], [ 77.636558700346825, 12.925232900003133 ] ] } },
{ "type": "Feature", "properties": { "OBJECTID": 179932, "SegmentID": 279932 }, "geometry": { "type": "LineString", "coordinates": [ [ 77.67430479995862, 12.924908900386344 ], [ 77.674777400243286, 12.925154699691667 ], [ 77.674998246836168, 12.925265978600336 ] ] } },
{ "type": "Feature", "properties": { "OBJECTID": 179945, "SegmentID": 279945 }, "geometry": { "type": "LineString", "coordinates": [ [ 77.500974884149244, 12.926638427281944 ], [ 77.500781299850431, 12.926514299936743 ], [ 77.50069579955894, 12.926450400048473 ], [ 77.500620299884375, 12.926407799994921 ] ] } },
{ "type": "Feature", "properties": { "OBJECTID": 180101, "SegmentID": 280101 }, "geometry": { "type": "LineString", "coordinates": [ [ 77.501139836875936, 12.926744195178415 ], [ 77.500974884149244, 12.926638427281944 ] ] } },
{ "type": "Feature", "properties": { "OBJECTID": 180105, "SegmentID": 280105 }, "geometry": { "type": "LineString", "coordinates": [ [ 77.617459900313946, 12.925606700295017 ], [ 77.617430999930491, 12.925652999665987 ], [ 77.617228499711118, 12.926015600157911 ], [ 77.617059999542803, 12.926299599718872 ] ] } },
{ "type": "Feature", "properties": { "OBJECTID": 180277, "SegmentID": 280277 }, "geometry": { "type": "LineString", "coordinates": [ [ 77.50135753870363, 12.926883785636395 ], [ 77.501139836875936, 12.926744195178415 ] ] } },
{ "type": "Feature", "properties": { "OBJECTID": 180298, "SegmentID": 280298 }, "geometry": { "type": "LineString", "coordinates": [ [ 77.501385469656199, 12.926901695327924 ], [ 77.50135753870363, 12.926883785636395 ] ] } },
{ "type": "Feature", "properties": { "OBJECTID": 180434, "SegmentID": 280434 }, "geometry": { "type": "LineString", "coordinates": [ [ 77.674998246836168, 12.925265978600336 ], [ 77.675009799828601, 12.925271799918717 ] ] } },
{ "type": "Feature", "properties": { "OBJECTID": 180439, "SegmentID": 280439 }, "geometry": { "type": "LineString", "coordinates": [ [ 77.675009799828601, 12.925271799918717 ], [ 77.675163399993139, 12.925349200015088 ], [ 77.675702500338872, 12.925620900324997 ], [ 77.676186599668128, 12.925864900154616 ] ] } },
{ "type": "Feature", "properties": { "OBJECTID": 180993, "SegmentID": 280993 }, "geometry": { "type": "LineString", "coordinates": [ [ 77.617059999542803, 12.926299599718872 ], [ 77.616625599755608, 12.92703170017546 ] ] } },
{ "type": "Feature", "properties": { "OBJECTID": 181158, "SegmentID": 281158 }, "geometry": { "type": "LineString", "coordinates": [ [ 77.502234828582644, 12.927547080079469 ], [ 77.502205299709701, 12.927521900037704 ], [ 77.501586600383973, 12.927054600204952 ], [ 77.501389999975117, 12.92690460000766 ], [ 77.501385469656199, 12.926901695327924 ] ] } },
{ "type": "Feature", "properties": { "OBJECTID": 181215, "SegmentID": 281215 }, "geometry": { "type": "LineString", "coordinates": [ [ 77.676186599668128, 12.925864900154616 ], [ 77.676349200297054, 12.925946799902144 ], [ 77.676408744520302, 12.925975529235208 ] ] } },
{ "type": "Feature", "properties": { "OBJECTID": 181378, "SegmentID": 281378 }, "geometry": { "type": "LineString", "coordinates": [ [ 77.676408744520302, 12.925975529235208 ], [ 77.677101102817133, 12.926309580141154 ] ] } },
{ "type": "Feature", "properties": { "OBJECTID": 181593, "SegmentID": 281593 }, "geometry": { "type": "LineString", "coordinates": [ [ 77.50262184075865, 12.92787709700551 ], [ 77.502234828582644, 12.927547080079469 ] ] } },
{ "type": "Feature", "properties": { "OBJECTID": 181627, "SegmentID": 281627 }, "geometry": { "type": "LineString", "coordinates": [ [ 77.502637199790712, 12.927890194026256 ], [ 77.50262184075865, 12.92787709700551 ] ] } },
{ "type": "Feature", "properties": { "OBJECTID": 181888, "SegmentID": 281888 }, "geometry": { "type": "LineString", "coordinates": [ [ 77.677101102817133, 12.926309580141154 ], [ 77.677285399622647, 12.926398499907627 ] ] } },
{ "type": "Feature", "properties": { "OBJECTID": 182029, "SegmentID": 282029 }, "geometry": { "type": "LineString", "coordinates": [ [ 77.677285399622647, 12.926398499907627 ], [ 77.677568969924977, 12.92653410209468 ] ] } },
{ "type": "Feature", "properties": { "OBJECTID": 182044, "SegmentID": 282044 }, "geometry": { "type": "LineString", "coordinates": [ [ 77.616625599755608, 12.92703170017546 ], [ 77.616103999917911, 12.927895999868293 ] ] } },
{ "type": "Feature", "properties": { "OBJECTID": 182106, "SegmentID": 282106 }, "geometry": { "type": "LineString", "coordinates": [ [ 77.502924042849429, 12.928190277889888 ], [ 77.502707099995362, 12.927949800249095 ], [ 77.502637199790712, 12.927890194026256 ] ] } },
{ "type": "Feature", "properties": { "OBJECTID": 182205, "SegmentID": 282205 }, "geometry": { "type": "LineString", "coordinates": [ [ 77.677568969924977, 12.92653410209468 ], [ 77.677711833608996, 12.926602418653806 ] ] } },
{ "type": "Feature", "properties": { "OBJECTID": 182270, "SegmentID": 282270 }, "geometry": { "type": "LineString", "coordinates": [ [ 77.531833154659324, 12.928056514032903 ], [ 77.531835899686996, 12.928019000328604 ], [ 77.531847599601733, 12.927776200227608 ], [ 77.53209949998417, 12.925499500217384 ], [ 77.532174600028995, 12.924347100411785 ], [ 77.532247905668783, 12.923310567274033 ] ] } },
{ "type": "Feature", "properties": { "OBJECTID": 182273, "SegmentID": 282273 }, "geometry": { "type": "LineString", "coordinates": [ [ 77.677711833608996, 12.926602418653806 ], [ 77.677821999886206, 12.926655099804201 ] ] } },
{ "type": "Feature", "properties": { "OBJECTID": 182341, "SegmentID": 282341 }, "geometry": { "type": "LineString", "coordinates": [ [ 77.677821999886206, 12.926655099804201 ], [ 77.678693199923785, 12.927002499647411 ], [ 77.679299406427333, 12.927280604508951 ] ] } },
{ "type": "Feature", "properties": { "OBJECTID": 183160, "SegmentID": 283160 }, "geometry": { "type": "LineString", "coordinates": [ [ 77.616103999917911, 12.927895999868293 ], [ 77.615712699742943, 12.928531200026153 ], [ 77.615237883601111, 12.929368466591475 ], [ 77.615206900278253, 12.929423100040822 ], [ 77.615112899647343, 12.929552200200508 ] ] } },
{ "type": "Feature", "properties": { "OBJECTID": 183191, "SegmentID": 283191 }, "geometry": { "type": "LineString", "coordinates": [ [ 77.679299406427333, 12.927280604508951 ], [ 77.679432799976453, 12.927341800092703 ] ] } },
{ "type": "Feature", "properties": { "OBJECTID": 183278, "SegmentID": 283278 }, "geometry": { "type": "LineString", "coordinates": [ [ 77.679432799976453, 12.927341800092703 ], [ 77.679644599626357, 12.927451100275533 ] ] } },
{ "type": "Feature", "properties": { "OBJECTID": 183448, "SegmentID": 283448 }, "geometry": { "type": "LineString", "coordinates": [ [ 77.679644599626357, 12.927451100275533 ], [ 77.679727099622497, 12.927493700133322 ], [ 77.679863500293251, 12.927558600048194 ] ] } },
{ "type": "Feature", "properties": { "OBJECTID": 183514, "SegmentID": 283514 }, "geometry": { "type": "LineString", "coordinates": [ [ 77.50427704898587, 12.92924858089499 ], [ 77.504063300057553, 12.929176699606332 ], [ 77.503832300237946, 12.929084899898887 ], [ 77.503614099999027, 12.928911999614433 ], [ 77.503357900037898, 12.928671200149481 ], [ 77.502924042849429, 12.928190277889888 ] ] } },
{ "type": "Feature", "properties": { "OBJECTID": 183597, "SegmentID": 283597 }, "geometry": { "type": "LineString", "coordinates": [ [ 77.679863500293251, 12.927558600048194 ], [ 77.680107749249856, 12.927674817909434 ], [ 77.68013294071217, 12.927686804450383 ] ] } },
{ "type": "Feature", "properties": { "OBJECTID": 183798, "SegmentID": 283798 }, "geometry": { "type": "LineString", "coordinates": [ [ 77.68013294071217, 12.927686804450383 ], [ 77.68020264166249, 12.927719968807775 ], [ 77.680231499753859, 12.927733700039887 ], [ 77.680423207543086, 12.927824505892511 ], [ 77.680542900003616, 12.927881199996317 ] ] } },
{ "type": "Feature", "properties": { "OBJECTID": 184063, "SegmentID": 284063 }, "geometry": { "type": "LineString", "coordinates": [ [ 77.680542900003616, 12.927881199996317 ], [ 77.680621599876929, 12.9279184995814 ], [ 77.680931399604432, 12.928065199678654 ] ] } },
{ "type": "Feature", "properties": { "OBJECTID": 184125, "SegmentID": 284125 }, "geometry": { "type": "LineString", "coordinates": [ [ 77.505348416799691, 12.929673446207781 ], [ 77.505269299709965, 12.929624800237152 ], [ 77.505130500419014, 12.929567799911965 ], [ 77.505000899572352, 12.929491999824224 ], [ 77.50427704898587, 12.92924858089499 ] ] } },
{ "type": "Feature", "properties": { "OBJECTID": 184164, "SegmentID": 284164 }, "geometry": { "type": "LineString", "coordinates": [ [ 77.618138000032744, 12.928584799910423 ], [ 77.618334782071315, 12.928509838538874 ], [ 77.618589308208684, 12.928412879156316 ], [ 77.618899800419499, 12.928294599865872 ], [ 77.619390100168005, 12.928107900436848 ], [ 77.620857099992975, 12.927573200065963 ], [ 77.621006900133978, 12.927511400130401 ] ] } },
{ "type": "Feature", "properties": { "OBJECTID": 184165, "SegmentID": 284165 }, "geometry": { "type": "LineString", "coordinates": [ [ 77.618138000032744, 12.928584799910423 ], [ 77.617644100397015, 12.92877290030847 ], [ 77.617487599841795, 12.928832500032737 ], [ 77.616025199936445, 12.929389599666848 ], [ 77.615444600309829, 12.929604500436625 ], [ 77.615436236591947, 12.929603983512958 ], [ 77.615227799822563, 12.929591099828459 ], [ 77.615112899647343, 12.929552200200508 ] ] } },
{ "type": "Feature", "properties": { "OBJECTID": 184266, "SegmentID": 284266 }, "geometry": { "type": "LineString", "coordinates": [ [ 77.50547649985667, 12.929752199727767 ], [ 77.505348416799691, 12.929673446207781 ] ] } },
{ "type": "Feature", "properties": { "OBJECTID": 184355, "SegmentID": 284355 }, "geometry": { "type": "LineString", "coordinates": [ [ 77.680931399604432, 12.928065199678654 ], [ 77.6814241284644, 12.928301508123546 ], [ 77.681516899674691, 12.928346000009656 ] ] } },
{ "type": "Feature", "properties": { "OBJECTID": 184789, "SegmentID": 284789 }, "geometry": { "type": "LineString", "coordinates": [ [ 77.681516899674691, 12.928346000009656 ], [ 77.681670000261946, 12.928422099794833 ], [ 77.681929400354761, 12.928534400019718 ] ] } },
{ "type": "Feature", "properties": { "OBJECTID": 185031, "SegmentID": 285031 }, "geometry": { "type": "LineString", "coordinates": [ [ 77.681929400354761, 12.928534400019718 ], [ 77.682055300380483, 12.928588900218202 ], [ 77.682631399722382, 12.928868700226269 ] ] } },
{ "type": "Feature", "properties": { "OBJECTID": 185486, "SegmentID": 285486 }, "geometry": { "type": "LineString", "coordinates": [ [ 77.615112899647343, 12.929552200200508 ], [ 77.614857100137471, 12.929902599585356 ], [ 77.614666100256898, 12.930203599697876 ], [ 77.614332700429514, 12.930830099549221 ], [ 77.614277600242374, 12.930916899854724 ], [ 77.614129999859188, 12.931182599907594 ], [ 77.613995310449482, 12.931394907368196 ] ] } },
{ "type": "Feature", "properties": { "OBJECTID": 185487, "SegmentID": 285487 }, "geometry": { "type": "LineString", "coordinates": [ [ 77.682631399722382, 12.928868700226269 ], [ 77.68283219985085, 12.928966299641257 ] ] } },
{ "type": "Feature", "properties": { "OBJECTID": 185628, "SegmentID": 285628 }, "geometry": { "type": "LineString", "coordinates": [ [ 77.68283219985085, 12.928966299641257 ], [ 77.682843452747804, 12.928971761376236 ] ] } },
{ "type": "Feature", "properties": { "OBJECTID": 185639, "SegmentID": 285639 }, "geometry": { "type": "LineString", "coordinates": [ [ 77.682843452747804, 12.928971761376236 ], [ 77.683051199605146, 12.929072600032084 ] ] } },
{ "type": "Feature", "properties": { "OBJECTID": 185666, "SegmentID": 285666 }, "geometry": { "type": "LineString", "coordinates": [ [ 77.506161238849785, 12.930750758694858 ], [ 77.505885599889794, 12.930249100256027 ], [ 77.50582637534103, 12.930140646424569 ], [ 77.505798499801685, 12.93008960028093 ], [ 77.50559910001266, 12.929837999772138 ], [ 77.50547649985667, 12.929752199727767 ] ] } },
{ "type": "Feature", "properties": { "OBJECTID": 185788, "SegmentID": 285788 }, "geometry": { "type": "LineString", "coordinates": [ [ 77.683051199605146, 12.929072600032084 ], [ 77.683232600376414, 12.929160800201721 ] ] } },
{ "type": "Feature", "properties": { "OBJECTID": 185890, "SegmentID": 285890 }, "geometry": { "type": "LineString", "coordinates": [ [ 77.683232600376414, 12.929160800201721 ], [ 77.683406699760937, 12.929245300107921 ], [ 77.683650199665607, 12.929361399768494 ], [ 77.684437400060034, 12.929737700121468 ] ] } },
{ "type": "Feature", "properties": { "OBJECTID": 186272, "SegmentID": 286272 }, "geometry": { "type": "LineString", "coordinates": [ [ 77.506445099682765, 12.931226199588847 ], [ 77.506375300039565, 12.93114049995293 ], [ 77.506315000383793, 12.931030600211265 ], [ 77.506161238849785, 12.930750758694858 ] ] } },
{ "type": "Feature", "properties": { "OBJECTID": 186604, "SegmentID": 286604 }, "geometry": { "type": "LineString", "coordinates": [ [ 77.684437400060034, 12.929737700121468 ], [ 77.684630099898015, 12.929833700055802 ] ] } },
{ "type": "Feature", "properties": { "OBJECTID": 186766, "SegmentID": 286766 }, "geometry": { "type": "LineString", "coordinates": [ [ 77.684630099898015, 12.929833700055802 ], [ 77.684774800374711, 12.929907600374085 ], [ 77.68497639967336, 12.930021399793116 ], [ 77.685138699766341, 12.930123999680649 ] ] } },
{ "type": "Feature", "properties": { "OBJECTID": 187193, "SegmentID": 287193 }, "geometry": { "type": "LineString", "coordinates": [ [ 77.685138699766341, 12.930123999680649 ], [ 77.685229551919079, 12.93018157980296 ] ] } },
{ "type": "Feature", "properties": { "OBJECTID": 187290, "SegmentID": 287290 }, "geometry": { "type": "LineString", "coordinates": [ [ 77.685229551919079, 12.93018157980296 ], [ 77.685335299799817, 12.930248600404434 ], [ 77.685590000336134, 12.930438100295065 ], [ 77.68580880014872, 12.930617599662508 ], [ 77.685901042947208, 12.93071524798652 ] ] } },
{ "type": "Feature", "properties": { "OBJECTID": 188010, "SegmentID": 288010 }, "geometry": { "type": "LineString", "coordinates": [ [ 77.613995310449482, 12.931394907368196 ], [ 77.613829100074099, 12.931656900092815 ] ] } },
{ "type": "Feature", "properties": { "OBJECTID": 188075, "SegmentID": 288075 }, "geometry": { "type": "LineString", "coordinates": [ [ 77.685901042947208, 12.93071524798652 ], [ 77.685962399699818, 12.930780200416271 ], [ 77.686317099760288, 12.931122999728307 ], [ 77.686420900324947, 12.931213499588761 ] ] } },
{ "type": "Feature", "properties": { "OBJECTID": 188361, "SegmentID": 288361 }, "geometry": { "type": "LineString", "coordinates": [ [ 77.613829100074099, 12.931656900092815 ], [ 77.613627668460992, 12.93208740458466 ], [ 77.613532500253029, 12.932290800245402 ], [ 77.613502700030281, 12.932345100140356 ], [ 77.613432899733013, 12.93247340011564 ] ] } },
{ "type": "Feature", "properties": { "OBJECTID": 188738, "SegmentID": 288738 }, "geometry": { "type": "LineString", "coordinates": [ [ 77.686420900324947, 12.931213499588761 ], [ 77.686739700205464, 12.931491399832796 ] ] } },
{ "type": "Feature", "properties": { "OBJECTID": 189120, "SegmentID": 289120 }, "geometry": { "type": "LineString", "coordinates": [ [ 77.686739700205464, 12.931491399832796 ], [ 77.686828299753515, 12.931568699643515 ] ] } },
{ "type": "Feature", "properties": { "OBJECTID": 189192, "SegmentID": 289192 }, "geometry": { "type": "LineString", "coordinates": [ [ 77.686828299753515, 12.931568699643515 ], [ 77.687858200410574, 12.932460899801034 ], [ 77.68815589975172, 12.932717299832197 ], [ 77.688465087570464, 12.933001067054965 ] ] } },
{ "type": "Feature", "properties": { "OBJECTID": 189349, "SegmentID": 289349 }, "geometry": { "type": "LineString", "coordinates": [ [ 77.613432899733013, 12.93247340011564 ], [ 77.613194299885919, 12.932912099684909 ] ] } },
{ "type": "Feature", "properties": { "OBJECTID": 189742, "SegmentID": 289742 }, "geometry": { "type": "LineString", "coordinates": [ [ 77.531417225371257, 12.933611177874731 ], [ 77.531445499706891, 12.933314199809322 ], [ 77.531509899994987, 12.932336499673715 ], [ 77.531628899551521, 12.930626699971596 ], [ 77.531818599566691, 12.928255400333503 ], [ 77.531833154659324, 12.928056514032903 ] ] } },
{ "type": "Feature", "properties": { "OBJECTID": 189769, "SegmentID": 289769 }, "geometry": { "type": "LineString", "coordinates": [ [ 77.539465100075859, 12.933553099803699 ], [ 77.539602800374666, 12.933453600397296 ] ] } },
{ "type": "Feature", "properties": { "OBJECTID": 189824, "SegmentID": 289824 }, "geometry": { "type": "LineString", "coordinates": [ [ 77.53939759989521, 12.933601999727317 ], [ 77.539465100075859, 12.933553099803699 ] ] } },
{ "type": "Feature", "properties": { "OBJECTID": 189870, "SegmentID": 289870 }, "geometry": { "type": "LineString", "coordinates": [ [ 77.613194299885919, 12.932912099684909 ], [ 77.613140100387454, 12.933011699621078 ] ] } },
{ "type": "Feature", "properties": { "OBJECTID": 189983, "SegmentID": 289983 }, "geometry": { "type": "LineString", "coordinates": [ [ 77.613140100387454, 12.933011699621078 ], [ 77.61270309980587, 12.933815400002562 ] ] } },
{ "type": "Feature", "properties": { "OBJECTID": 190080, "SegmentID": 290080 }, "geometry": { "type": "LineString", "coordinates": [ [ 77.539021900200922, 12.933830600404407 ], [ 77.53939759989521, 12.933601999727317 ] ] } },
{ "type": "Feature", "properties": { "OBJECTID": 190102, "SegmentID": 290102 }, "geometry": { "type": "LineString", "coordinates": [ [ 77.538980500288474, 12.933855500189901 ], [ 77.539021900200922, 12.933830600404407 ] ] } },
{ "type": "Feature", "properties": { "OBJECTID": 190595, "SegmentID": 290595 }, "geometry": { "type": "LineString", "coordinates": [ [ 77.469536646879618, 12.934915495949545 ], [ 77.469543999991217, 12.935361399737232 ], [ 77.469543200276178, 12.935836600403604 ], [ 77.46952259986611, 12.93659470034631 ], [ 77.469517000349413, 12.93749779980724 ], [ 77.469508363709679, 12.937869093587025 ] ] } },
{ "type": "Feature", "properties": { "OBJECTID": 190690, "SegmentID": 290690 }, "geometry": { "type": "LineString", "coordinates": [ [ 77.538186300244675, 12.934333600266703 ], [ 77.538980500288474, 12.933855500189901 ] ] } },
{ "type": "Feature", "properties": { "OBJECTID": 190942, "SegmentID": 290942 }, "geometry": { "type": "LineString", "coordinates": [ [ 77.688465087570464, 12.933001067054965 ], [ 77.688895399945494, 12.933395999959567 ], [ 77.689000800413979, 12.933492699858798 ], [ 77.689304599739984, 12.933771500322408 ], [ 77.689848699905895, 12.934270799709669 ], [ 77.689894070777896, 12.934312451509442 ] ] } },
{ "type": "Feature", "properties": { "OBJECTID": 190959, "SegmentID": 290959 }, "geometry": { "type": "LineString", "coordinates": [ [ 77.537881500096049, 12.934517899888899 ], [ 77.538186300244675, 12.934333600266703 ] ] } },
{ "type": "Feature", "properties": { "OBJECTID": 191008, "SegmentID": 291008 }, "geometry": { "type": "LineString", "coordinates": [ [ 77.61270309980587, 12.933815400002562 ], [ 77.612387400062431, 12.93439549971391 ] ] } },
{ "type": "Feature", "properties": { "OBJECTID": 191013, "SegmentID": 291013 }, "geometry": { "type": "LineString", "coordinates": [ [ 77.537814191459518, 12.934558932903306 ], [ 77.537881500096049, 12.934517899888899 ] ] } },
{ "type": "Feature", "properties": { "OBJECTID": 191144, "SegmentID": 291144 }, "geometry": { "type": "LineString", "coordinates": [ [ 77.537626099755016, 12.934673599753593 ], [ 77.537814191459518, 12.934558932903306 ] ] } },
{ "type": "Feature", "properties": { "OBJECTID": 191258, "SegmentID": 291258 }, "geometry": { "type": "LineString", "coordinates": [ [ 77.511462722575601, 12.9350161119149 ], [ 77.511174199598386, 12.934877700226069 ], [ 77.510228600226554, 12.934132100446362 ], [ 77.51000959983979, 12.933949400194866 ], [ 77.509570700449061, 12.933583300179411 ], [ 77.509111400047544, 12.933200099925727 ], [ 77.508512099851075, 12.932636400294848 ], [ 77.506684299978033, 12.931422299960973 ], [ 77.506445099682765, 12.931226199588847 ] ] } },
{ "type": "Feature", "properties": { "OBJECTID": 191312, "SegmentID": 291312 }, "geometry": { "type": "LineString", "coordinates": [ [ 77.537392799863028, 12.934807800369246 ], [ 77.537455899547595, 12.934776999570177 ], [ 77.537514900144615, 12.93474190016622 ], [ 77.537566900229081, 12.934709700354171 ], [ 77.537626099755016, 12.934673599753593 ] ] } },
{ "type": "Feature", "properties": { "OBJECTID": 191401, "SegmentID": 291401 }, "geometry": { "type": "LineString", "coordinates": [ [ 77.511710540799541, 12.935123425965775 ], [ 77.511613200235345, 12.935088299798414 ], [ 77.511462722575601, 12.9350161119149 ] ] } },
{ "type": "Feature", "properties": { "OBJECTID": 191408, "SegmentID": 291408 }, "geometry": { "type": "LineString", "coordinates": [ [ 77.537215999846964, 12.934888800318506 ], [ 77.537392799863028, 12.934807800369246 ] ] } },
{ "type": "Feature", "properties": { "OBJECTID": 191450, "SegmentID": 291450 }, "geometry": { "type": "LineString", "coordinates": [ [ 77.53717440030097, 12.934914400204063 ], [ 77.537215999846964, 12.934888800318506 ] ] } },
{ "type": "Feature", "properties": { "OBJECTID": 191584, "SegmentID": 291584 }, "geometry": { "type": "LineString", "coordinates": [ [ 77.536972500186863, 12.935021000193341 ], [ 77.53717440030097, 12.934914400204063 ] ] } },
{ "type": "Feature", "properties": { "OBJECTID": 191657, "SegmentID": 291657 }, "geometry": { "type": "LineString", "coordinates": [ [ 77.536872800023801, 12.935072800412255 ], [ 77.536972500186863, 12.935021000193341 ] ] } },
{ "type": "Feature", "properties": { "OBJECTID": 191744, "SegmentID": 291744 }, "geometry": { "type": "LineString", "coordinates": [ [ 77.612387400062431, 12.93439549971391 ], [ 77.612335400029849, 12.934485599724457 ], [ 77.612329968758388, 12.934495964017465 ], [ 77.612242599783698, 12.934662699916506 ], [ 77.611794800199874, 12.935391800061804 ], [ 77.611729800253471, 12.93551199955701 ], [ 77.611680631905244, 12.935602970964958 ], [ 77.611632999728513, 12.935691100165954 ], [ 77.611535099773178, 12.935872099932149 ], [ 77.611487799903557, 12.935959599721569 ] ] } },
{ "type": "Feature", "properties": { "OBJECTID": 191863, "SegmentID": 291863 }, "geometry": { "type": "LineString", "coordinates": [ [ 77.536621099845377, 12.935226999870737 ], [ 77.536872800023801, 12.935072800412255 ] ] } },
{ "type": "Feature", "properties": { "OBJECTID": 191979, "SegmentID": 291979 }, "geometry": { "type": "LineString", "coordinates": [ [ 77.513130635508006, 12.935558796317007 ], [ 77.512966499957514, 12.935520000270415 ], [ 77.512837700235323, 12.935479999881878 ], [ 77.51220540042533, 12.935301999775852 ], [ 77.511710540799541, 12.935123425965775 ] ] } },
{ "type": "Feature", "properties": { "OBJECTID": 191981, "SegmentID": 291981 }, "geometry": { "type": "LineString", "coordinates": [ [ 77.536420299976072, 12.935334700084901 ], [ 77.536621099845377, 12.935226999870737 ] ] } },
{ "type": "Feature", "properties": { "OBJECTID": 192374, "SegmentID": 292374 }, "geometry": { "type": "LineString", "coordinates": [ [ 77.513960854729476, 12.935842222132376 ], [ 77.513659599855274, 12.935733400002482 ], [ 77.513542799827974, 12.935666599812649 ], [ 77.513292599957168, 12.935594000126342 ], [ 77.513130635508006, 12.935558796317007 ] ] } },
{ "type": "Feature", "properties": { "OBJECTID": 192573, "SegmentID": 292573 }, "geometry": { "type": "LineString", "coordinates": [ [ 77.514587400176865, 12.93598390040346 ], [ 77.514423099887097, 12.935950300199938 ], [ 77.513984599589165, 12.935850800415938 ], [ 77.513960854729476, 12.935842222132376 ] ] } },
{ "type": "Feature", "properties": { "OBJECTID": 192650, "SegmentID": 292650 }, "geometry": { "type": "LineString", "coordinates": [ [ 77.51486952086772, 12.936041690793058 ], [ 77.514587400176865, 12.93598390040346 ] ] } },
{ "type": "Feature", "properties": { "OBJECTID": 192682, "SegmentID": 292682 }, "geometry": { "type": "LineString", "coordinates": [ [ 77.689894070777896, 12.934312451509442 ], [ 77.690031404800649, 12.934438530688046 ] ] } },
{ "type": "Feature", "properties": { "OBJECTID": 192693, "SegmentID": 292693 }, "geometry": { "type": "LineString", "coordinates": [ [ 77.515014603736773, 12.936071410350094 ], [ 77.51486952086772, 12.936041690793058 ] ] } },
{ "type": "Feature", "properties": { "OBJECTID": 192775, "SegmentID": 292775 }, "geometry": { "type": "LineString", "coordinates": [ [ 77.515400597077956, 12.936129379131698 ], [ 77.515119999827519, 12.936092999955527 ], [ 77.515014603736773, 12.936071410350094 ] ] } },
{ "type": "Feature", "properties": { "OBJECTID": 192863, "SegmentID": 292863 }, "geometry": { "type": "LineString", "coordinates": [ [ 77.690031404800649, 12.934438530688046 ], [ 77.690067100293746, 12.934471300010896 ], [ 77.690285499806791, 12.934671600424627 ], [ 77.690430100201283, 12.934804400427101 ] ] } },
{ "type": "Feature", "properties": { "OBJECTID": 192877, "SegmentID": 292877 }, "geometry": { "type": "LineString", "coordinates": [ [ 77.515816500041808, 12.936183300239808 ], [ 77.515400597077956, 12.936129379131698 ] ] } },
{ "type": "Feature", "properties": { "OBJECTID": 193048, "SegmentID": 293048 }, "geometry": { "type": "LineString", "coordinates": [ [ 77.516613299580428, 12.936286600296196 ], [ 77.516350400390124, 12.936252500151983 ], [ 77.515816500041808, 12.936183300239808 ] ] } },
{ "type": "Feature", "properties": { "OBJECTID": 193102, "SegmentID": 293102 }, "geometry": { "type": "LineString", "coordinates": [ [ 77.517277682152724, 12.93632177217887 ], [ 77.516743700366106, 12.936303500017818 ], [ 77.516613299580428, 12.936286600296196 ] ] } },
{ "type": "Feature", "properties": { "OBJECTID": 193144, "SegmentID": 293144 }, "geometry": { "type": "LineString", "coordinates": [ [ 77.51782810027801, 12.936340600084767 ], [ 77.51742170034592, 12.936326699912327 ], [ 77.517277682152724, 12.93632177217887 ] ] } },
{ "type": "Feature", "properties": { "OBJECTID": 193174, "SegmentID": 293174 }, "geometry": { "type": "LineString", "coordinates": [ [ 77.518349899971767, 12.936361800192122 ], [ 77.518251699735202, 12.936354000125622 ], [ 77.51782810027801, 12.936340600084767 ] ] } },
{ "type": "Feature", "properties": { "OBJECTID": 193200, "SegmentID": 293200 }, "geometry": { "type": "LineString", "coordinates": [ [ 77.518577642499878, 12.936381635694028 ], [ 77.518523499923901, 12.936372800337875 ], [ 77.518349899971767, 12.936361800192122 ] ] } },
{ "type": "Feature", "properties": { "OBJECTID": 193393, "SegmentID": 293393 }, "geometry": { "type": "LineString", "coordinates": [ [ 77.690430100201283, 12.934804400427101 ], [ 77.690499499675809, 12.934868000047798 ] ] } },
{ "type": "Feature", "properties": { "OBJECTID": 193498, "SegmentID": 293498 }, "geometry": { "type": "LineString", "coordinates": [ [ 77.690499499675809, 12.934868000047798 ], [ 77.69061949998293, 12.934978600381413 ] ] } },
{ "type": "Feature", "properties": { "OBJECTID": 193638, "SegmentID": 293638 }, "geometry": { "type": "LineString", "coordinates": [ [ 77.69061949998293, 12.934978600381413 ], [ 77.690771600418984, 12.93511869968097 ] ] } },
{ "type": "Feature", "properties": { "OBJECTID": 193850, "SegmentID": 293850 }, "geometry": { "type": "LineString", "coordinates": [ [ 77.690771600418984, 12.93511869968097 ], [ 77.690978099634037, 12.935309100077161 ] ] } },
{ "type": "Feature", "properties": { "OBJECTID": 193901, "SegmentID": 293901 }, "geometry": { "type": "LineString", "coordinates": [ [ 77.611487799903557, 12.935959599721569 ], [ 77.611336535802906, 12.936239357940051 ] ] } },
{ "type": "Feature", "properties": { "OBJECTID": 194131, "SegmentID": 294131 }, "geometry": { "type": "LineString", "coordinates": [ [ 77.690978099634037, 12.935309100077161 ], [ 77.691071199812654, 12.935394799825692 ] ] } },
{ "type": "Feature", "properties": { "OBJECTID": 194261, "SegmentID": 294261 }, "geometry": { "type": "LineString", "coordinates": [ [ 77.691071199812654, 12.935394799825692 ], [ 77.691302399741886, 12.935603999790198 ] ] } },
{ "type": "Feature", "properties": { "OBJECTID": 194288, "SegmentID": 294288 }, "geometry": { "type": "LineString", "coordinates": [ [ 77.611336535802906, 12.936239357940051 ], [ 77.610983599553563, 12.936892100359129 ] ] } },
{ "type": "Feature", "properties": { "OBJECTID": 194387, "SegmentID": 294387 }, "geometry": { "type": "LineString", "coordinates": [ [ 77.534037499683464, 12.937091299951398 ], [ 77.534062099841492, 12.937003499681508 ], [ 77.53415790022899, 12.936789999918854 ], [ 77.534328999944478, 12.936546399943852 ], [ 77.534441700095726, 12.936419299624411 ], [ 77.534644499878723, 12.936249799793639 ], [ 77.535173900272483, 12.935974399734548 ], [ 77.535665500129369, 12.935718600426375 ], [ 77.535947599638376, 12.935567400147947 ], [ 77.536420299976072, 12.935334700084901 ] ] } },
{ "type": "Feature", "properties": { "OBJECTID": 194517, "SegmentID": 294517 }, "geometry": { "type": "LineString", "coordinates": [ [ 77.691302399741886, 12.935603999790198 ], [ 77.691506427909147, 12.935792865895612 ] ] } },
{ "type": "Feature", "properties": { "OBJECTID": 194615, "SegmentID": 294615 }, "geometry": { "type": "LineString", "coordinates": [ [ 77.533991502374377, 12.937232193085094 ], [ 77.534037499683464, 12.937091299951398 ] ] } },
{ "type": "Feature", "properties": { "OBJECTID": 194640, "SegmentID": 294640 }, "geometry": { "type": "LineString", "coordinates": [ [ 77.469508363709679, 12.937869093587025 ], [ 77.469502699959946, 12.938112600334009 ], [ 77.469507000019078, 12.938855700021156 ], [ 77.469542600410051, 12.939499799561791 ], [ 77.469573099542686, 12.939959099910777 ], [ 77.46956929965134, 12.940678200237457 ], [ 77.469592061498815, 12.94103019737566 ] ] } },
{ "type": "Feature", "properties": { "OBJECTID": 194825, "SegmentID": 294825 }, "geometry": { "type": "LineString", "coordinates": [ [ 77.691506427909147, 12.935792865895612 ], [ 77.691871600103184, 12.936130899746006 ] ] } },
{ "type": "Feature", "properties": { "OBJECTID": 195009, "SegmentID": 295009 }, "geometry": { "type": "LineString", "coordinates": [ [ 77.533907399564583, 12.937489799746301 ], [ 77.533991502374377, 12.937232193085094 ] ] } },
{ "type": "Feature", "properties": { "OBJECTID": 195165, "SegmentID": 295165 }, "geometry": { "type": "LineString", "coordinates": [ [ 77.521213400212147, 12.937717999980181 ], [ 77.521071299748286, 12.937523400369928 ], [ 77.520700899719984, 12.937145500078989 ], [ 77.520440300315386, 12.936987500027456 ], [ 77.520182499603763, 12.936882499879527 ], [ 77.518792299851654, 12.936422500409902 ], [ 77.518735800457137, 12.936407000272311 ], [ 77.518706100012935, 12.936402599877352 ], [ 77.518577642499878, 12.936381635694028 ] ] } },
{ "type": "Feature", "properties": { "OBJECTID": 195182, "SegmentID": 295182 }, "geometry": { "type": "LineString", "coordinates": [ [ 77.533841100334712, 12.937605199860517 ], [ 77.533907399564583, 12.937489799746301 ] ] } },
{ "type": "Feature", "properties": { "OBJECTID": 195259, "SegmentID": 295259 }, "geometry": { "type": "LineString", "coordinates": [ [ 77.610983599553563, 12.936892100359129 ], [ 77.610930799837533, 12.936989700377703 ], [ 77.610873098138484, 12.937096496665321 ] ] } },
{ "type": "Feature", "properties": { "OBJECTID": 195365, "SegmentID": 295365 }, "geometry": { "type": "LineString", "coordinates": [ [ 77.691871600103184, 12.936130899746006 ], [ 77.691946200207653, 12.936199899708507 ] ] } },
{ "type": "Feature", "properties": { "OBJECTID": 195431, "SegmentID": 295431 }, "geometry": { "type": "LineString", "coordinates": [ [ 77.691946200207653, 12.936199899708507 ], [ 77.692164066951065, 12.936402198108667 ] ] } },
{ "type": "Feature", "properties": { "OBJECTID": 195509, "SegmentID": 295509 }, "geometry": { "type": "LineString", "coordinates": [ [ 77.533720500226394, 12.937841299804122 ], [ 77.533841100334712, 12.937605199860517 ] ] } },
{ "type": "Feature", "properties": { "OBJECTID": 195538, "SegmentID": 295538 }, "geometry": { "type": "LineString", "coordinates": [ [ 77.610873098138484, 12.937096496665321 ], [ 77.610840300122604, 12.937157200134703 ], [ 77.610795800070889, 12.937239499729733 ], [ 77.610640800015858, 12.93752609981526 ], [ 77.610586699760646, 12.937626199962526 ], [ 77.61024359986142, 12.938260800304962 ] ] } },
{ "type": "Feature", "properties": { "OBJECTID": 195720, "SegmentID": 295720 }, "geometry": { "type": "LineString", "coordinates": [ [ 77.692164066951065, 12.936402198108667 ], [ 77.692536699989574, 12.936748199976204 ] ] } },
{ "type": "Feature", "properties": { "OBJECTID": 195725, "SegmentID": 295725 }, "geometry": { "type": "LineString", "coordinates": [ [ 77.533625496506843, 12.937993571395882 ], [ 77.533720500226394, 12.937841299804122 ] ] } },
{ "type": "Feature", "properties": { "OBJECTID": 195915, "SegmentID": 295915 }, "geometry": { "type": "LineString", "coordinates": [ [ 77.533556599948042, 12.938103999597963 ], [ 77.533625496506843, 12.937993571395882 ] ] } },
{ "type": "Feature", "properties": { "OBJECTID": 196212, "SegmentID": 296212 }, "geometry": { "type": "LineString", "coordinates": [ [ 77.531925449829131, 12.938354341438689 ], [ 77.531800600357855, 12.937900000256464 ], [ 77.531663101243765, 12.937314263564664 ], [ 77.531609009277474, 12.937083833944365 ], [ 77.53149940029617, 12.936616899913382 ], [ 77.53148249955315, 12.936512999735712 ], [ 77.531351399832744, 12.935713299583398 ], [ 77.531346191486591, 12.935274049867282 ], [ 77.531339599590396, 12.934718099705805 ], [ 77.531358000063278, 12.934460600030397 ], [ 77.531387700149565, 12.933921300122041 ], [ 77.531417225371257, 12.933611177874731 ] ] } },
{ "type": "Feature", "properties": { "OBJECTID": 196214, "SegmentID": 296214 }, "geometry": { "type": "LineString", "coordinates": [ [ 77.531925449829131, 12.938354341438689 ], [ 77.531929999645413, 12.938370900438889 ], [ 77.532109599925789, 12.938950600085342 ], [ 77.532301900247589, 12.9393123001164 ] ] } },
{ "type": "Feature", "properties": { "OBJECTID": 196221, "SegmentID": 296221 }, "geometry": { "type": "LineString", "coordinates": [ [ 77.692536699989574, 12.936748199976204 ], [ 77.692555971829293, 12.936764489296113 ] ] } },
{ "type": "Feature", "properties": { "OBJECTID": 196251, "SegmentID": 296251 }, "geometry": { "type": "LineString", "coordinates": [ [ 77.692555971829293, 12.936764489296113 ], [ 77.69286057599669, 12.937021955288699 ] ] } },
{ "type": "Feature", "properties": { "OBJECTID": 196253, "SegmentID": 296253 }, "geometry": { "type": "LineString", "coordinates": [ [ 77.522075313916247, 12.938470145241983 ], [ 77.521824700157595, 12.938319299932131 ], [ 77.521599299719142, 12.938147300268708 ], [ 77.521213400212147, 12.937717999980181 ] ] } },
{ "type": "Feature", "properties": { "OBJECTID": 196268, "SegmentID": 296268 }, "geometry": { "type": "LineString", "coordinates": [ [ 77.533414400130226, 12.938367999995322 ], [ 77.533556599948042, 12.938103999597963 ] ] } },
{ "type": "Feature", "properties": { "OBJECTID": 196406, "SegmentID": 296406 }, "geometry": { "type": "LineString", "coordinates": [ [ 77.522245747137461, 12.938572728548301 ], [ 77.522075313916247, 12.938470145241983 ] ] } },
{ "type": "Feature", "properties": { "OBJECTID": 196591, "SegmentID": 296591 }, "geometry": { "type": "LineString", "coordinates": [ [ 77.69286057599669, 12.937021955288699 ], [ 77.693067125893805, 12.937196539375067 ] ] } },
{ "type": "Feature", "properties": { "OBJECTID": 196834, "SegmentID": 296834 }, "geometry": { "type": "LineString", "coordinates": [ [ 77.693067125893805, 12.937196539375067 ], [ 77.693165271844293, 12.937279496643137 ] ] } },
{ "type": "Feature", "properties": { "OBJECTID": 196954, "SegmentID": 296954 }, "geometry": { "type": "LineString", "coordinates": [ [ 77.522877060510993, 12.938978265661405 ], [ 77.522382600352515, 12.938655099545581 ], [ 77.522245747137461, 12.938572728548301 ] ] } },
{ "type": "Feature", "properties": { "OBJECTID": 196960, "SegmentID": 296960 }, "geometry": { "type": "LineString", "coordinates": [ [ 77.693165271844293, 12.937279496643137 ], [ 77.693305000056711, 12.937397599964367 ], [ 77.693515699751984, 12.937613700292493 ] ] } },
{ "type": "Feature", "properties": { "OBJECTID": 197184, "SegmentID": 297184 }, "geometry": { "type": "LineString", "coordinates": [ [ 77.61024359986142, 12.938260800304962 ], [ 77.610180205448088, 12.938378037512924 ] ] } },
{ "type": "Feature", "properties": { "OBJECTID": 197306, "SegmentID": 297306 }, "geometry": { "type": "LineString", "coordinates": [ [ 77.523140916848632, 12.939210627409746 ], [ 77.523093399646257, 12.939157600254653 ], [ 77.52290189978055, 12.938994500284997 ], [ 77.522877060510993, 12.938978265661405 ] ] } },
{ "type": "Feature", "properties": { "OBJECTID": 197351, "SegmentID": 297351 }, "geometry": { "type": "LineString", "coordinates": [ [ 77.610180205448088, 12.938378037512924 ], [ 77.609978800046932, 12.938750500226414 ], [ 77.60991900011318, 12.93887400011412 ], [ 77.609825274138046, 12.939040396435853 ] ] } },
{ "type": "Feature", "properties": { "OBJECTID": 197454, "SegmentID": 297454 }, "geometry": { "type": "LineString", "coordinates": [ [ 77.693515699751984, 12.937613700292493 ], [ 77.69380936668243, 12.93791486000835 ] ] } },
{ "type": "Feature", "properties": { "OBJECTID": 197830, "SegmentID": 297830 }, "geometry": { "type": "LineString", "coordinates": [ [ 77.523467699578717, 12.939575299923836 ], [ 77.523140916848632, 12.939210627409746 ] ] } },
{ "type": "Feature", "properties": { "OBJECTID": 197899, "SegmentID": 297899 }, "geometry": { "type": "LineString", "coordinates": [ [ 77.69380936668243, 12.93791486000835 ], [ 77.693946799780377, 12.938055800298475 ] ] } },
{ "type": "Feature", "properties": { "OBJECTID": 198103, "SegmentID": 298103 }, "geometry": { "type": "LineString", "coordinates": [ [ 77.693946799780377, 12.938055800298475 ], [ 77.694068838526164, 12.938180974953156 ] ] } },
{ "type": "Feature", "properties": { "OBJECTID": 198226, "SegmentID": 298226 }, "geometry": { "type": "LineString", "coordinates": [ [ 77.532561772014361, 12.93976104749086 ], [ 77.533414400130226, 12.938367999995322 ] ] } },
{ "type": "Feature", "properties": { "OBJECTID": 198273, "SegmentID": 298273 }, "geometry": { "type": "LineString", "coordinates": [ [ 77.694068838526164, 12.938180974953156 ], [ 77.694448799776282, 12.938570699952118 ], [ 77.69449679986775, 12.938622300297604 ] ] } },
{ "type": "Feature", "properties": { "OBJECTID": 198279, "SegmentID": 298279 }, "geometry": { "type": "LineString", "coordinates": [ [ 77.609825274138046, 12.939040396435853 ], [ 77.609745400142216, 12.939182200128919 ], [ 77.609718693173832, 12.939234011577643 ] ] } },
{ "type": "Feature", "properties": { "OBJECTID": 198301, "SegmentID": 298301 }, "geometry": { "type": "LineString", "coordinates": [ [ 77.523768310493239, 12.939900986124718 ], [ 77.523467699578717, 12.939575299923836 ] ] } },
{ "type": "Feature", "properties": { "OBJECTID": 198587, "SegmentID": 298587 }, "geometry": { "type": "LineString", "coordinates": [ [ 77.523915564455052, 12.940060523835465 ], [ 77.523768310493239, 12.939900986124718 ] ] } },
{ "type": "Feature", "properties": { "OBJECTID": 198620, "SegmentID": 298620 }, "geometry": { "type": "LineString", "coordinates": [ [ 77.609718693173832, 12.939234011577643 ], [ 77.609112200197515, 12.940410600017213 ] ] } },
{ "type": "Feature", "properties": { "OBJECTID": 198881, "SegmentID": 298881 }, "geometry": { "type": "LineString", "coordinates": [ [ 77.52411324284428, 12.940274690062292 ], [ 77.523915564455052, 12.940060523835465 ] ] } },
{ "type": "Feature", "properties": { "OBJECTID": 198972, "SegmentID": 298972 }, "geometry": { "type": "LineString", "coordinates": [ [ 77.69449679986775, 12.938622300297604 ], [ 77.694706300345118, 12.938847800383023 ], [ 77.69495049981478, 12.93913360009771 ], [ 77.695075000231299, 12.939282999597893 ], [ 77.695192299618526, 12.939452899559083 ] ] } },
{ "type": "Feature", "properties": { "OBJECTID": 199187, "SegmentID": 299187 }, "geometry": { "type": "LineString", "coordinates": [ [ 77.469592061498815, 12.94103019737566 ], [ 77.469610199874666, 12.94131069978123 ], [ 77.469692200180177, 12.942677299740058 ], [ 77.469732899784475, 12.94362370011115 ], [ 77.469788800064009, 12.944685799554053 ], [ 77.469831799567061, 12.945142000374204 ], [ 77.469878199857263, 12.945503899810015 ], [ 77.469955733187305, 12.945956730176304 ] ] } },
{ "type": "Feature", "properties": { "OBJECTID": 199669, "SegmentID": 299669 }, "geometry": { "type": "LineString", "coordinates": [ [ 77.524548199552257, 12.940840599901609 ], [ 77.524308099797537, 12.940485799817658 ], [ 77.52411324284428, 12.940274690062292 ] ] } },
{ "type": "Feature", "properties": { "OBJECTID": 199789, "SegmentID": 299789 }, "geometry": { "type": "LineString", "coordinates": [ [ 77.524609999862449, 12.940932000118123 ], [ 77.524548199552257, 12.940840599901609 ] ] } },
{ "type": "Feature", "properties": { "OBJECTID": 200198, "SegmentID": 300198 }, "geometry": { "type": "LineString", "coordinates": [ [ 77.695192299618526, 12.939452899559083 ], [ 77.695300600340431, 12.939641600365663 ], [ 77.695441452112803, 12.939858278818461 ] ] } },
{ "type": "Feature", "properties": { "OBJECTID": 200218, "SegmentID": 300218 }, "geometry": { "type": "LineString", "coordinates": [ [ 77.524770699932304, 12.941169500166245 ], [ 77.524609999862449, 12.940932000118123 ] ] } },
{ "type": "Feature", "properties": { "OBJECTID": 200240, "SegmentID": 300240 }, "geometry": { "type": "LineString", "coordinates": [ [ 77.52477884089727, 12.941180480821695 ], [ 77.524770699932304, 12.941169500166245 ] ] } },
{ "type": "Feature", "properties": { "OBJECTID": 200303, "SegmentID": 300303 }, "geometry": { "type": "LineString", "coordinates": [ [ 77.524805730938681, 12.941216751705813 ], [ 77.52477884089727, 12.941180480821695 ] ] } },
{ "type": "Feature", "properties": { "OBJECTID": 200345, "SegmentID": 300345 }, "geometry": { "type": "LineString", "coordinates": [ [ 77.609112200197515, 12.940410600017213 ], [ 77.60877479970766, 12.940972499871849 ] ] } },
{ "type": "Feature", "properties": { "OBJECTID": 200705, "SegmentID": 300705 }, "geometry": { "type": "LineString", "coordinates": [ [ 77.524974402245249, 12.941451170276041 ], [ 77.524880199671529, 12.941317200348228 ], [ 77.524805730938681, 12.941216751705813 ] ] } },
{ "type": "Feature", "properties": { "OBJECTID": 200860, "SegmentID": 300860 }, "geometry": { "type": "LineString", "coordinates": [ [ 77.695441452112803, 12.939858278818461 ], [ 77.695953603259909, 12.940646136152118 ] ] } },
{ "type": "Feature", "properties": { "OBJECTID": 200911, "SegmentID": 300911 }, "geometry": { "type": "LineString", "coordinates": [ [ 77.525069700197704, 12.94158669978893 ], [ 77.524974402245249, 12.941451170276041 ] ] } },
{ "type": "Feature", "properties": { "OBJECTID": 200944, "SegmentID": 300944 }, "geometry": { "type": "LineString", "coordinates": [ [ 77.531505648400795, 12.941540868843706 ], [ 77.531735699842827, 12.941121899724946 ], [ 77.532120700184933, 12.940415100311975 ], [ 77.532301000414535, 12.940187100438758 ], [ 77.532561772014361, 12.93976104749086 ] ] } },
{ "type": "Feature", "properties": { "OBJECTID": 201255, "SegmentID": 301255 }, "geometry": { "type": "LineString", "coordinates": [ [ 77.60877479970766, 12.940972499871849 ], [ 77.608681600020674, 12.941154200245268 ] ] } },
{ "type": "Feature", "properties": { "OBJECTID": 201522, "SegmentID": 301522 }, "geometry": { "type": "LineString", "coordinates": [ [ 77.608681600020674, 12.941154200245268 ], [ 77.608639400387034, 12.941236399892842 ] ] } },
{ "type": "Feature", "properties": { "OBJECTID": 201680, "SegmentID": 301680 }, "geometry": { "type": "LineString", "coordinates": [ [ 77.608639400387034, 12.941236399892842 ], [ 77.608504500377506, 12.941491300373356 ] ] } },
{ "type": "Feature", "properties": { "OBJECTID": 201724, "SegmentID": 301724 }, "geometry": { "type": "LineString", "coordinates": [ [ 77.525413799811474, 12.942076299600901 ], [ 77.525069700197704, 12.94158669978893 ] ] } },
{ "type": "Feature", "properties": { "OBJECTID": 202087, "SegmentID": 302087 }, "geometry": { "type": "LineString", "coordinates": [ [ 77.525538700171495, 12.942283199756838 ], [ 77.525531376552976, 12.942271067412459 ], [ 77.525413799811474, 12.942076299600901 ] ] } },
{ "type": "Feature", "properties": { "OBJECTID": 202106, "SegmentID": 302106 }, "geometry": { "type": "LineString", "coordinates": [ [ 77.531119790514069, 12.942243590709287 ], [ 77.531505648400795, 12.941540868843706 ] ] } },
{ "type": "Feature", "properties": { "OBJECTID": 202114, "SegmentID": 302114 }, "geometry": { "type": "LineString", "coordinates": [ [ 77.608504500377506, 12.941491300373356 ], [ 77.608436793708279, 12.941625518938833 ] ] } },
{ "type": "Feature", "properties": { "OBJECTID": 202183, "SegmentID": 302183 }, "geometry": { "type": "LineString", "coordinates": [ [ 77.695953603259909, 12.940646136152118 ], [ 77.696121099828986, 12.940903799805087 ], [ 77.696183668404686, 12.941009274075411 ] ] } },
{ "type": "Feature", "properties": { "OBJECTID": 202299, "SegmentID": 302299 }, "geometry": { "type": "LineString", "coordinates": [ [ 77.608436793708279, 12.941625518938833 ], [ 77.608266300341199, 12.941963499691887 ] ] } },
{ "type": "Feature", "properties": { "OBJECTID": 202563, "SegmentID": 302563 }, "geometry": { "type": "LineString", "coordinates": [ [ 77.525764899793501, 12.942619500292786 ], [ 77.525730100397311, 12.942570500281153 ], [ 77.525635534617905, 12.942437414289685 ], [ 77.525610299835733, 12.942401899974257 ], [ 77.525550141021299, 12.942302167690659 ], [ 77.525538700171495, 12.942283199756838 ] ] } },
{ "type": "Feature", "properties": { "OBJECTID": 202587, "SegmentID": 302587 }, "geometry": { "type": "LineString", "coordinates": [ [ 77.530931494624042, 12.942586511462894 ], [ 77.531119790514069, 12.942243590709287 ] ] } },
{ "type": "Feature", "properties": { "OBJECTID": 202707, "SegmentID": 302707 }, "geometry": { "type": "LineString", "coordinates": [ [ 77.525826400223551, 12.942705999776155 ], [ 77.525764899793501, 12.942619500292786 ] ] } },
{ "type": "Feature", "properties": { "OBJECTID": 202726, "SegmentID": 302726 }, "geometry": { "type": "LineString", "coordinates": [ [ 77.696183668404686, 12.941009274075411 ], [ 77.696297699579304, 12.941201500377852 ] ] } },
{ "type": "Feature", "properties": { "OBJECTID": 202808, "SegmentID": 302808 }, "geometry": { "type": "LineString", "coordinates": [ [ 77.608266300341199, 12.941963499691887 ], [ 77.608237999962796, 12.942018199932516 ] ] } },
{ "type": "Feature", "properties": { "OBJECTID": 202888, "SegmentID": 302888 }, "geometry": { "type": "LineString", "coordinates": [ [ 77.608237999962796, 12.942018199932516 ], [ 77.608142969066066, 12.942228821916238 ] ] } },
{ "type": "Feature", "properties": { "OBJECTID": 202999, "SegmentID": 302999 }, "geometry": { "type": "LineString", "coordinates": [ [ 77.696297699579304, 12.941201500377852 ], [ 77.696328399829341, 12.941242699821002 ] ] } },
{ "type": "Feature", "properties": { "OBJECTID": 203052, "SegmentID": 303052 }, "geometry": { "type": "LineString", "coordinates": [ [ 77.696328399829341, 12.941242699821002 ], [ 77.696486799583298, 12.941452500045788 ], [ 77.696533100122551, 12.941531299777264 ], [ 77.696548500241093, 12.941558000313835 ] ] } },
{ "type": "Feature", "properties": { "OBJECTID": 203208, "SegmentID": 303208 }, "geometry": { "type": "LineString", "coordinates": [ [ 77.608142969066066, 12.942228821916238 ], [ 77.60811690019689, 12.942286600385099 ], [ 77.608019399633505, 12.942553799816341 ] ] } },
{ "type": "Feature", "properties": { "OBJECTID": 203328, "SegmentID": 303328 }, "geometry": { "type": "LineString", "coordinates": [ [ 77.526144999959683, 12.943104300099799 ], [ 77.526076200083452, 12.943002700244771 ], [ 77.526067922265071, 12.942992868397205 ], [ 77.525948960026327, 12.942851570590594 ], [ 77.525826400223551, 12.942705999776155 ] ] } },
{ "type": "Feature", "properties": { "OBJECTID": 203504, "SegmentID": 303504 }, "geometry": { "type": "LineString", "coordinates": [ [ 77.526212299710892, 12.943203100127343 ], [ 77.526174842184645, 12.943148110603026 ], [ 77.526144999959683, 12.943104300099799 ] ] } },
{ "type": "Feature", "properties": { "OBJECTID": 203605, "SegmentID": 303605 }, "geometry": { "type": "LineString", "coordinates": [ [ 77.696548500241093, 12.941558000313835 ], [ 77.696615500424741, 12.941673599591367 ] ] } },
{ "type": "Feature", "properties": { "OBJECTID": 203772, "SegmentID": 303772 }, "geometry": { "type": "LineString", "coordinates": [ [ 77.608019399633505, 12.942553799816341 ], [ 77.607874999868372, 12.942951499746764 ], [ 77.607851099607885, 12.943054399876827 ] ] } },
{ "type": "Feature", "properties": { "OBJECTID": 203799, "SegmentID": 303799 }, "geometry": { "type": "LineString", "coordinates": [ [ 77.696615500424741, 12.941673599591367 ], [ 77.696963400179584, 12.94227409956811 ] ] } },
{ "type": "Feature", "properties": { "OBJECTID": 204018, "SegmentID": 304018 }, "geometry": { "type": "LineString", "coordinates": [ [ 77.526424300235533, 12.943514099932035 ], [ 77.526292733971317, 12.943321094628816 ], [ 77.526212299710892, 12.943203100127343 ] ] } },
{ "type": "Feature", "properties": { "OBJECTID": 204347, "SegmentID": 304347 }, "geometry": { "type": "LineString", "coordinates": [ [ 77.526559300390204, 12.943712099704403 ], [ 77.526504408158544, 12.943631590642307 ], [ 77.526424300235533, 12.943514099932035 ] ] } },
{ "type": "Feature", "properties": { "OBJECTID": 204404, "SegmentID": 304404 }, "geometry": { "type": "LineString", "coordinates": [ [ 77.526603499587992, 12.943766600051982 ], [ 77.526577399839596, 12.943738699756114 ], [ 77.526559300390204, 12.943712099704403 ] ] } },
{ "type": "Feature", "properties": { "OBJECTID": 204546, "SegmentID": 304546 }, "geometry": { "type": "LineString", "coordinates": [ [ 77.607851099607885, 12.943054399876827 ], [ 77.607806499610206, 12.943246099941375 ] ] } },
{ "type": "Feature", "properties": { "OBJECTID": 204646, "SegmentID": 304646 }, "geometry": { "type": "LineString", "coordinates": [ [ 77.526761916221702, 12.943935890463557 ], [ 77.526603499587992, 12.943766600051982 ] ] } },
{ "type": "Feature", "properties": { "OBJECTID": 204717, "SegmentID": 304717 }, "geometry": { "type": "LineString", "coordinates": [ [ 77.696963400179584, 12.94227409956811 ], [ 77.697173899569421, 12.942637399656727 ] ] } },
{ "type": "Feature", "properties": { "OBJECTID": 204814, "SegmentID": 304814 }, "geometry": { "type": "LineString", "coordinates": [ [ 77.607806499610206, 12.943246099941375 ], [ 77.607699996183783, 12.943704348729504 ] ] } },
{ "type": "Feature", "properties": { "OBJECTID": 204830, "SegmentID": 304830 }, "geometry": { "type": "LineString", "coordinates": [ [ 77.526873112582436, 12.94405471940212 ], [ 77.526761916221702, 12.943935890463557 ] ] } },
{ "type": "Feature", "properties": { "OBJECTID": 205245, "SegmentID": 305245 }, "geometry": { "type": "LineString", "coordinates": [ [ 77.529975507832944, 12.944255838367702 ], [ 77.530111099724422, 12.944052600284348 ], [ 77.530171999698695, 12.943923800211703 ], [ 77.530367199645184, 12.943565199660712 ], [ 77.530583099551706, 12.943221000060664 ], [ 77.530931494624042, 12.942586511462894 ] ] } },
{ "type": "Feature", "properties": { "OBJECTID": 205252, "SegmentID": 305252 }, "geometry": { "type": "LineString", "coordinates": [ [ 77.529970550628079, 12.944263267901182 ], [ 77.529975507832944, 12.944255838367702 ] ] } },
{ "type": "Feature", "properties": { "OBJECTID": 205347, "SegmentID": 305347 }, "geometry": { "type": "LineString", "coordinates": [ [ 77.697173899569421, 12.942637399656727 ], [ 77.697217100391981, 12.942711999882134 ] ] } },
{ "type": "Feature", "properties": { "OBJECTID": 205470, "SegmentID": 305470 }, "geometry": { "type": "LineString", "coordinates": [ [ 77.697217100391981, 12.942711999882134 ], [ 77.697273399992184, 12.942809199596551 ] ] } },
{ "type": "Feature", "properties": { "OBJECTID": 205498, "SegmentID": 305498 }, "geometry": { "type": "LineString", "coordinates": [ [ 77.529870844360559, 12.944406907541877 ], [ 77.529931299555841, 12.944322100311577 ], [ 77.529970550628079, 12.944263267901182 ] ] } },
{ "type": "Feature", "properties": { "OBJECTID": 205576, "SegmentID": 305576 }, "geometry": { "type": "LineString", "coordinates": [ [ 77.527281900049275, 12.94447959994273 ], [ 77.527113399930954, 12.944311500061186 ], [ 77.526873112582436, 12.94405471940212 ] ] } },
{ "type": "Feature", "properties": { "OBJECTID": 205601, "SegmentID": 305601 }, "geometry": { "type": "LineString", "coordinates": [ [ 77.607699996183783, 12.943704348729504 ], [ 77.607633700233976, 12.943989599896316 ], [ 77.607620799822968, 12.944021600096113 ] ] } },
{ "type": "Feature", "properties": { "OBJECTID": 205622, "SegmentID": 305622 }, "geometry": { "type": "LineString", "coordinates": [ [ 77.697273399992184, 12.942809199596551 ], [ 77.697339200358655, 12.942922699800286 ], [ 77.697454100215936, 12.943159699827333 ] ] } },
{ "type": "Feature", "properties": { "OBJECTID": 206048, "SegmentID": 306048 }, "geometry": { "type": "LineString", "coordinates": [ [ 77.527571464522424, 12.944758381590832 ], [ 77.527472399812794, 12.944669700142445 ], [ 77.527281900049275, 12.94447959994273 ] ] } },
{ "type": "Feature", "properties": { "OBJECTID": 206064, "SegmentID": 306064 }, "geometry": { "type": "LineString", "coordinates": [ [ 77.6061859996301, 12.943996800165214 ], [ 77.606473699829522, 12.944005699922759 ] ] } },
{ "type": "Feature", "properties": { "OBJECTID": 206091, "SegmentID": 306091 }, "geometry": { "type": "LineString", "coordinates": [ [ 77.606473699829522, 12.944005699922759 ], [ 77.606979499576013, 12.94402079965978 ] ] } },
{ "type": "Feature", "properties": { "OBJECTID": 206130, "SegmentID": 306130 }, "geometry": { "type": "LineString", "coordinates": [ [ 77.60590671641306, 12.944028852359164 ], [ 77.606049199571842, 12.944009900135308 ], [ 77.606074431598827, 12.944007484100327 ], [ 77.6061859996301, 12.943996800165214 ] ] } },
{ "type": "Feature", "properties": { "OBJECTID": 206137, "SegmentID": 306137 }, "geometry": { "type": "LineString", "coordinates": [ [ 77.606979499576013, 12.94402079965978 ], [ 77.607204599994731, 12.944027499799093 ] ] } },
{ "type": "Feature", "properties": { "OBJECTID": 206144, "SegmentID": 306144 }, "geometry": { "type": "LineString", "coordinates": [ [ 77.607620799822968, 12.944021600096113 ], [ 77.607402899979704, 12.944739900339025 ], [ 77.607356299970093, 12.944903800283409 ] ] } },
{ "type": "Feature", "properties": { "OBJECTID": 206145, "SegmentID": 306145 }, "geometry": { "type": "LineString", "coordinates": [ [ 77.607204599994731, 12.944027499799093 ], [ 77.607620799822968, 12.944021600096113 ] ] } },
{ "type": "Feature", "properties": { "OBJECTID": 206152, "SegmentID": 306152 }, "geometry": { "type": "LineString", "coordinates": [ [ 77.529559409220852, 12.944796100435227 ], [ 77.52962849962239, 12.944746099915598 ], [ 77.5298171004263, 12.94448230043171 ], [ 77.529870844360559, 12.944406907541877 ] ] } },
{ "type": "Feature", "properties": { "OBJECTID": 206233, "SegmentID": 306233 }, "geometry": { "type": "LineString", "coordinates": [ [ 77.697454100215936, 12.943159699827333 ], [ 77.697560299592325, 12.943408699825747 ] ] } },
{ "type": "Feature", "properties": { "OBJECTID": 206694, "SegmentID": 306694 }, "geometry": { "type": "LineString", "coordinates": [ [ 77.697560299592325, 12.943408699825747 ], [ 77.69766700036233, 12.943694599839622 ] ] } },
{ "type": "Feature", "properties": { "OBJECTID": 206722, "SegmentID": 306722 }, "geometry": { "type": "LineString", "coordinates": [ [ 77.602813799981632, 12.94438560031165 ], [ 77.60299480037736, 12.944364799611247 ], [ 77.603404600161909, 12.944336599732694 ], [ 77.60352939985853, 12.944341499873218 ], [ 77.604425399664024, 12.944233699779991 ], [ 77.604607037884762, 12.944208196502371 ], [ 77.60548090039957, 12.944085499823345 ], [ 77.60590671641306, 12.944028852359164 ] ] } },
{ "type": "Feature", "properties": { "OBJECTID": 207140, "SegmentID": 307140 }, "geometry": { "type": "LineString", "coordinates": [ [ 77.69766700036233, 12.943694599839622 ], [ 77.697729300089449, 12.943877400030285 ] ] } },
{ "type": "Feature", "properties": { "OBJECTID": 207150, "SegmentID": 307150 }, "geometry": { "type": "LineString", "coordinates": [ [ 77.469955733187305, 12.945956730176304 ], [ 77.469990399712074, 12.946159199946971 ], [ 77.470065399655255, 12.946582599634905 ], [ 77.470222599960451, 12.947390999826451 ], [ 77.470423499572021, 12.948389800326417 ], [ 77.47051810027142, 12.948957800048857 ], [ 77.470570619795723, 12.949294260344198 ] ] } },
{ "type": "Feature", "properties": { "OBJECTID": 207196, "SegmentID": 307196 }, "geometry": { "type": "LineString", "coordinates": [ [ 77.528417284207535, 12.945420645020409 ], [ 77.528284500408475, 12.945337799654878 ], [ 77.528217600303336, 12.945282699595758 ], [ 77.528013499811479, 12.945131699999928 ], [ 77.527692799952845, 12.944866999967916 ], [ 77.527571464522424, 12.944758381590832 ] ] } },
{ "type": "Feature", "properties": { "OBJECTID": 207197, "SegmentID": 307197 }, "geometry": { "type": "LineString", "coordinates": [ [ 77.528417284207535, 12.945420645020409 ], [ 77.52860840751454, 12.945341273010015 ], [ 77.528893199808152, 12.945222999738091 ], [ 77.529191300002637, 12.945062500399883 ], [ 77.529559409220852, 12.944796100435227 ] ] } },
{ "type": "Feature", "properties": { "OBJECTID": 207423, "SegmentID": 307423 }, "geometry": { "type": "LineString", "coordinates": [ [ 77.527961299862682, 12.945568000130772 ], [ 77.528371399875709, 12.945439700065766 ], [ 77.528417284207535, 12.945420645020409 ] ] } },
{ "type": "Feature", "properties": { "OBJECTID": 207445, "SegmentID": 307445 }, "geometry": { "type": "LineString", "coordinates": [ [ 77.697729300089449, 12.943877400030285 ], [ 77.697906599971944, 12.944372900099717 ], [ 77.698199231761876, 12.945206459045449 ] ] } },
{ "type": "Feature", "properties": { "OBJECTID": 207646, "SegmentID": 307646 }, "geometry": { "type": "LineString", "coordinates": [ [ 77.607356299970093, 12.944903800283409 ], [ 77.607196866483832, 12.945464033646141 ] ] } },
{ "type": "Feature", "properties": { "OBJECTID": 208462, "SegmentID": 308462 }, "geometry": { "type": "LineString", "coordinates": [ [ 77.529935805634778, 12.946202734767606 ], [ 77.529799199748467, 12.946142399639673 ], [ 77.529150000296596, 12.945855799596938 ], [ 77.528811499905871, 12.945666599760424 ], [ 77.528417284207535, 12.945420645020409 ] ] } },
{ "type": "Feature", "properties": { "OBJECTID": 208491, "SegmentID": 308491 }, "geometry": { "type": "LineString", "coordinates": [ [ 77.607196866483832, 12.945464033646141 ], [ 77.606956800067707, 12.946307600047595 ], [ 77.606798999962649, 12.946779499791484 ], [ 77.606755600099973, 12.946909200085145 ], [ 77.606744490958107, 12.946942433609269 ], [ 77.606684600178156, 12.947121599858297 ], [ 77.606295000095372, 12.948457399919665 ], [ 77.606251559983264, 12.948605853979984 ] ] } },
{ "type": "Feature", "properties": { "OBJECTID": 208681, "SegmentID": 308681 }, "geometry": { "type": "LineString", "coordinates": [ [ 77.525808700390968, 12.946392999804276 ], [ 77.525992671759312, 12.946313794544185 ], [ 77.526256694232089, 12.946201756731503 ], [ 77.527006200112496, 12.945881799606479 ], [ 77.527234399984835, 12.94579790026097 ], [ 77.527570799996198, 12.945685300286618 ], [ 77.527961299862682, 12.945568000130772 ] ] } },
{ "type": "Feature", "properties": { "OBJECTID": 209068, "SegmentID": 309068 }, "geometry": { "type": "LineString", "coordinates": [ [ 77.53082729839528, 12.946610587543969 ], [ 77.530626000201039, 12.946516599745017 ], [ 77.530421734256734, 12.946421887083769 ], [ 77.530215799801496, 12.946326399893731 ], [ 77.529935805634778, 12.946202734767606 ] ] } },
{ "type": "Feature", "properties": { "OBJECTID": 209474, "SegmentID": 309474 }, "geometry": { "type": "LineString", "coordinates": [ [ 77.698199231761876, 12.945206459045449 ], [ 77.698352099977953, 12.945641899903851 ], [ 77.698415211756227, 12.945825668758904 ] ] } },
{ "type": "Feature", "properties": { "OBJECTID": 209595, "SegmentID": 309595 }, "geometry": { "type": "LineString", "coordinates": [ [ 77.531664800380469, 12.946958499822207 ], [ 77.531430299565429, 12.946864299594356 ], [ 77.531235000327513, 12.946785899561904 ], [ 77.530849600390169, 12.946621000328674 ], [ 77.53082729839528, 12.946610587543969 ] ] } },
{ "type": "Feature", "properties": { "OBJECTID": 209873, "SegmentID": 309873 }, "geometry": { "type": "LineString", "coordinates": [ [ 77.524480302464752, 12.947199745273368 ], [ 77.52457920023619, 12.94708470004532 ], [ 77.524884900157247, 12.946872999597588 ], [ 77.524992200024371, 12.946794499937154 ], [ 77.525075566631969, 12.946753505254243 ], [ 77.52513331214368, 12.946725110323406 ], [ 77.525214710747335, 12.946685084233312 ], [ 77.525404475413339, 12.946591771351729 ], [ 77.525471826889017, 12.946558652018954 ], [ 77.525501325183143, 12.946544147144992 ], [ 77.525616575809877, 12.946487474188453 ], [ 77.525808700390968, 12.946392999804276 ] ] } },
{ "type": "Feature", "properties": { "OBJECTID": 209940, "SegmentID": 309940 }, "geometry": { "type": "LineString", "coordinates": [ [ 77.532154299947138, 12.947166699682052 ], [ 77.531664800380469, 12.946958499822207 ] ] } },
{ "type": "Feature", "properties": { "OBJECTID": 209967, "SegmentID": 309967 }, "geometry": { "type": "LineString", "coordinates": [ [ 77.524428586904648, 12.947259905868153 ], [ 77.524480302464752, 12.947199745273368 ] ] } },
{ "type": "Feature", "properties": { "OBJECTID": 210053, "SegmentID": 310053 }, "geometry": { "type": "LineString", "coordinates": [ [ 77.532384003621644, 12.947236804011414 ], [ 77.532154299947138, 12.947166699682052 ] ] } },
{ "type": "Feature", "properties": { "OBJECTID": 210160, "SegmentID": 310160 }, "geometry": { "type": "LineString", "coordinates": [ [ 77.532622210013585, 12.947309503367572 ], [ 77.532384003621644, 12.947236804011414 ] ] } },
{ "type": "Feature", "properties": { "OBJECTID": 210183, "SegmentID": 310183 }, "geometry": { "type": "LineString", "coordinates": [ [ 77.53264876199438, 12.947317606939153 ], [ 77.532622210013585, 12.947309503367572 ] ] } },
{ "type": "Feature", "properties": { "OBJECTID": 210263, "SegmentID": 310263 }, "geometry": { "type": "LineString", "coordinates": [ [ 77.532812899932964, 12.947367700133062 ], [ 77.53264876199438, 12.947317606939153 ] ] } },
{ "type": "Feature", "properties": { "OBJECTID": 210292, "SegmentID": 310292 }, "geometry": { "type": "LineString", "coordinates": [ [ 77.532855023491564, 12.947381776967964 ], [ 77.532812899932964, 12.947367700133062 ] ] } },
{ "type": "Feature", "properties": { "OBJECTID": 210486, "SegmentID": 310486 }, "geometry": { "type": "LineString", "coordinates": [ [ 77.698415211756227, 12.945825668758904 ], [ 77.698555000325399, 12.9462327002047 ], [ 77.698599737151568, 12.946364392248194 ] ] } },
{ "type": "Feature", "properties": { "OBJECTID": 210627, "SegmentID": 310627 }, "geometry": { "type": "LineString", "coordinates": [ [ 77.524130700415327, 12.947669200074033 ], [ 77.524219700380286, 12.947502899680639 ], [ 77.524428586904648, 12.947259905868153 ] ] } },
{ "type": "Feature", "properties": { "OBJECTID": 210628, "SegmentID": 310628 }, "geometry": { "type": "LineString", "coordinates": [ [ 77.524130700415327, 12.947669200074033 ], [ 77.524094465637162, 12.947715734336031 ] ] } },
{ "type": "Feature", "properties": { "OBJECTID": 210710, "SegmentID": 310710 }, "geometry": { "type": "LineString", "coordinates": [ [ 77.524094465637162, 12.947715734336031 ], [ 77.523982662017673, 12.947859318050813 ] ] } },
{ "type": "Feature", "properties": { "OBJECTID": 210907, "SegmentID": 310907 }, "geometry": { "type": "LineString", "coordinates": [ [ 77.523982662017673, 12.947859318050813 ], [ 77.523814849517677, 12.948074831938564 ] ] } },
{ "type": "Feature", "properties": { "OBJECTID": 211024, "SegmentID": 311024 }, "geometry": { "type": "LineString", "coordinates": [ [ 77.534157362782111, 12.947828742484688 ], [ 77.533871200340698, 12.94770789964643 ], [ 77.533771799960931, 12.947664599683863 ], [ 77.533563799993914, 12.947595699611 ], [ 77.53307210019608, 12.947461799749371 ], [ 77.532928699768718, 12.947406399602061 ], [ 77.532855023491564, 12.947381776967964 ] ] } },
{ "type": "Feature", "properties": { "OBJECTID": 211261, "SegmentID": 311261 }, "geometry": { "type": "LineString", "coordinates": [ [ 77.523814849517677, 12.948074831938564 ], [ 77.523437300408105, 12.948559700187857 ], [ 77.523285499760348, 12.948755200279853 ] ] } },
{ "type": "Feature", "properties": { "OBJECTID": 211334, "SegmentID": 311334 }, "geometry": { "type": "LineString", "coordinates": [ [ 77.698599737151568, 12.946364392248194 ], [ 77.698692817851537, 12.94663839232928 ] ] } },
{ "type": "Feature", "properties": { "OBJECTID": 211744, "SegmentID": 311744 }, "geometry": { "type": "LineString", "coordinates": [ [ 77.698692817851537, 12.94663839232928 ], [ 77.698988200364496, 12.947507900094157 ], [ 77.699088399818294, 12.947840300135534 ] ] } },
{ "type": "Feature", "properties": { "OBJECTID": 212369, "SegmentID": 312369 }, "geometry": { "type": "LineString", "coordinates": [ [ 77.523285499760348, 12.948755200279853 ], [ 77.523193562741383, 12.948873613746022 ] ] } },
{ "type": "Feature", "properties": { "OBJECTID": 212441, "SegmentID": 312441 }, "geometry": { "type": "LineString", "coordinates": [ [ 77.470570619795723, 12.949294260344198 ], [ 77.470615800193713, 12.949583699954104 ], [ 77.470689100211757, 12.950161200398215 ], [ 77.470768900432802, 12.950871799858358 ], [ 77.470845600351765, 12.951644300309775 ], [ 77.470880123235503, 12.951936966055429 ] ] } },
{ "type": "Feature", "properties": { "OBJECTID": 212578, "SegmentID": 312578 }, "geometry": { "type": "LineString", "coordinates": [ [ 77.523193562741383, 12.948873613746022 ], [ 77.52297609997315, 12.949153700253156 ] ] } },
{ "type": "Feature", "properties": { "OBJECTID": 212968, "SegmentID": 312968 }, "geometry": { "type": "LineString", "coordinates": [ [ 77.52297609997315, 12.949153700253156 ], [ 77.522740499858372, 12.949457199841341 ] ] } },
{ "type": "Feature", "properties": { "OBJECTID": 213366, "SegmentID": 313366 }, "geometry": { "type": "LineString", "coordinates": [ [ 77.606251559983264, 12.948605853979984 ], [ 77.606085399964883, 12.949173700133224 ] ] } },
{ "type": "Feature", "properties": { "OBJECTID": 213404, "SegmentID": 313404 }, "geometry": { "type": "LineString", "coordinates": [ [ 77.522740499858372, 12.949457199841341 ], [ 77.522494199706571, 12.94977449970078 ] ] } },
{ "type": "Feature", "properties": { "OBJECTID": 213605, "SegmentID": 313605 }, "geometry": { "type": "LineString", "coordinates": [ [ 77.699088399818294, 12.947840300135534 ], [ 77.699119300112599, 12.947942700021947 ], [ 77.699191700439385, 12.948233300117826 ], [ 77.699321200120508, 12.948769999859344 ], [ 77.699360347968764, 12.948981784170108 ] ] } },
{ "type": "Feature", "properties": { "OBJECTID": 213819, "SegmentID": 313819 }, "geometry": { "type": "LineString", "coordinates": [ [ 77.522494199706571, 12.94977449970078 ], [ 77.5222474002057, 12.950092399658621 ] ] } },
{ "type": "Feature", "properties": { "OBJECTID": 214111, "SegmentID": 314111 }, "geometry": { "type": "LineString", "coordinates": [ [ 77.606085399964883, 12.949173700133224 ], [ 77.60596699981852, 12.949556600202062 ], [ 77.605936799599803, 12.949721100413061 ] ] } },
{ "type": "Feature", "properties": { "OBJECTID": 214253, "SegmentID": 314253 }, "geometry": { "type": "LineString", "coordinates": [ [ 77.5222474002057, 12.950092399658621 ], [ 77.521963000113232, 12.950464500198846 ] ] } },
{ "type": "Feature", "properties": { "OBJECTID": 214843, "SegmentID": 314843 }, "geometry": { "type": "LineString", "coordinates": [ [ 77.521963000113232, 12.950464500198846 ], [ 77.521758199839809, 12.950733600076532 ] ] } },
{ "type": "Feature", "properties": { "OBJECTID": 215248, "SegmentID": 315248 }, "geometry": { "type": "LineString", "coordinates": [ [ 77.521758199839809, 12.950733600076532 ], [ 77.521677600371973, 12.950839499579448 ] ] } },
{ "type": "Feature", "properties": { "OBJECTID": 215285, "SegmentID": 315285 }, "geometry": { "type": "LineString", "coordinates": [ [ 77.699360347968764, 12.948981784170108 ], [ 77.699392199773072, 12.949154100099927 ] ] } },
{ "type": "Feature", "properties": { "OBJECTID": 215418, "SegmentID": 315418 }, "geometry": { "type": "LineString", "coordinates": [ [ 77.521677600371973, 12.950839499579448 ], [ 77.521482900188332, 12.951093500144324 ] ] } },
{ "type": "Feature", "properties": { "OBJECTID": 215574, "SegmentID": 315574 }, "geometry": { "type": "LineString", "coordinates": [ [ 77.699392199773072, 12.949154100099927 ], [ 77.69944850002301, 12.949486999833313 ] ] } },
{ "type": "Feature", "properties": { "OBJECTID": 215835, "SegmentID": 315835 }, "geometry": { "type": "LineString", "coordinates": [ [ 77.521482900188332, 12.951093500144324 ], [ 77.521217900183828, 12.951436999727935 ] ] } },
{ "type": "Feature", "properties": { "OBJECTID": 216162, "SegmentID": 316162 }, "geometry": { "type": "LineString", "coordinates": [ [ 77.69944850002301, 12.949486999833313 ], [ 77.699522300039376, 12.949923400232002 ], [ 77.699580600005376, 12.950268399598228 ] ] } },
{ "type": "Feature", "properties": { "OBJECTID": 216407, "SegmentID": 316407 }, "geometry": { "type": "LineString", "coordinates": [ [ 77.521217900183828, 12.951436999727935 ], [ 77.521039699941454, 12.951668099748233 ], [ 77.52100979996969, 12.951701000342007 ] ] } },
{ "type": "Feature", "properties": { "OBJECTID": 216442, "SegmentID": 316442 }, "geometry": { "type": "LineString", "coordinates": [ [ 77.470880123235503, 12.951936966055429 ], [ 77.470918412932988, 12.952261565066587 ] ] } },
{ "type": "Feature", "properties": { "OBJECTID": 216793, "SegmentID": 316793 }, "geometry": { "type": "LineString", "coordinates": [ [ 77.52100979996969, 12.951701000342007 ], [ 77.520870700132591, 12.951884100196672 ] ] } },
{ "type": "Feature", "properties": { "OBJECTID": 216905, "SegmentID": 316905 }, "geometry": { "type": "LineString", "coordinates": [ [ 77.470918412932988, 12.952261565066587 ], [ 77.470941100386398, 12.9524539003384 ], [ 77.471052200263046, 12.953499699562917 ], [ 77.471203699618741, 12.954831699647118 ], [ 77.471316500022184, 12.955775499853759 ], [ 77.471357499927024, 12.956351700310689 ], [ 77.471389500045007, 12.957039199554785 ], [ 77.471401156944935, 12.957781277899047 ] ] } },
{ "type": "Feature", "properties": { "OBJECTID": 217060, "SegmentID": 317060 }, "geometry": { "type": "LineString", "coordinates": [ [ 77.520870700132591, 12.951884100196672 ], [ 77.520674499617527, 12.952142400162396 ], [ 77.520525100238089, 12.952393499932631 ] ] } },
{ "type": "Feature", "properties": { "OBJECTID": 217317, "SegmentID": 317317 }, "geometry": { "type": "LineString", "coordinates": [ [ 77.699580600005376, 12.950268399598228 ], [ 77.699588900046905, 12.950317600338987 ], [ 77.699682700120022, 12.950872699771899 ] ] } },
{ "type": "Feature", "properties": { "OBJECTID": 217759, "SegmentID": 317759 }, "geometry": { "type": "LineString", "coordinates": [ [ 77.520525100238089, 12.952393499932631 ], [ 77.520209500096954, 12.952945500193549 ], [ 77.519952212739128, 12.953580170354487 ] ] } },
{ "type": "Feature", "properties": { "OBJECTID": 218142, "SegmentID": 318142 }, "geometry": { "type": "LineString", "coordinates": [ [ 77.699682700120022, 12.950872699771899 ], [ 77.699719145149629, 12.951088110909813 ] ] } },
{ "type": "Feature", "properties": { "OBJECTID": 218458, "SegmentID": 318458 }, "geometry": { "type": "LineString", "coordinates": [ [ 77.699719145149629, 12.951088110909813 ], [ 77.699743100233007, 12.951229700131583 ] ] } },
{ "type": "Feature", "properties": { "OBJECTID": 218704, "SegmentID": 318704 }, "geometry": { "type": "LineString", "coordinates": [ [ 77.699743100233007, 12.951229700131583 ], [ 77.6998131998091, 12.951644100049121 ], [ 77.699835200175713, 12.951738299944934 ], [ 77.699857700281285, 12.951833999662636 ], [ 77.699923899774362, 12.952111400178987 ] ] } },
{ "type": "Feature", "properties": { "OBJECTID": 219455, "SegmentID": 319455 }, "geometry": { "type": "LineString", "coordinates": [ [ 77.519952212739128, 12.953580170354487 ], [ 77.519901000179232, 12.953706500290901 ], [ 77.519853522435966, 12.953890841070319 ] ] } },
{ "type": "Feature", "properties": { "OBJECTID": 219997, "SegmentID": 319997 }, "geometry": { "type": "LineString", "coordinates": [ [ 77.519853522435966, 12.953890841070319 ], [ 77.519695599831721, 12.954504000049942 ] ] } },
{ "type": "Feature", "properties": { "OBJECTID": 220039, "SegmentID": 320039 }, "geometry": { "type": "LineString", "coordinates": [ [ 77.699923899774362, 12.952111400178987 ], [ 77.699964500239332, 12.952275699932621 ] ] } },
{ "type": "Feature", "properties": { "OBJECTID": 220245, "SegmentID": 320245 }, "geometry": { "type": "LineString", "coordinates": [ [ 77.699964500239332, 12.952275699932621 ], [ 77.700030499684317, 12.952542199721309 ] ] } },
{ "type": "Feature", "properties": { "OBJECTID": 220650, "SegmentID": 320650 }, "geometry": { "type": "LineString", "coordinates": [ [ 77.700030499684317, 12.952542199721309 ], [ 77.700037200305871, 12.952569199611455 ] ] } },
{ "type": "Feature", "properties": { "OBJECTID": 220694, "SegmentID": 320694 }, "geometry": { "type": "LineString", "coordinates": [ [ 77.700037200305871, 12.952569199611455 ], [ 77.700163699623261, 12.953080100110528 ] ] } },
{ "type": "Feature", "properties": { "OBJECTID": 220875, "SegmentID": 320875 }, "geometry": { "type": "LineString", "coordinates": [ [ 77.519695599831721, 12.954504000049942 ], [ 77.5196548998955, 12.954863899736335 ], [ 77.519585199922872, 12.955410699897332 ] ] } },
{ "type": "Feature", "properties": { "OBJECTID": 221476, "SegmentID": 321476 }, "geometry": { "type": "LineString", "coordinates": [ [ 77.700163699623261, 12.953080100110528 ], [ 77.700207082639395, 12.953264101318375 ] ] } },
{ "type": "Feature", "properties": { "OBJECTID": 221745, "SegmentID": 321745 }, "geometry": { "type": "LineString", "coordinates": [ [ 77.700207082639395, 12.953264101318375 ], [ 77.700361800123318, 12.95392029988937 ] ] } },
{ "type": "Feature", "properties": { "OBJECTID": 222294, "SegmentID": 322294 }, "geometry": { "type": "LineString", "coordinates": [ [ 77.519585199922872, 12.955410699897332 ], [ 77.51957390439118, 12.955601285128493 ] ] } },
{ "type": "Feature", "properties": { "OBJECTID": 222643, "SegmentID": 322643 }, "geometry": { "type": "LineString", "coordinates": [ [ 77.51957390439118, 12.955601285128493 ], [ 77.519564799736031, 12.95575490031324 ] ] } },
{ "type": "Feature", "properties": { "OBJECTID": 222874, "SegmentID": 322874 }, "geometry": { "type": "LineString", "coordinates": [ [ 77.700361800123318, 12.95392029988937 ], [ 77.70037849986862, 12.953991300180338 ], [ 77.700535300314698, 12.954529099839279 ], [ 77.700682400096042, 12.955029400003518 ] ] } },
{ "type": "Feature", "properties": { "OBJECTID": 222914, "SegmentID": 322914 }, "geometry": { "type": "LineString", "coordinates": [ [ 77.519564799736031, 12.95575490031324 ], [ 77.519489599662307, 12.956834900042036 ] ] } },
{ "type": "Feature", "properties": { "OBJECTID": 224914, "SegmentID": 324914 }, "geometry": { "type": "LineString", "coordinates": [ [ 77.519489599662307, 12.956834900042036 ], [ 77.519452000056148, 12.957093299567013 ], [ 77.519314999620747, 12.957577399670335 ], [ 77.519201900397448, 12.957783400418629 ], [ 77.519006899563479, 12.958007099568013 ], [ 77.518772099891819, 12.958154499601154 ] ] } },
{ "type": "Feature", "properties": { "OBJECTID": 224931, "SegmentID": 324931 }, "geometry": { "type": "LineString", "coordinates": [ [ 77.700682400096042, 12.955029400003518 ], [ 77.700734299563948, 12.955227600259702 ], [ 77.700788300087424, 12.955511900117203 ] ] } },
{ "type": "Feature", "properties": { "OBJECTID": 225704, "SegmentID": 325704 }, "geometry": { "type": "LineString", "coordinates": [ [ 77.471401156944935, 12.957781277899047 ], [ 77.471405099706402, 12.958032299636242 ], [ 77.471420200122296, 12.959428100088488 ], [ 77.471409599798321, 12.960875900326123 ], [ 77.471410899862491, 12.961799700026999 ], [ 77.471408704461382, 12.962182885284909 ] ] } },
{ "type": "Feature", "properties": { "OBJECTID": 225717, "SegmentID": 325717 }, "geometry": { "type": "LineString", "coordinates": [ [ 77.700788300087424, 12.955511900117203 ], [ 77.700804000291242, 12.955606599646236 ], [ 77.700978299614079, 12.956309800311701 ], [ 77.701042700296298, 12.956552899840382 ], [ 77.701081899708285, 12.956748600152759 ], [ 77.701139300160975, 12.956970400430663 ] ] } },
{ "type": "Feature", "properties": { "OBJECTID": 227244, "SegmentID": 327244 }, "geometry": { "type": "LineString", "coordinates": [ [ 77.518772099891819, 12.958154499601154 ], [ 77.518602300167018, 12.958232800159413 ], [ 77.518504900281357, 12.958272200070759 ] ] } },
{ "type": "Feature", "properties": { "OBJECTID": 227478, "SegmentID": 327478 }, "geometry": { "type": "LineString", "coordinates": [ [ 77.518504900281357, 12.958272200070759 ], [ 77.518306599943912, 12.958352200057783 ] ] } },
{ "type": "Feature", "properties": { "OBJECTID": 227651, "SegmentID": 327651 }, "geometry": { "type": "LineString", "coordinates": [ [ 77.518306599943912, 12.958352200057783 ], [ 77.518284400230073, 12.958361200269318 ], [ 77.518176900189218, 12.958397299768832 ] ] } },
{ "type": "Feature", "properties": { "OBJECTID": 227738, "SegmentID": 327738 }, "geometry": { "type": "LineString", "coordinates": [ [ 77.518176900189218, 12.958397299768832 ], [ 77.517838700151941, 12.958512499799502 ] ] } },
{ "type": "Feature", "properties": { "OBJECTID": 227993, "SegmentID": 327993 }, "geometry": { "type": "LineString", "coordinates": [ [ 77.517838700151941, 12.958512499799502 ], [ 77.517627699576266, 12.958585799954504 ] ] } },
{ "type": "Feature", "properties": { "OBJECTID": 228138, "SegmentID": 328138 }, "geometry": { "type": "LineString", "coordinates": [ [ 77.517627699576266, 12.958585799954504 ], [ 77.517302299981239, 12.958698899665231 ] ] } },
{ "type": "Feature", "properties": { "OBJECTID": 228339, "SegmentID": 328339 }, "geometry": { "type": "LineString", "coordinates": [ [ 77.517302299981239, 12.958698899665231 ], [ 77.517005300103634, 12.958848699552872 ] ] } },
{ "type": "Feature", "properties": { "OBJECTID": 228580, "SegmentID": 328580 }, "geometry": { "type": "LineString", "coordinates": [ [ 77.701139300160975, 12.956970400430663 ], [ 77.701175699960089, 12.957096099994018 ], [ 77.70119449968098, 12.957282999936854 ], [ 77.701213299841697, 12.957516900133191 ], [ 77.70122669997464, 12.95780699957052 ], [ 77.701234699877531, 12.95812860025684 ], [ 77.701229899951656, 12.958316599627507 ] ] } },
{ "type": "Feature", "properties": { "OBJECTID": 228650, "SegmentID": 328650 }, "geometry": { "type": "LineString", "coordinates": [ [ 77.517005300103634, 12.958848699552872 ], [ 77.516828299925706, 12.958937899716021 ] ] } },
{ "type": "Feature", "properties": { "OBJECTID": 228824, "SegmentID": 328824 }, "geometry": { "type": "LineString", "coordinates": [ [ 77.516828299925706, 12.958937899716021 ], [ 77.516582999756082, 12.959112700253014 ] ] } },
{ "type": "Feature", "properties": { "OBJECTID": 229144, "SegmentID": 329144 }, "geometry": { "type": "LineString", "coordinates": [ [ 77.516582999756082, 12.959112700253014 ], [ 77.51607870001034, 12.959472199885562 ], [ 77.515856900183948, 12.959598100215816 ] ] } },
{ "type": "Feature", "properties": { "OBJECTID": 230272, "SegmentID": 330272 }, "geometry": { "type": "LineString", "coordinates": [ [ 77.515650048563501, 12.959715479727462 ], [ 77.515856900183948, 12.959598100215816 ] ] } },
{ "type": "Feature", "properties": { "OBJECTID": 230752, "SegmentID": 330752 }, "geometry": { "type": "LineString", "coordinates": [ [ 77.515012599656643, 12.959976300044465 ], [ 77.515194399820629, 12.959910200004169 ], [ 77.515608600352664, 12.95973899955322 ], [ 77.515650048563501, 12.959715479727462 ] ] } },
{ "type": "Feature", "properties": { "OBJECTID": 230869, "SegmentID": 330869 }, "geometry": { "type": "LineString", "coordinates": [ [ 77.514863700320433, 12.960030299767052 ], [ 77.515012599656643, 12.959976300044465 ] ] } },
{ "type": "Feature", "properties": { "OBJECTID": 230950, "SegmentID": 330950 }, "geometry": { "type": "LineString", "coordinates": [ [ 77.514748124815384, 12.96007230264966 ], [ 77.514863700320433, 12.960030299767052 ] ] } },
{ "type": "Feature", "properties": { "OBJECTID": 231176, "SegmentID": 331176 }, "geometry": { "type": "LineString", "coordinates": [ [ 77.701229899951656, 12.958316599627507 ], [ 77.701221299819622, 12.95865129970481 ], [ 77.701223900147482, 12.958771700281236 ] ] } },
{ "type": "Feature", "properties": { "OBJECTID": 231328, "SegmentID": 331328 }, "geometry": { "type": "LineString", "coordinates": [ [ 77.514236600347829, 12.960258200238085 ], [ 77.514748124815384, 12.96007230264966 ] ] } },
{ "type": "Feature", "properties": { "OBJECTID": 231547, "SegmentID": 331547 }, "geometry": { "type": "LineString", "coordinates": [ [ 77.513914175517129, 12.960375328772592 ], [ 77.514236600347829, 12.960258200238085 ] ] } },
{ "type": "Feature", "properties": { "OBJECTID": 231673, "SegmentID": 331673 }, "geometry": { "type": "LineString", "coordinates": [ [ 77.513694566356108, 12.960455106016138 ], [ 77.513914175517129, 12.960375328772592 ] ] } },
{ "type": "Feature", "properties": { "OBJECTID": 232013, "SegmentID": 332013 }, "geometry": { "type": "LineString", "coordinates": [ [ 77.701223900147482, 12.958771700281236 ], [ 77.701226699856889, 12.958902299582359 ], [ 77.701238799683054, 12.959086599551872 ], [ 77.701241700228238, 12.959313200179785 ] ] } },
{ "type": "Feature", "properties": { "OBJECTID": 232263, "SegmentID": 332263 }, "geometry": { "type": "LineString", "coordinates": [ [ 77.513034300162957, 12.960764499818419 ], [ 77.513312500068167, 12.96059389991596 ], [ 77.513694566356108, 12.960455106016138 ] ] } },
{ "type": "Feature", "properties": { "OBJECTID": 232569, "SegmentID": 332569 }, "geometry": { "type": "LineString", "coordinates": [ [ 77.512854399747326, 12.960901899673853 ], [ 77.512976500398594, 12.960799899901794 ], [ 77.513034300162957, 12.960764499818419 ] ] } },
{ "type": "Feature", "properties": { "OBJECTID": 233167, "SegmentID": 333167 }, "geometry": { "type": "LineString", "coordinates": [ [ 77.701241700228238, 12.959313200179785 ], [ 77.701249600124285, 12.959416999723977 ], [ 77.701268099782538, 12.959548200335485 ] ] } },
{ "type": "Feature", "properties": { "OBJECTID": 233568, "SegmentID": 333568 }, "geometry": { "type": "LineString", "coordinates": [ [ 77.701268099782538, 12.959548200335485 ], [ 77.701323900130063, 12.959945300447947 ] ] } },
{ "type": "Feature", "properties": { "OBJECTID": 233579, "SegmentID": 333579 }, "geometry": { "type": "LineString", "coordinates": [ [ 77.512492800320288, 12.961443399720672 ], [ 77.512677999597869, 12.961049200394474 ], [ 77.512854399747326, 12.960901899673853 ] ] } },
{ "type": "Feature", "properties": { "OBJECTID": 234201, "SegmentID": 334201 }, "geometry": { "type": "LineString", "coordinates": [ [ 77.471408704461382, 12.962182885284909 ], [ 77.4714041002767, 12.962986400307866 ], [ 77.471377100111866, 12.965790599842482 ], [ 77.471384899745189, 12.968185499830026 ], [ 77.471343900034327, 12.970132400187952 ], [ 77.471347700159555, 12.970779200320184 ], [ 77.471343206741096, 12.971135806017003 ] ] } },
{ "type": "Feature", "properties": { "OBJECTID": 234267, "SegmentID": 334267 }, "geometry": { "type": "LineString", "coordinates": [ [ 77.701323900130063, 12.959945300447947 ], [ 77.701351700278437, 12.960112800169719 ] ] } },
{ "type": "Feature", "properties": { "OBJECTID": 234611, "SegmentID": 334611 }, "geometry": { "type": "LineString", "coordinates": [ [ 77.512443299538035, 12.961994799697688 ], [ 77.512444900288699, 12.961935099875234 ], [ 77.512492800320288, 12.961443399720672 ] ] } },
{ "type": "Feature", "properties": { "OBJECTID": 234634, "SegmentID": 334634 }, "geometry": { "type": "LineString", "coordinates": [ [ 77.701351700278437, 12.960112800169719 ], [ 77.701630000323192, 12.961898799964308 ] ] } },
{ "type": "Feature", "properties": { "OBJECTID": 236056, "SegmentID": 336056 }, "geometry": { "type": "LineString", "coordinates": [ [ 77.512422099555394, 12.962788999804383 ], [ 77.512443299538035, 12.961994799697688 ] ] } },
{ "type": "Feature", "properties": { "OBJECTID": 236588, "SegmentID": 336588 }, "geometry": { "type": "LineString", "coordinates": [ [ 77.512414600433289, 12.963071400218775 ], [ 77.512422099555394, 12.962788999804383 ] ] } },
{ "type": "Feature", "properties": { "OBJECTID": 237620, "SegmentID": 337620 }, "geometry": { "type": "LineString", "coordinates": [ [ 77.51240014398131, 12.963615730921328 ], [ 77.512414600433289, 12.963071400218775 ] ] } },
{ "type": "Feature", "properties": { "OBJECTID": 237953, "SegmentID": 337953 }, "geometry": { "type": "LineString", "coordinates": [ [ 77.701630000323192, 12.961898799964308 ], [ 77.701668699825404, 12.962166100307588 ] ] } },
{ "type": "Feature", "properties": { "OBJECTID": 238453, "SegmentID": 338453 }, "geometry": { "type": "LineString", "coordinates": [ [ 77.701668699825404, 12.962166100307588 ], [ 77.701711899846529, 12.962464800013297 ] ] } },
{ "type": "Feature", "properties": { "OBJECTID": 239002, "SegmentID": 339002 }, "geometry": { "type": "LineString", "coordinates": [ [ 77.701711899846529, 12.962464800013297 ], [ 77.701769099713502, 12.962850799996799 ] ] } },
{ "type": "Feature", "properties": { "OBJECTID": 239774, "SegmentID": 339774 }, "geometry": { "type": "LineString", "coordinates": [ [ 77.701769099713502, 12.962850799996799 ], [ 77.701805099956417, 12.963088400365876 ], [ 77.701936199840532, 12.963955399712106 ], [ 77.702007969869484, 12.964463920495186 ] ] } },
{ "type": "Feature", "properties": { "OBJECTID": 240236, "SegmentID": 340236 }, "geometry": { "type": "LineString", "coordinates": [ [ 77.512383999973054, 12.964984799983888 ], [ 77.512371699839008, 12.964686799591027 ], [ 77.51240014398131, 12.963615730921328 ] ] } },
{ "type": "Feature", "properties": { "OBJECTID": 240793, "SegmentID": 340793 }, "geometry": { "type": "LineString", "coordinates": [ [ 77.512396600178263, 12.965290199738535 ], [ 77.512383999973054, 12.964984799983888 ] ] } },
{ "type": "Feature", "properties": { "OBJECTID": 242278, "SegmentID": 342278 }, "geometry": { "type": "LineString", "coordinates": [ [ 77.512429406528597, 12.966082423678548 ], [ 77.512396600178263, 12.965290199738535 ] ] } },
{ "type": "Feature", "properties": { "OBJECTID": 242827, "SegmentID": 342827 }, "geometry": { "type": "LineString", "coordinates": [ [ 77.702007969869484, 12.964463920495186 ], [ 77.702049659872102, 12.964759306738685 ] ] } },
{ "type": "Feature", "properties": { "OBJECTID": 243409, "SegmentID": 343409 }, "geometry": { "type": "LineString", "coordinates": [ [ 77.702049659872102, 12.964759306738685 ], [ 77.702077900172952, 12.964959400362133 ], [ 77.702092399913667, 12.965098100424477 ] ] } },
{ "type": "Feature", "properties": { "OBJECTID": 243994, "SegmentID": 343994 }, "geometry": { "type": "LineString", "coordinates": [ [ 77.702092399913667, 12.965098100424477 ], [ 77.702101899676151, 12.965189000320713 ] ] } },
{ "type": "Feature", "properties": { "OBJECTID": 244163, "SegmentID": 344163 }, "geometry": { "type": "LineString", "coordinates": [ [ 77.702101899676151, 12.965189000320713 ], [ 77.702105523998, 12.965239570931203 ] ] } },
{ "type": "Feature", "properties": { "OBJECTID": 244250, "SegmentID": 344250 }, "geometry": { "type": "LineString", "coordinates": [ [ 77.702105523998, 12.965239570931203 ], [ 77.702132175740502, 12.965611492687627 ] ] } },
{ "type": "Feature", "properties": { "OBJECTID": 244927, "SegmentID": 344927 }, "geometry": { "type": "LineString", "coordinates": [ [ 77.702132175740502, 12.965611492687627 ], [ 77.702143800456014, 12.965773700109112 ] ] } },
{ "type": "Feature", "properties": { "OBJECTID": 245194, "SegmentID": 345194 }, "geometry": { "type": "LineString", "coordinates": [ [ 77.702143800456014, 12.965773700109112 ], [ 77.702157612738503, 12.965989556357529 ] ] } },
{ "type": "Feature", "properties": { "OBJECTID": 245567, "SegmentID": 345567 }, "geometry": { "type": "LineString", "coordinates": [ [ 77.702157612738503, 12.965989556357529 ], [ 77.702174099846061, 12.966247199717992 ], [ 77.702170600041455, 12.96643839957739 ], [ 77.702144200398081, 12.966660200238101 ], [ 77.702083799950572, 12.966974300213277 ], [ 77.702059800411135, 12.967061300404049 ], [ 77.702025100369255, 12.967187200366961 ] ] } },
{ "type": "Feature", "properties": { "OBJECTID": 246492, "SegmentID": 346492 }, "geometry": { "type": "LineString", "coordinates": [ [ 77.512524899578878, 12.968388299849593 ], [ 77.512429406528597, 12.966082423678548 ] ] } },
{ "type": "Feature", "properties": { "OBJECTID": 247196, "SegmentID": 347196 }, "geometry": { "type": "LineString", "coordinates": [ [ 77.512542800037863, 12.968782799849494 ], [ 77.512524899578878, 12.968388299849593 ] ] } },
{ "type": "Feature", "properties": { "OBJECTID": 247820, "SegmentID": 347820 }, "geometry": { "type": "LineString", "coordinates": [ [ 77.702025100369255, 12.967187200366961 ], [ 77.70199409984069, 12.967299400336314 ], [ 77.701987651166391, 12.967318423499261 ] ] } },
{ "type": "Feature", "properties": { "OBJECTID": 247870, "SegmentID": 347870 }, "geometry": { "type": "LineString", "coordinates": [ [ 77.512571999874467, 12.969115300042077 ], [ 77.512542800037863, 12.968782799849494 ] ] } },
{ "type": "Feature", "properties": { "OBJECTID": 248013, "SegmentID": 348013 }, "geometry": { "type": "LineString", "coordinates": [ [ 77.512578600113997, 12.969190299785833 ], [ 77.512571999874467, 12.969115300042077 ] ] } },
{ "type": "Feature", "properties": { "OBJECTID": 248076, "SegmentID": 348076 }, "geometry": { "type": "LineString", "coordinates": [ [ 77.701987651166391, 12.967318423499261 ], [ 77.701930500231157, 12.967487000286763 ], [ 77.701837799545558, 12.967709199591054 ], [ 77.701658399882618, 12.968065999882622 ] ] } },
{ "type": "Feature", "properties": { "OBJECTID": 248987, "SegmentID": 348987 }, "geometry": { "type": "LineString", "coordinates": [ [ 77.512621500417666, 12.969678800069874 ], [ 77.512578600113997, 12.969190299785833 ] ] } },
{ "type": "Feature", "properties": { "OBJECTID": 249534, "SegmentID": 349534 }, "geometry": { "type": "LineString", "coordinates": [ [ 77.701658399882618, 12.968065999882622 ], [ 77.701589109522146, 12.968182985144402 ], [ 77.701427699572676, 12.968455499879905 ] ] } },
{ "type": "Feature", "properties": { "OBJECTID": 250267, "SegmentID": 350267 }, "geometry": { "type": "LineString", "coordinates": [ [ 77.512676617363084, 12.970307248031336 ], [ 77.512621500417666, 12.969678800069874 ] ] } },
{ "type": "Feature", "properties": { "OBJECTID": 250332, "SegmentID": 350332 }, "geometry": { "type": "LineString", "coordinates": [ [ 77.51267970004514, 12.970342400025324 ], [ 77.512676617363084, 12.970307248031336 ] ] } },
{ "type": "Feature", "properties": { "OBJECTID": 250353, "SegmentID": 350353 }, "geometry": { "type": "LineString", "coordinates": [ [ 77.701427699572676, 12.968455499879905 ], [ 77.701398000340063, 12.968505599924423 ] ] } },
{ "type": "Feature", "properties": { "OBJECTID": 250449, "SegmentID": 350449 }, "geometry": { "type": "LineString", "coordinates": [ [ 77.701398000340063, 12.968505599924423 ], [ 77.700461500214374, 12.970030599554086 ] ] } },
{ "type": "Feature", "properties": { "OBJECTID": 251175, "SegmentID": 351175 }, "geometry": { "type": "LineString", "coordinates": [ [ 77.471343206741096, 12.971135806017003 ], [ 77.471341699845155, 12.971255400188079 ], [ 77.471344700383924, 12.971933300437986 ], [ 77.471319599883529, 12.973447699853008 ], [ 77.471318000422002, 12.974264699671343 ], [ 77.471304199924333, 12.975249900278026 ], [ 77.471294400375015, 12.97560439964429 ], [ 77.471249299643205, 12.976206700145918 ], [ 77.471159199866307, 12.977254699875479 ], [ 77.471113400290676, 12.978008799778308 ], [ 77.470993199969939, 12.979274199610577 ], [ 77.470934999973764, 12.980142500263151 ], [ 77.470773699685694, 12.982036200126306 ], [ 77.470748200247343, 12.982816499587617 ], [ 77.470747400438796, 12.983163200108919 ], [ 77.470768200010994, 12.983449400306428 ], [ 77.470815200070504, 12.983916099851355 ], [ 77.470905999653837, 12.984418900125226 ], [ 77.470986799707347, 12.984771400421996 ], [ 77.47104030003527, 12.984956999742055 ], [ 77.471187400404375, 12.985433900058794 ], [ 77.471335000231463, 12.985841799680774 ], [ 77.471550213343207, 12.986469801878492 ] ] } },
{ "type": "Feature", "properties": { "OBJECTID": 251230, "SegmentID": 351230 }, "geometry": { "type": "LineString", "coordinates": [ [ 77.512716999888156, 12.970767600000693 ], [ 77.51267970004514, 12.970342400025324 ] ] } },
{ "type": "Feature", "properties": { "OBJECTID": 252189, "SegmentID": 352189 }, "geometry": { "type": "LineString", "coordinates": [ [ 77.512755300407264, 12.971203800158053 ], [ 77.512716999888156, 12.970767600000693 ] ] } },
{ "type": "Feature", "properties": { "OBJECTID": 252424, "SegmentID": 352424 }, "geometry": { "type": "LineString", "coordinates": [ [ 77.512767600102876, 12.971343500401359 ], [ 77.512755300407264, 12.971203800158053 ] ] } },
{ "type": "Feature", "properties": { "OBJECTID": 253261, "SegmentID": 353261 }, "geometry": { "type": "LineString", "coordinates": [ [ 77.512800199791144, 12.971714899704388 ], [ 77.512767600102876, 12.971343500401359 ] ] } },
{ "type": "Feature", "properties": { "OBJECTID": 253574, "SegmentID": 353574 }, "geometry": { "type": "LineString", "coordinates": [ [ 77.512813599832526, 12.971868200326123 ], [ 77.512800199791144, 12.971714899704388 ] ] } },
{ "type": "Feature", "properties": { "OBJECTID": 253663, "SegmentID": 353663 }, "geometry": { "type": "LineString", "coordinates": [ [ 77.700461500214374, 12.970030599554086 ], [ 77.700145700102539, 12.970544899861279 ] ] } },
{ "type": "Feature", "properties": { "OBJECTID": 254190, "SegmentID": 354190 }, "geometry": { "type": "LineString", "coordinates": [ [ 77.512845300426974, 12.972168500275101 ], [ 77.512835099926903, 12.972112700118206 ], [ 77.512813599832526, 12.971868200326123 ] ] } },
{ "type": "Feature", "properties": { "OBJECTID": 254674, "SegmentID": 354674 }, "geometry": { "type": "LineString", "coordinates": [ [ 77.700145700102539, 12.970544899861279 ], [ 77.699823899735435, 12.971073299685878 ] ] } },
{ "type": "Feature", "properties": { "OBJECTID": 255724, "SegmentID": 355724 }, "geometry": { "type": "LineString", "coordinates": [ [ 77.699823899735435, 12.971073299685878 ], [ 77.699524481872814, 12.971568700157867 ] ] } },
{ "type": "Feature", "properties": { "OBJECTID": 256096, "SegmentID": 356096 }, "geometry": { "type": "LineString", "coordinates": [ [ 77.513031900118875, 12.973126600106005 ], [ 77.513006299958121, 12.973024599928442 ], [ 77.512990700079627, 12.972960200179971 ], [ 77.512845300426974, 12.972168500275101 ] ] } },
{ "type": "Feature", "properties": { "OBJECTID": 256670, "SegmentID": 356670 }, "geometry": { "type": "LineString", "coordinates": [ [ 77.699524481872814, 12.971568700157867 ], [ 77.699507799691531, 12.971596300387613 ] ] } },
{ "type": "Feature", "properties": { "OBJECTID": 256713, "SegmentID": 356713 }, "geometry": { "type": "LineString", "coordinates": [ [ 77.699507799691531, 12.971596300387613 ], [ 77.699218750618584, 12.972074443605431 ] ] } },
{ "type": "Feature", "properties": { "OBJECTID": 257194, "SegmentID": 357194 }, "geometry": { "type": "LineString", "coordinates": [ [ 77.513184700012971, 12.9737362000761 ], [ 77.513031900118875, 12.973126600106005 ] ] } },
{ "type": "Feature", "properties": { "OBJECTID": 257557, "SegmentID": 357557 }, "geometry": { "type": "LineString", "coordinates": [ [ 77.699218750618584, 12.972074443605431 ], [ 77.699072300373075, 12.972316699641096 ], [ 77.698147333014845, 12.973880014379898 ] ] } },
{ "type": "Feature", "properties": { "OBJECTID": 258177, "SegmentID": 358177 }, "geometry": { "type": "LineString", "coordinates": [ [ 77.513383527390118, 12.974352891830399 ], [ 77.513244300308415, 12.973973800209709 ], [ 77.513184700012971, 12.9737362000761 ] ] } },
{ "type": "Feature", "properties": { "OBJECTID": 258602, "SegmentID": 358602 }, "geometry": { "type": "LineString", "coordinates": [ [ 77.5134913999063, 12.974621799970501 ], [ 77.513399799889399, 12.974397199618842 ], [ 77.513383527390118, 12.974352891830399 ] ] } },
{ "type": "Feature", "properties": { "OBJECTID": 258943, "SegmentID": 358943 }, "geometry": { "type": "LineString", "coordinates": [ [ 77.513567350877921, 12.974811498079099 ], [ 77.5134913999063, 12.974621799970501 ] ] } },
{ "type": "Feature", "properties": { "OBJECTID": 259243, "SegmentID": 359243 }, "geometry": { "type": "LineString", "coordinates": [ [ 77.513640100382261, 12.974993199618771 ], [ 77.513567350877921, 12.974811498079099 ] ] } },
{ "type": "Feature", "properties": { "OBJECTID": 259293, "SegmentID": 359293 }, "geometry": { "type": "LineString", "coordinates": [ [ 77.513649499614715, 12.975017999795082 ], [ 77.513640100382261, 12.974993199618771 ] ] } },
{ "type": "Feature", "properties": { "OBJECTID": 259753, "SegmentID": 359753 }, "geometry": { "type": "LineString", "coordinates": [ [ 77.513747300394144, 12.975274600219697 ], [ 77.513649499614715, 12.975017999795082 ] ] } },
{ "type": "Feature", "properties": { "OBJECTID": 259768, "SegmentID": 359768 }, "geometry": { "type": "LineString", "coordinates": [ [ 77.513751699938567, 12.975286200005961 ], [ 77.513747300394144, 12.975274600219697 ] ] } },
{ "type": "Feature", "properties": { "OBJECTID": 260191, "SegmentID": 360191 }, "geometry": { "type": "LineString", "coordinates": [ [ 77.513843799825679, 12.975528099737909 ], [ 77.513751699938567, 12.975286200005961 ] ] } },
{ "type": "Feature", "properties": { "OBJECTID": 260282, "SegmentID": 360282 }, "geometry": { "type": "LineString", "coordinates": [ [ 77.513866100126904, 12.975586499583668 ], [ 77.513843799825679, 12.975528099737909 ] ] } },
{ "type": "Feature", "properties": { "OBJECTID": 260482, "SegmentID": 360482 }, "geometry": { "type": "LineString", "coordinates": [ [ 77.698147333014845, 12.973880014379898 ], [ 77.697714721862752, 12.974611177077909 ] ] } },
{ "type": "Feature", "properties": { "OBJECTID": 260638, "SegmentID": 360638 }, "geometry": { "type": "LineString", "coordinates": [ [ 77.513949909590707, 12.975806473188033 ], [ 77.513866100126904, 12.975586499583668 ] ] } },
{ "type": "Feature", "properties": { "OBJECTID": 261764, "SegmentID": 361764 }, "geometry": { "type": "LineString", "coordinates": [ [ 77.697714721862752, 12.974611177077909 ], [ 77.697631400369346, 12.974752000081777 ] ] } },
{ "type": "Feature", "properties": { "OBJECTID": 261775, "SegmentID": 361775 }, "geometry": { "type": "LineString", "coordinates": [ [ 77.514175100289066, 12.976451899783447 ], [ 77.514124000305003, 12.97626340009861 ], [ 77.513949909590707, 12.975806473188033 ] ] } },
{ "type": "Feature", "properties": { "OBJECTID": 261881, "SegmentID": 361881 }, "geometry": { "type": "LineString", "coordinates": [ [ 77.514191299661064, 12.976511899909726 ], [ 77.514175100289066, 12.976451899783447 ] ] } },
{ "type": "Feature", "properties": { "OBJECTID": 261987, "SegmentID": 361987 }, "geometry": { "type": "LineString", "coordinates": [ [ 77.697631400369346, 12.974752000081777 ], [ 77.697503000102785, 12.974973099558358 ] ] } },
{ "type": "Feature", "properties": { "OBJECTID": 262319, "SegmentID": 362319 }, "geometry": { "type": "LineString", "coordinates": [ [ 77.697503000102785, 12.974973099558358 ], [ 77.697465741406674, 12.975037364042546 ], [ 77.697395799796624, 12.975157999796489 ], [ 77.697088300170336, 12.975682500024702 ] ] } },
{ "type": "Feature", "properties": { "OBJECTID": 263628, "SegmentID": 363628 }, "geometry": { "type": "LineString", "coordinates": [ [ 77.697088300170336, 12.975682500024702 ], [ 77.696907859483446, 12.975971284661426 ] ] } },
{ "type": "Feature", "properties": { "OBJECTID": 264020, "SegmentID": 364020 }, "geometry": { "type": "LineString", "coordinates": [ [ 77.514685000012292, 12.977748599804309 ], [ 77.514259899966831, 12.976764700334989 ], [ 77.514191299661064, 12.976511899909726 ] ] } },
{ "type": "Feature", "properties": { "OBJECTID": 264110, "SegmentID": 364110 }, "geometry": { "type": "LineString", "coordinates": [ [ 77.696907859483446, 12.975971284661426 ], [ 77.696819539229267, 12.976112636392067 ] ] } },
{ "type": "Feature", "properties": { "OBJECTID": 264342, "SegmentID": 364342 }, "geometry": { "type": "LineString", "coordinates": [ [ 77.696819539229267, 12.976112636392067 ], [ 77.696407799720092, 12.976771599649247 ], [ 77.696266500153087, 12.976993599628621 ] ] } },
{ "type": "Feature", "properties": { "OBJECTID": 264416, "SegmentID": 364416 }, "geometry": { "type": "LineString", "coordinates": [ [ 77.570897800013654, 12.977429599571439 ], [ 77.570906782290351, 12.977653705327509 ], [ 77.570921299664619, 12.97801590007086 ], [ 77.570898300050473, 12.978503100270933 ], [ 77.570902100270374, 12.978603900282781 ], [ 77.570897500132475, 12.978641400075068 ], [ 77.570912399900521, 12.978864800414559 ], [ 77.570939862466346, 12.979330505366979 ] ] } },
{ "type": "Feature", "properties": { "OBJECTID": 264779, "SegmentID": 364779 }, "geometry": { "type": "LineString", "coordinates": [ [ 77.514931499717861, 12.978176500094111 ], [ 77.514840299990709, 12.978036800065031 ], [ 77.51482900042204, 12.978015899730082 ], [ 77.514685000012292, 12.977748599804309 ] ] } },
{ "type": "Feature", "properties": { "OBJECTID": 264875, "SegmentID": 364875 }, "geometry": { "type": "LineString", "coordinates": [ [ 77.51496220043397, 12.978233400016549 ], [ 77.514931499717861, 12.978176500094111 ] ] } },
{ "type": "Feature", "properties": { "OBJECTID": 265345, "SegmentID": 365345 }, "geometry": { "type": "LineString", "coordinates": [ [ 77.573749511979955, 12.977951354293635 ], [ 77.573686200355027, 12.97801589999098 ], [ 77.573448200223538, 12.978350900080533 ], [ 77.573160299801842, 12.978664600117876 ], [ 77.572476499626333, 12.979458499712637 ], [ 77.57243149984194, 12.979526100155816 ], [ 77.572306200319233, 12.979735099800441 ], [ 77.572283600038361, 12.979869900213693 ], [ 77.572303826653382, 12.980324609789214 ] ] } },
{ "type": "Feature", "properties": { "OBJECTID": 265645, "SegmentID": 365645 }, "geometry": { "type": "LineString", "coordinates": [ [ 77.72588596222316, 12.976590515116957 ], [ 77.726047100259279, 12.976580699910501 ], [ 77.726532100178332, 12.976537300239666 ], [ 77.72670800016725, 12.976521499617265 ], [ 77.726790199950528, 12.976514099955628 ], [ 77.726926700234216, 12.976501900342146 ], [ 77.727166700087594, 12.976475100009068 ] ] } },
{ "type": "Feature", "properties": { "OBJECTID": 265760, "SegmentID": 365760 }, "geometry": { "type": "LineString", "coordinates": [ [ 77.724656499779599, 12.976665400031441 ], [ 77.72493358265217, 12.976648523856122 ], [ 77.72557993960028, 12.976609155500485 ], [ 77.72588596222316, 12.976590515116957 ] ] } },
{ "type": "Feature", "properties": { "OBJECTID": 265826, "SegmentID": 365826 }, "geometry": { "type": "LineString", "coordinates": [ [ 77.696266500153087, 12.976993599628621 ], [ 77.696106500412426, 12.977245099648396 ] ] } },
{ "type": "Feature", "properties": { "OBJECTID": 265840, "SegmentID": 365840 }, "geometry": { "type": "LineString", "coordinates": [ [ 77.515264000283139, 12.978814099713027 ], [ 77.515095300265401, 12.978505299974977 ], [ 77.51496220043397, 12.978233400016549 ] ] } },
{ "type": "Feature", "properties": { "OBJECTID": 266044, "SegmentID": 366044 }, "geometry": { "type": "LineString", "coordinates": [ [ 77.723203899606204, 12.976854399797547 ], [ 77.723778299749227, 12.976779699841414 ], [ 77.723803333700303, 12.976776442052403 ], [ 77.724206509227159, 12.976723967940687 ], [ 77.724656499779599, 12.976665400031441 ] ] } },
{ "type": "Feature", "properties": { "OBJECTID": 266222, "SegmentID": 366222 }, "geometry": { "type": "LineString", "coordinates": [ [ 77.696106500412426, 12.977245099648396 ], [ 77.69568620008026, 12.978015899560914 ], [ 77.695674799560607, 12.978036799750903 ], [ 77.695485699599104, 12.978349999655215 ] ] } },
{ "type": "Feature", "properties": { "OBJECTID": 266229, "SegmentID": 366229 }, "geometry": { "type": "LineString", "coordinates": [ [ 77.721782700148324, 12.97698309961282 ], [ 77.721916000427782, 12.976975799684077 ], [ 77.723203899606204, 12.976854399797547 ] ] } },
{ "type": "Feature", "properties": { "OBJECTID": 266230, "SegmentID": 366230 }, "geometry": { "type": "LineString", "coordinates": [ [ 77.515418999575047, 12.979062099938137 ], [ 77.515318899793442, 12.978918200175055 ], [ 77.515264000283139, 12.978814099713027 ] ] } },
{ "type": "Feature", "properties": { "OBJECTID": 266309, "SegmentID": 366309 }, "geometry": { "type": "LineString", "coordinates": [ [ 77.721282199764417, 12.977042500435802 ], [ 77.721400699735369, 12.977030999733936 ], [ 77.721582999759903, 12.977013299861953 ], [ 77.721718899685484, 12.976989599597387 ], [ 77.721744566170969, 12.976986984884787 ], [ 77.721782700148324, 12.97698309961282 ] ] } },
{ "type": "Feature", "properties": { "OBJECTID": 266588, "SegmentID": 366588 }, "geometry": { "type": "LineString", "coordinates": [ [ 77.515592199789495, 12.979310999933613 ], [ 77.515418999575047, 12.979062099938137 ] ] } },
{ "type": "Feature", "properties": { "OBJECTID": 266658, "SegmentID": 366658 }, "geometry": { "type": "LineString", "coordinates": [ [ 77.718246099880275, 12.977324800367178 ], [ 77.718825599883118, 12.977294099607715 ], [ 77.718877600040855, 12.977283199736384 ], [ 77.719349100267038, 12.977230300095728 ], [ 77.719962600015052, 12.977170699827571 ], [ 77.721282199764417, 12.977042500435802 ] ] } },
{ "type": "Feature", "properties": { "OBJECTID": 267390, "SegmentID": 367390 }, "geometry": { "type": "LineString", "coordinates": [ [ 77.570939862466346, 12.979330505366979 ], [ 77.570950700432704, 12.979485799580067 ], [ 77.570992899764036, 12.979822799712549 ], [ 77.571128299675621, 12.980000000082601 ] ] } },
{ "type": "Feature", "properties": { "OBJECTID": 267576, "SegmentID": 367576 }, "geometry": { "type": "LineString", "coordinates": [ [ 77.489095686816952, 12.980258714940364 ], [ 77.489021099597466, 12.980199499933519 ], [ 77.488688499681615, 12.979755200238598 ], [ 77.488559799628973, 12.979431099629828 ], [ 77.488094600340645, 12.978008799850889 ], [ 77.48809309970882, 12.978004000355845 ] ] } },
{ "type": "Feature", "properties": { "OBJECTID": 267693, "SegmentID": 367693 }, "geometry": { "type": "LineString", "coordinates": [ [ 77.516134499682721, 12.980084100279873 ], [ 77.516060200274424, 12.979983399764647 ], [ 77.515592199789495, 12.979310999933613 ] ] } },
{ "type": "Feature", "properties": { "OBJECTID": 267712, "SegmentID": 367712 }, "geometry": { "type": "LineString", "coordinates": [ [ 77.538664400164919, 12.979877500440086 ], [ 77.539258899998515, 12.979622899922067 ] ] } },
{ "type": "Feature", "properties": { "OBJECTID": 268078, "SegmentID": 368078 }, "geometry": { "type": "LineString", "coordinates": [ [ 77.69536100042157, 12.978556700408667 ], [ 77.695485699599104, 12.978349999655215 ] ] } },
{ "type": "Feature", "properties": { "OBJECTID": 268169, "SegmentID": 368169 }, "geometry": { "type": "LineString", "coordinates": [ [ 77.537906400348916, 12.980202000347846 ], [ 77.538664400164919, 12.979877500440086 ] ] } },
{ "type": "Feature", "properties": { "OBJECTID": 268183, "SegmentID": 368183 }, "geometry": { "type": "LineString", "coordinates": [ [ 77.5378695000677, 12.980217800027331 ], [ 77.537906400348916, 12.980202000347846 ] ] } },
{ "type": "Feature", "properties": { "OBJECTID": 268251, "SegmentID": 368251 }, "geometry": { "type": "LineString", "coordinates": [ [ 77.592588299630194, 12.979718399764279 ], [ 77.593676300196066, 12.980858900093279 ], [ 77.59405550043121, 12.981218700240857 ], [ 77.594709999905959, 12.981883100451128 ] ] } },
{ "type": "Feature", "properties": { "OBJECTID": 268343, "SegmentID": 368343 }, "geometry": { "type": "LineString", "coordinates": [ [ 77.537601599559451, 12.980316899839044 ], [ 77.5378695000677, 12.980217800027331 ] ] } },
{ "type": "Feature", "properties": { "OBJECTID": 268369, "SegmentID": 368369 }, "geometry": { "type": "LineString", "coordinates": [ [ 77.571128299675621, 12.980000000082601 ], [ 77.570835400142641, 12.980387499986103 ], [ 77.570697100068386, 12.980570699646112 ], [ 77.570559200577549, 12.980831843114464 ], [ 77.570552200002467, 12.980845100000082 ], [ 77.57050389987613, 12.980978400102904 ], [ 77.570385900187233, 12.981132599662624 ], [ 77.569988999965602, 12.98186699971267 ], [ 77.569704600155646, 12.982415900287686 ] ] } },
{ "type": "Feature", "properties": { "OBJECTID": 268433, "SegmentID": 368433 }, "geometry": { "type": "LineString", "coordinates": [ [ 77.537445699841584, 12.980374599557875 ], [ 77.537601599559451, 12.980316899839044 ] ] } },
{ "type": "Feature", "properties": { "OBJECTID": 268587, "SegmentID": 368587 }, "geometry": { "type": "LineString", "coordinates": [ [ 77.695177400250671, 12.978895899935635 ], [ 77.695298799718302, 12.978694799980984 ], [ 77.69536100042157, 12.978556700408667 ] ] } },
{ "type": "Feature", "properties": { "OBJECTID": 268739, "SegmentID": 368739 }, "geometry": { "type": "LineString", "coordinates": [ [ 77.536998200297788, 12.980600299905822 ], [ 77.537445699841584, 12.980374599557875 ] ] } },
{ "type": "Feature", "properties": { "OBJECTID": 268840, "SegmentID": 368840 }, "geometry": { "type": "LineString", "coordinates": [ [ 77.572303826653382, 12.980324609789214 ], [ 77.572307700264417, 12.980411700012521 ], [ 77.572336699841742, 12.980660200100997 ], [ 77.572552399789714, 12.981773100107327 ] ] } },
{ "type": "Feature", "properties": { "OBJECTID": 268899, "SegmentID": 368899 }, "geometry": { "type": "LineString", "coordinates": [ [ 77.536697400293036, 12.980724899759885 ], [ 77.536998200297788, 12.980600299905822 ] ] } },
{ "type": "Feature", "properties": { "OBJECTID": 268942, "SegmentID": 368942 }, "geometry": { "type": "LineString", "coordinates": [ [ 77.536675899922969, 12.980752699784485 ], [ 77.536697400293036, 12.980724899759885 ] ] } },
{ "type": "Feature", "properties": { "OBJECTID": 269097, "SegmentID": 369097 }, "geometry": { "type": "LineString", "coordinates": [ [ 77.536372800433767, 12.980864899936853 ], [ 77.536675899922969, 12.980752699784485 ] ] } },
{ "type": "Feature", "properties": { "OBJECTID": 269544, "SegmentID": 369544 }, "geometry": { "type": "LineString", "coordinates": [ [ 77.694794900256611, 12.979581500133589 ], [ 77.695130500378056, 12.978969200368056 ], [ 77.695177400250671, 12.978895899935635 ] ] } },
{ "type": "Feature", "properties": { "OBJECTID": 269604, "SegmentID": 369604 }, "geometry": { "type": "LineString", "coordinates": [ [ 77.694764999737146, 12.979618700063016 ], [ 77.694794900256611, 12.979581500133589 ] ] } },
{ "type": "Feature", "properties": { "OBJECTID": 269776, "SegmentID": 369776 }, "geometry": { "type": "LineString", "coordinates": [ [ 77.49081552474297, 12.981789362980805 ], [ 77.490796700382759, 12.981746799712484 ], [ 77.490555299815696, 12.981417499627216 ], [ 77.489095686816952, 12.980258714940364 ] ] } },
{ "type": "Feature", "properties": { "OBJECTID": 269829, "SegmentID": 369829 }, "geometry": { "type": "LineString", "coordinates": [ [ 77.534894900064856, 12.981412299865632 ], [ 77.536372800433767, 12.980864899936853 ] ] } },
{ "type": "Feature", "properties": { "OBJECTID": 269980, "SegmentID": 369980 }, "geometry": { "type": "LineString", "coordinates": [ [ 77.694552200136556, 12.979905000091467 ], [ 77.694656600179513, 12.979774200439243 ], [ 77.694764999737146, 12.979618700063016 ] ] } },
{ "type": "Feature", "properties": { "OBJECTID": 270024, "SegmentID": 370024 }, "geometry": { "type": "LineString", "coordinates": [ [ 77.51729539312953, 12.981720275548298 ], [ 77.51715200019882, 12.981519499988158 ], [ 77.516438399725061, 12.980496000263454 ], [ 77.516134499682721, 12.980084100279873 ] ] } },
{ "type": "Feature", "properties": { "OBJECTID": 270525, "SegmentID": 370525 }, "geometry": { "type": "LineString", "coordinates": [ [ 77.694351387334279, 12.98024917382044 ], [ 77.694552200136556, 12.979905000091467 ] ] } },
{ "type": "Feature", "properties": { "OBJECTID": 270985, "SegmentID": 370985 }, "geometry": { "type": "LineString", "coordinates": [ [ 77.572552399789714, 12.981773100107327 ], [ 77.57265013500654, 12.982279782844499 ] ] } },
{ "type": "Feature", "properties": { "OBJECTID": 271112, "SegmentID": 371112 }, "geometry": { "type": "LineString", "coordinates": [ [ 77.694121085802365, 12.980625315321173 ], [ 77.694325699960658, 12.980293200165328 ], [ 77.694351387334279, 12.98024917382044 ] ] } },
{ "type": "Feature", "properties": { "OBJECTID": 271179, "SegmentID": 371179 }, "geometry": { "type": "LineString", "coordinates": [ [ 77.694098782192896, 12.980661515932928 ], [ 77.694121085802365, 12.980625315321173 ] ] } },
{ "type": "Feature", "properties": { "OBJECTID": 271226, "SegmentID": 371226 }, "geometry": { "type": "LineString", "coordinates": [ [ 77.566064828191813, 12.981977206926135 ], [ 77.566027300366372, 12.981981999845901 ], [ 77.565895469728034, 12.982009899938451 ] ] } },
{ "type": "Feature", "properties": { "OBJECTID": 271270, "SegmentID": 371270 }, "geometry": { "type": "LineString", "coordinates": [ [ 77.566707499685464, 12.981993199590717 ], [ 77.566657699660439, 12.981976799561163 ], [ 77.566354599907271, 12.981940199789882 ], [ 77.566064828191813, 12.981977206926135 ] ] } },
{ "type": "Feature", "properties": { "OBJECTID": 271298, "SegmentID": 371298 }, "geometry": { "type": "LineString", "coordinates": [ [ 77.565895469728034, 12.982009899938451 ], [ 77.564696699766458, 12.982263600189578 ] ] } },
{ "type": "Feature", "properties": { "OBJECTID": 271512, "SegmentID": 371512 }, "geometry": { "type": "LineString", "coordinates": [ [ 77.594709999905959, 12.981883100451128 ], [ 77.594852700193996, 12.982058100093894 ], [ 77.595756099961662, 12.983213600389563 ] ] } },
{ "type": "Feature", "properties": { "OBJECTID": 271524, "SegmentID": 371524 }, "geometry": { "type": "LineString", "coordinates": [ [ 77.567230000398112, 12.982164500199273 ], [ 77.566707499685464, 12.981993199590717 ] ] } },
{ "type": "Feature", "properties": { "OBJECTID": 271642, "SegmentID": 371642 }, "geometry": { "type": "LineString", "coordinates": [ [ 77.564696699766458, 12.982263600189578 ], [ 77.562931664206673, 12.982489449715443 ] ] } },
{ "type": "Feature", "properties": { "OBJECTID": 271773, "SegmentID": 371773 }, "geometry": { "type": "LineString", "coordinates": [ [ 77.57016259965954, 12.982303500372238 ], [ 77.570133512656639, 12.982310638879849 ], [ 77.569704600155646, 12.982415900287686 ] ] } },
{ "type": "Feature", "properties": { "OBJECTID": 271775, "SegmentID": 371775 }, "geometry": { "type": "LineString", "coordinates": [ [ 77.57265013500654, 12.982279782844499 ], [ 77.572732889564662, 12.982708797080814 ] ] } },
{ "type": "Feature", "properties": { "OBJECTID": 271950, "SegmentID": 371950 }, "geometry": { "type": "LineString", "coordinates": [ [ 77.569704600155646, 12.982415900287686 ], [ 77.569366700367311, 12.982635399666112 ], [ 77.569060899667434, 12.982682500315056 ], [ 77.568669299913068, 12.98266160031285 ], [ 77.56812550002283, 12.982467700403376 ] ] } },
{ "type": "Feature", "properties": { "OBJECTID": 271964, "SegmentID": 371964 }, "geometry": { "type": "LineString", "coordinates": [ [ 77.562931664206673, 12.982489449715443 ], [ 77.562832800143795, 12.982502099993576 ], [ 77.562692400041087, 12.982516799582761 ] ] } },
{ "type": "Feature", "properties": { "OBJECTID": 271992, "SegmentID": 371992 }, "geometry": { "type": "LineString", "coordinates": [ [ 77.562692400041087, 12.982516799582761 ], [ 77.562614323713746, 12.982524916348934 ], [ 77.562284098654757, 12.982559245707716 ] ] } },
{ "type": "Feature", "properties": { "OBJECTID": 272002, "SegmentID": 372002 }, "geometry": { "type": "LineString", "coordinates": [ [ 77.56812550002283, 12.982467700403376 ], [ 77.56779085931656, 12.982349820748613 ], [ 77.567730899916569, 12.982328699608573 ], [ 77.567230000398112, 12.982164500199273 ] ] } },
{ "type": "Feature", "properties": { "OBJECTID": 272051, "SegmentID": 372051 }, "geometry": { "type": "LineString", "coordinates": [ [ 77.562284098654757, 12.982559245707716 ], [ 77.561400499692027, 12.982651099817085 ], [ 77.561163999988935, 12.982728199665315 ] ] } },
{ "type": "Feature", "properties": { "OBJECTID": 272295, "SegmentID": 372295 }, "geometry": { "type": "LineString", "coordinates": [ [ 77.561163999988935, 12.982728199665315 ], [ 77.561125699559597, 12.98274069967532 ], [ 77.561071800097437, 12.982768099602131 ] ] } },
{ "type": "Feature", "properties": { "OBJECTID": 272367, "SegmentID": 372367 }, "geometry": { "type": "LineString", "coordinates": [ [ 77.561071800097437, 12.982768099602131 ], [ 77.560808599687363, 12.982901799969531 ], [ 77.560643699856087, 12.983029699884282 ] ] } },
{ "type": "Feature", "properties": { "OBJECTID": 272486, "SegmentID": 372486 }, "geometry": { "type": "LineString", "coordinates": [ [ 77.572732889564662, 12.982708797080814 ], [ 77.57274510013437, 12.982772100052797 ], [ 77.572747266836913, 12.982794197718656 ] ] } },
{ "type": "Feature", "properties": { "OBJECTID": 272626, "SegmentID": 372626 }, "geometry": { "type": "LineString", "coordinates": [ [ 77.572747266836913, 12.982794197718656 ], [ 77.572758700388107, 12.982910800062088 ], [ 77.572735600221904, 12.983043100183957 ], [ 77.572546300242038, 12.983768599859584 ], [ 77.572515815664914, 12.983866580633121 ] ] } },
{ "type": "Feature", "properties": { "OBJECTID": 272801, "SegmentID": 372801 }, "geometry": { "type": "LineString", "coordinates": [ [ 77.560643699856087, 12.983029699884282 ], [ 77.560338000005245, 12.983273999570756 ], [ 77.5602900997863, 12.983300699713713 ] ] } },
{ "type": "Feature", "properties": { "OBJECTID": 273259, "SegmentID": 373259 }, "geometry": { "type": "LineString", "coordinates": [ [ 77.693282400021886, 12.981986600147339 ], [ 77.694098782192896, 12.980661515932928 ] ] } },
{ "type": "Feature", "properties": { "OBJECTID": 273394, "SegmentID": 373394 }, "geometry": { "type": "LineString", "coordinates": [ [ 77.571195100033918, 12.98334100012822 ], [ 77.571147700456052, 12.98327840023186 ], [ 77.571018900069731, 12.982922899802906 ], [ 77.570927700357672, 12.982687700068693 ], [ 77.570638100243428, 12.982353199661018 ], [ 77.570385900345983, 12.982248600100787 ], [ 77.57016259965954, 12.982303500372238 ] ] } },
{ "type": "Feature", "properties": { "OBJECTID": 273534, "SegmentID": 373534 }, "geometry": { "type": "LineString", "coordinates": [ [ 77.595756099961662, 12.983213600389563 ], [ 77.596493199975242, 12.983832900056109 ], [ 77.596852799809255, 12.984118099715499 ] ] } },
{ "type": "Feature", "properties": { "OBJECTID": 274085, "SegmentID": 374085 }, "geometry": { "type": "LineString", "coordinates": [ [ 77.692877100406349, 12.982573699992262 ], [ 77.693063899679331, 12.982298299990436 ], [ 77.693282400021886, 12.981986600147339 ] ] } },
{ "type": "Feature", "properties": { "OBJECTID": 274198, "SegmentID": 374198 }, "geometry": { "type": "LineString", "coordinates": [ [ 77.572515815664914, 12.983866580633121 ], [ 77.572506969478184, 12.983895013887146 ] ] } },
{ "type": "Feature", "properties": { "OBJECTID": 274250, "SegmentID": 374250 }, "geometry": { "type": "LineString", "coordinates": [ [ 77.572506969478184, 12.983895013887146 ], [ 77.572346899554617, 12.984409500388471 ], [ 77.572149499973833, 12.985065699978504 ] ] } },
{ "type": "Feature", "properties": { "OBJECTID": 275020, "SegmentID": 375020 }, "geometry": { "type": "LineString", "coordinates": [ [ 77.596852799809255, 12.984118099715499 ], [ 77.596936000170359, 12.984185499964028 ] ] } },
{ "type": "Feature", "properties": { "OBJECTID": 275162, "SegmentID": 375162 }, "geometry": { "type": "LineString", "coordinates": [ [ 77.596936000170359, 12.984185499964028 ], [ 77.597184899681295, 12.984361300191644 ] ] } },
{ "type": "Feature", "properties": { "OBJECTID": 275328, "SegmentID": 375328 }, "geometry": { "type": "LineString", "coordinates": [ [ 77.571884299760725, 12.984514800302371 ], [ 77.571807499994392, 12.984355200129393 ], [ 77.57157149990077, 12.983837699549827 ], [ 77.571195100033918, 12.98334100012822 ] ] } },
{ "type": "Feature", "properties": { "OBJECTID": 276189, "SegmentID": 376189 }, "geometry": { "type": "LineString", "coordinates": [ [ 77.491402606133761, 12.98578016245882 ], [ 77.491472699885819, 12.985515700273126 ], [ 77.491499500383725, 12.985222900247118 ], [ 77.491161499629811, 12.983205199914513 ], [ 77.490930799995724, 12.982050000266405 ], [ 77.49081552474297, 12.981789362980805 ] ] } },
{ "type": "Feature", "properties": { "OBJECTID": 276300, "SegmentID": 376300 }, "geometry": { "type": "LineString", "coordinates": [ [ 77.572149499973833, 12.985065699978504 ], [ 77.571884299760725, 12.984514800302371 ] ] } },
{ "type": "Feature", "properties": { "OBJECTID": 276830, "SegmentID": 376830 }, "geometry": { "type": "LineString", "coordinates": [ [ 77.519160253060818, 12.985892372731648 ], [ 77.519113399552936, 12.985406099664203 ], [ 77.519061599892083, 12.985041100073044 ], [ 77.519000099954653, 12.984734300102364 ], [ 77.518930299913606, 12.984483400367976 ], [ 77.518876499813686, 12.9843118998003 ], [ 77.518769300213648, 12.984003499875953 ], [ 77.518619199896335, 12.983681000294748 ], [ 77.518152900426955, 12.982930100204639 ], [ 77.518109599586012, 12.98286030019009 ], [ 77.51729539312953, 12.981720275548298 ] ] } },
{ "type": "Feature", "properties": { "OBJECTID": 277772, "SegmentID": 377772 }, "geometry": { "type": "LineString", "coordinates": [ [ 77.519228999597416, 12.986474300105538 ], [ 77.519199499825689, 12.986299700085356 ], [ 77.519160253060818, 12.985892372731648 ] ] } },
{ "type": "Feature", "properties": { "OBJECTID": 277923, "SegmentID": 377923 }, "geometry": { "type": "LineString", "coordinates": [ [ 77.490883699543303, 12.986843200173693 ], [ 77.490905000326777, 12.986758900051393 ], [ 77.491386800383836, 12.985839800388106 ], [ 77.491402606133761, 12.98578016245882 ] ] } },
{ "type": "Feature", "properties": { "OBJECTID": 278091, "SegmentID": 378091 }, "geometry": { "type": "LineString", "coordinates": [ [ 77.521029900218167, 12.986653900448079 ], [ 77.520362699870986, 12.986937499982204 ], [ 77.519428299866703, 12.987288199685995 ] ] } },
{ "type": "Feature", "properties": { "OBJECTID": 278654, "SegmentID": 378654 }, "geometry": { "type": "LineString", "coordinates": [ [ 77.691189699885371, 12.985275299661319 ], [ 77.691706400253466, 12.984417999966533 ], [ 77.692131800395245, 12.983747000031791 ], [ 77.692783699951477, 12.982725700311949 ], [ 77.692840600417597, 12.982625300150028 ], [ 77.692877100406349, 12.982573699992262 ] ] } },
{ "type": "Feature", "properties": { "OBJECTID": 279120, "SegmentID": 379120 }, "geometry": { "type": "LineString", "coordinates": [ [ 77.519428299866703, 12.987288199685995 ], [ 77.519347000159243, 12.987039199805702 ], [ 77.519274099850733, 12.986741100028809 ], [ 77.519228999597416, 12.986474300105538 ] ] } },
{ "type": "Feature", "properties": { "OBJECTID": 279121, "SegmentID": 379121 }, "geometry": { "type": "LineString", "coordinates": [ [ 77.519428299866703, 12.987288199685995 ], [ 77.519116999899666, 12.987384999672358 ], [ 77.518720522076634, 12.987501525053819 ], [ 77.518467800389459, 12.98757580001929 ], [ 77.518424751159984, 12.987592952525979 ] ] } },
{ "type": "Feature", "properties": { "OBJECTID": 279589, "SegmentID": 379589 }, "geometry": { "type": "LineString", "coordinates": [ [ 77.518424751159984, 12.987592952525979 ], [ 77.517366283383524, 12.988014690273422 ], [ 77.517261599918399, 12.988056400198001 ] ] } },
{ "type": "Feature", "properties": { "OBJECTID": 279639, "SegmentID": 379639 }, "geometry": { "type": "LineString", "coordinates": [ [ 77.514168899671674, 12.987661299577717 ], [ 77.513706800196132, 12.987674799569181 ] ] } },
{ "type": "Feature", "properties": { "OBJECTID": 279661, "SegmentID": 379661 }, "geometry": { "type": "LineString", "coordinates": [ [ 77.513706800196132, 12.987674799569181 ], [ 77.513614674012658, 12.987684699572666 ], [ 77.513308500186469, 12.987717599569075 ] ] } },
{ "type": "Feature", "properties": { "OBJECTID": 279686, "SegmentID": 379686 }, "geometry": { "type": "LineString", "coordinates": [ [ 77.514510999594776, 12.987674999555761 ], [ 77.514168899671674, 12.987661299577717 ] ] } },
{ "type": "Feature", "properties": { "OBJECTID": 279740, "SegmentID": 379740 }, "geometry": { "type": "LineString", "coordinates": [ [ 77.513308500186469, 12.987717599569075 ], [ 77.513177499723554, 12.987747600383692 ] ] } },
{ "type": "Feature", "properties": { "OBJECTID": 279779, "SegmentID": 379779 }, "geometry": { "type": "LineString", "coordinates": [ [ 77.513177499723554, 12.987747600383692 ], [ 77.512745746717584, 12.987837497517683 ], [ 77.512366800038933, 12.987916400178143 ] ] } },
{ "type": "Feature", "properties": { "OBJECTID": 279846, "SegmentID": 379846 }, "geometry": { "type": "LineString", "coordinates": [ [ 77.514959252612712, 12.98775624685644 ], [ 77.51475159978645, 12.987694000224201 ], [ 77.514510999594776, 12.987674999555761 ] ] } },
{ "type": "Feature", "properties": { "OBJECTID": 280032, "SegmentID": 380032 }, "geometry": { "type": "LineString", "coordinates": [ [ 77.512366800038933, 12.987916400178143 ], [ 77.512276599679424, 12.987945500059421 ], [ 77.511893699605551, 12.98809390032892 ], [ 77.511504950648884, 12.98821821188262 ] ] } },
{ "type": "Feature", "properties": { "OBJECTID": 280153, "SegmentID": 380153 }, "geometry": { "type": "LineString", "coordinates": [ [ 77.515557463659775, 12.987962140610779 ], [ 77.515218300104905, 12.987833899764761 ], [ 77.514959252612712, 12.98775624685644 ] ] } },
{ "type": "Feature", "properties": { "OBJECTID": 280175, "SegmentID": 380175 }, "geometry": { "type": "LineString", "coordinates": [ [ 77.690574000052649, 12.986219500413982 ], [ 77.690787200115864, 12.985905299888467 ], [ 77.691189699885371, 12.985275299661319 ] ] } },
{ "type": "Feature", "properties": { "OBJECTID": 280318, "SegmentID": 380318 }, "geometry": { "type": "LineString", "coordinates": [ [ 77.517261599918399, 12.988056400198001 ], [ 77.517020566245961, 12.988109518551378 ] ] } },
{ "type": "Feature", "properties": { "OBJECTID": 280350, "SegmentID": 380350 }, "geometry": { "type": "LineString", "coordinates": [ [ 77.515907490476451, 12.988087985417366 ], [ 77.515805700024799, 12.988056000334858 ], [ 77.515557463659775, 12.987962140610779 ] ] } },
{ "type": "Feature", "properties": { "OBJECTID": 280397, "SegmentID": 380397 }, "geometry": { "type": "LineString", "coordinates": [ [ 77.517020566245961, 12.988109518551378 ], [ 77.516496099986625, 12.988225099891382 ] ] } },
{ "type": "Feature", "properties": { "OBJECTID": 280481, "SegmentID": 380481 }, "geometry": { "type": "LineString", "coordinates": [ [ 77.511504950648884, 12.98821821188262 ], [ 77.511313600145471, 12.988279399962728 ] ] } },
{ "type": "Feature", "properties": { "OBJECTID": 280598, "SegmentID": 380598 }, "geometry": { "type": "LineString", "coordinates": [ [ 77.516496099986625, 12.988225099891382 ], [ 77.516217499774612, 12.98818539977626 ], [ 77.515907490476451, 12.988087985417366 ] ] } },
{ "type": "Feature", "properties": { "OBJECTID": 280611, "SegmentID": 380611 }, "geometry": { "type": "LineString", "coordinates": [ [ 77.511313600145471, 12.988279399962728 ], [ 77.511055499675706, 12.988332999641832 ], [ 77.510922800447005, 12.988348700089674 ], [ 77.510791299664135, 12.988342200156072 ], [ 77.510718812266333, 12.988314115626322 ] ] } },
{ "type": "Feature", "properties": { "OBJECTID": 281005, "SegmentID": 381005 }, "geometry": { "type": "LineString", "coordinates": [ [ 77.472174800048649, 12.988862100305175 ], [ 77.472125200342646, 12.988635999795973 ], [ 77.472020600441368, 12.98809450007712 ], [ 77.471965200033523, 12.987839399564075 ], [ 77.471867999662578, 12.987444600094717 ], [ 77.471766900213765, 12.987102100319635 ], [ 77.471550213343207, 12.986469801878492 ] ] } },
{ "type": "Feature", "properties": { "OBJECTID": 281754, "SegmentID": 381754 }, "geometry": { "type": "LineString", "coordinates": [ [ 77.690056148799414, 12.987125911996046 ], [ 77.690503700402573, 12.986367899708641 ], [ 77.690574000052649, 12.986219500413982 ] ] } },
{ "type": "Feature", "properties": { "OBJECTID": 283005, "SegmentID": 383005 }, "geometry": { "type": "LineString", "coordinates": [ [ 77.520181400303372, 12.989594499774547 ], [ 77.519428299866703, 12.987288199685995 ] ] } },
{ "type": "Feature", "properties": { "OBJECTID": 283217, "SegmentID": 383217 }, "geometry": { "type": "LineString", "coordinates": [ [ 77.689527400088366, 12.988015199697177 ], [ 77.689873299542796, 12.987435600032487 ], [ 77.690056148799414, 12.987125911996046 ] ] } },
{ "type": "Feature", "properties": { "OBJECTID": 283299, "SegmentID": 383299 }, "geometry": { "type": "LineString", "coordinates": [ [ 77.689500442785445, 12.988057687908929 ], [ 77.689527400088366, 12.988015199697177 ] ] } },
{ "type": "Feature", "properties": { "OBJECTID": 284192, "SegmentID": 384192 }, "geometry": { "type": "LineString", "coordinates": [ [ 77.68921724859419, 12.98859193849535 ], [ 77.689244199772205, 12.988541000223847 ], [ 77.689445299857823, 12.988144600323023 ], [ 77.689500442785445, 12.988057687908929 ] ] } },
{ "type": "Feature", "properties": { "OBJECTID": 284491, "SegmentID": 384491 }, "geometry": { "type": "LineString", "coordinates": [ [ 77.68912689997849, 12.988762700412421 ], [ 77.68921724859419, 12.98859193849535 ] ] } },
{ "type": "Feature", "properties": { "OBJECTID": 284928, "SegmentID": 384928 }, "geometry": { "type": "LineString", "coordinates": [ [ 77.688975399959588, 12.989013699552416 ], [ 77.68912689997849, 12.988762700412421 ] ] } },
{ "type": "Feature", "properties": { "OBJECTID": 284972, "SegmentID": 384972 }, "geometry": { "type": "LineString", "coordinates": [ [ 77.688961599734, 12.989036399597259 ], [ 77.688975399959588, 12.989013699552416 ] ] } },
{ "type": "Feature", "properties": { "OBJECTID": 285387, "SegmentID": 385387 }, "geometry": { "type": "LineString", "coordinates": [ [ 77.688800100163007, 12.989307800063814 ], [ 77.688893500037295, 12.98915380027695 ], [ 77.688961599734, 12.989036399597259 ] ] } },
{ "type": "Feature", "properties": { "OBJECTID": 286302, "SegmentID": 386302 }, "geometry": { "type": "LineString", "coordinates": [ [ 77.688523899778758, 12.989797700133961 ], [ 77.688688700239979, 12.989479799745892 ], [ 77.688800100163007, 12.989307800063814 ] ] } },
{ "type": "Feature", "properties": { "OBJECTID": 286852, "SegmentID": 386852 }, "geometry": { "type": "LineString", "coordinates": [ [ 77.68829548211275, 12.990118041307641 ], [ 77.688523899778758, 12.989797700133961 ] ] } },
{ "type": "Feature", "properties": { "OBJECTID": 287051, "SegmentID": 387051 }, "geometry": { "type": "LineString", "coordinates": [ [ 77.688219500365449, 12.990224599925336 ], [ 77.68829548211275, 12.990118041307641 ] ] } },
{ "type": "Feature", "properties": { "OBJECTID": 287261, "SegmentID": 387261 }, "geometry": { "type": "LineString", "coordinates": [ [ 77.688117350691613, 12.990359047251181 ], [ 77.688219500365449, 12.990224599925336 ] ] } },
{ "type": "Feature", "properties": { "OBJECTID": 287441, "SegmentID": 387441 }, "geometry": { "type": "LineString", "coordinates": [ [ 77.688042699912444, 12.990457300016811 ], [ 77.688117350691613, 12.990359047251181 ] ] } },
{ "type": "Feature", "properties": { "OBJECTID": 288732, "SegmentID": 388732 }, "geometry": { "type": "LineString", "coordinates": [ [ 77.68746640014858, 12.991235600182183 ], [ 77.688042699912444, 12.990457300016811 ] ] } },
{ "type": "Feature", "properties": { "OBJECTID": 288823, "SegmentID": 388823 }, "geometry": { "type": "LineString", "coordinates": [ [ 77.521340384905443, 12.992950971298468 ], [ 77.521235200225746, 12.992686500343611 ], [ 77.52095070037673, 12.991868300323485 ], [ 77.520647299852911, 12.99102139968142 ], [ 77.520181400303372, 12.989594499774547 ] ] } },
{ "type": "Feature", "properties": { "OBJECTID": 288986, "SegmentID": 388986 }, "geometry": { "type": "LineString", "coordinates": [ [ 77.687366051327913, 12.99137036567754 ], [ 77.68746640014858, 12.991235600182183 ] ] } },
{ "type": "Feature", "properties": { "OBJECTID": 289056, "SegmentID": 389056 }, "geometry": { "type": "LineString", "coordinates": [ [ 77.687338182181676, 12.99140779259722 ], [ 77.687366051327913, 12.99137036567754 ] ] } },
{ "type": "Feature", "properties": { "OBJECTID": 289136, "SegmentID": 389136 }, "geometry": { "type": "LineString", "coordinates": [ [ 77.521402641818838, 12.99310750461057 ], [ 77.521340384905443, 12.992950971298468 ] ] } },
{ "type": "Feature", "properties": { "OBJECTID": 290427, "SegmentID": 390427 }, "geometry": { "type": "LineString", "coordinates": [ [ 77.521672709752636, 12.993782718068088 ], [ 77.521664300058376, 12.993765399613958 ], [ 77.521402641818838, 12.99310750461057 ] ] } },
{ "type": "Feature", "properties": { "OBJECTID": 290638, "SegmentID": 390638 }, "geometry": { "type": "LineString", "coordinates": [ [ 77.521721844982778, 12.993883897761441 ], [ 77.521672709752636, 12.993782718068088 ] ] } },
{ "type": "Feature", "properties": { "OBJECTID": 290747, "SegmentID": 390747 }, "geometry": { "type": "LineString", "coordinates": [ [ 77.686633300451604, 12.992284499573154 ], [ 77.687213899703636, 12.991574700181413 ], [ 77.687338182181676, 12.99140779259722 ] ] } },
{ "type": "Feature", "properties": { "OBJECTID": 291344, "SegmentID": 391344 }, "geometry": { "type": "LineString", "coordinates": [ [ 77.6605476998879, 12.992871199721133 ], [ 77.660382800320562, 12.99279829980547 ] ] } },
{ "type": "Feature", "properties": { "OBJECTID": 291700, "SegmentID": 391700 }, "geometry": { "type": "LineString", "coordinates": [ [ 77.521985381001372, 12.994426573926603 ], [ 77.521721844982778, 12.993883897761441 ] ] } },
{ "type": "Feature", "properties": { "OBJECTID": 292078, "SegmentID": 392078 }, "geometry": { "type": "LineString", "coordinates": [ [ 77.6612978442393, 12.993232828754405 ], [ 77.6605476998879, 12.992871199721133 ] ] } },
{ "type": "Feature", "properties": { "OBJECTID": 292918, "SegmentID": 392918 }, "geometry": { "type": "LineString", "coordinates": [ [ 77.662214727355888, 12.993659882057726 ], [ 77.661803099888914, 12.993476400184054 ], [ 77.6612978442393, 12.993232828754405 ] ] } },
{ "type": "Feature", "properties": { "OBJECTID": 292926, "SegmentID": 392926 }, "geometry": { "type": "LineString", "coordinates": [ [ 77.662220599575505, 12.99366250040184 ], [ 77.662214727355888, 12.993659882057726 ] ] } },
{ "type": "Feature", "properties": { "OBJECTID": 293072, "SegmentID": 393072 }, "geometry": { "type": "LineString", "coordinates": [ [ 77.522333199634986, 12.995142799694275 ], [ 77.521985381001372, 12.994426573926603 ] ] } },
{ "type": "Feature", "properties": { "OBJECTID": 293118, "SegmentID": 393118 }, "geometry": { "type": "LineString", "coordinates": [ [ 77.66244520027881, 12.993766299724552 ], [ 77.662220599575505, 12.99366250040184 ] ] } },
{ "type": "Feature", "properties": { "OBJECTID": 293493, "SegmentID": 393493 }, "geometry": { "type": "LineString", "coordinates": [ [ 77.662813137594881, 12.993939712997708 ], [ 77.66244520027881, 12.993766299724552 ] ] } },
{ "type": "Feature", "properties": { "OBJECTID": 294124, "SegmentID": 394124 }, "geometry": { "type": "LineString", "coordinates": [ [ 77.663516899939253, 12.994271400185623 ], [ 77.662813137594881, 12.993939712997708 ] ] } },
{ "type": "Feature", "properties": { "OBJECTID": 294546, "SegmentID": 394546 }, "geometry": { "type": "LineString", "coordinates": [ [ 77.685184399887461, 12.994273599670455 ], [ 77.685223723621746, 12.994216855916642 ], [ 77.68568530020822, 12.993550800190683 ], [ 77.686633300451604, 12.992284499573154 ] ] } },
{ "type": "Feature", "properties": { "OBJECTID": 294617, "SegmentID": 394617 }, "geometry": { "type": "LineString", "coordinates": [ [ 77.685145999692466, 12.994311800256892 ], [ 77.685184399887461, 12.994273599670455 ] ] } },
{ "type": "Feature", "properties": { "OBJECTID": 294831, "SegmentID": 394831 }, "geometry": { "type": "LineString", "coordinates": [ [ 77.664275499723018, 12.994625900291798 ], [ 77.663516899939253, 12.994271400185623 ] ] } },
{ "type": "Feature", "properties": { "OBJECTID": 294834, "SegmentID": 394834 }, "geometry": { "type": "LineString", "coordinates": [ [ 77.685045100270557, 12.994412200322005 ], [ 77.685145999692466, 12.994311800256892 ] ] } },
{ "type": "Feature", "properties": { "OBJECTID": 294892, "SegmentID": 394892 }, "geometry": { "type": "LineString", "coordinates": [ [ 77.664370020906574, 12.994659192264852 ], [ 77.664275499723018, 12.994625900291798 ] ] } },
{ "type": "Feature", "properties": { "OBJECTID": 295101, "SegmentID": 395101 }, "geometry": { "type": "LineString", "coordinates": [ [ 77.684951200140574, 12.99455559994297 ], [ 77.685045100270557, 12.994412200322005 ] ] } },
{ "type": "Feature", "properties": { "OBJECTID": 295149, "SegmentID": 395149 }, "geometry": { "type": "LineString", "coordinates": [ [ 77.522851625786075, 12.996210170947361 ], [ 77.522333199634986, 12.995142799694275 ] ] } },
{ "type": "Feature", "properties": { "OBJECTID": 295204, "SegmentID": 395204 }, "geometry": { "type": "LineString", "coordinates": [ [ 77.522863199904322, 12.99623399977057 ], [ 77.522851625786075, 12.996210170947361 ] ] } },
{ "type": "Feature", "properties": { "OBJECTID": 295395, "SegmentID": 395395 }, "geometry": { "type": "LineString", "coordinates": [ [ 77.664949799602283, 12.99489379980175 ], [ 77.664683800276805, 12.994776599753497 ], [ 77.664513699780869, 12.994709799967479 ], [ 77.664370020906574, 12.994659192264852 ] ] } },
{ "type": "Feature", "properties": { "OBJECTID": 295407, "SegmentID": 395407 }, "geometry": { "type": "LineString", "coordinates": [ [ 77.584874261996362, 12.995708487868948 ], [ 77.584953899860722, 12.995320900099339 ], [ 77.585089800239984, 12.994506299933718 ], [ 77.585180999996567, 12.993999299738491 ], [ 77.585122000128209, 12.993518400003628 ] ] } },
{ "type": "Feature", "properties": { "OBJECTID": 295872, "SegmentID": 395872 }, "geometry": { "type": "LineString", "coordinates": [ [ 77.665442600096938, 12.995119899923624 ], [ 77.665251399943941, 12.995049800423702 ], [ 77.664949799602283, 12.99489379980175 ] ] } },
{ "type": "Feature", "properties": { "OBJECTID": 295873, "SegmentID": 395873 }, "geometry": { "type": "LineString", "coordinates": [ [ 77.665442600096938, 12.995119899923624 ], [ 77.665055257851051, 12.995822849137715 ] ] } },
{ "type": "Feature", "properties": { "OBJECTID": 296207, "SegmentID": 396207 }, "geometry": { "type": "LineString", "coordinates": [ [ 77.665894899620739, 12.995293499841779 ], [ 77.665442600096938, 12.995119899923624 ] ] } },
{ "type": "Feature", "properties": { "OBJECTID": 296228, "SegmentID": 396228 }, "geometry": { "type": "LineString", "coordinates": [ [ 77.584789399984601, 12.996121499851286 ], [ 77.584874261996362, 12.995708487868948 ] ] } },
{ "type": "Feature", "properties": { "OBJECTID": 296640, "SegmentID": 396640 }, "geometry": { "type": "LineString", "coordinates": [ [ 77.666450086093349, 12.995523590623161 ], [ 77.666196000223607, 12.995426599838796 ], [ 77.665894899620739, 12.995293499841779 ] ] } },
{ "type": "Feature", "properties": { "OBJECTID": 296783, "SegmentID": 396783 }, "geometry": { "type": "LineString", "coordinates": [ [ 77.666603100102392, 12.99558200032808 ], [ 77.666450086093349, 12.995523590623161 ] ] } },
{ "type": "Feature", "properties": { "OBJECTID": 297209, "SegmentID": 397209 }, "geometry": { "type": "LineString", "coordinates": [ [ 77.665055257851051, 12.995822849137715 ], [ 77.664970814892285, 12.995976096534473 ] ] } },
{ "type": "Feature", "properties": { "OBJECTID": 297442, "SegmentID": 397442 }, "geometry": { "type": "LineString", "coordinates": [ [ 77.664970814892285, 12.995976096534473 ], [ 77.664310899903086, 12.997173700358131 ], [ 77.664158590460474, 12.997421269430276 ] ] } },
{ "type": "Feature", "properties": { "OBJECTID": 297558, "SegmentID": 397558 }, "geometry": { "type": "LineString", "coordinates": [ [ 77.584598300225849, 12.996870700367403 ], [ 77.584789399984601, 12.996121499851286 ] ] } },
{ "type": "Feature", "properties": { "OBJECTID": 297646, "SegmentID": 397646 }, "geometry": { "type": "LineString", "coordinates": [ [ 77.667855700075378, 12.996086799902798 ], [ 77.667804982725286, 12.996066330007503 ], [ 77.667583900273698, 12.99597709960028 ], [ 77.666603100102392, 12.99558200032808 ] ] } },
{ "type": "Feature", "properties": { "OBJECTID": 297648, "SegmentID": 397648 }, "geometry": { "type": "LineString", "coordinates": [ [ 77.667855700075378, 12.996086799902798 ], [ 77.668052899742719, 12.996203199964546 ], [ 77.668911999546523, 12.996596899801364 ], [ 77.669185958327432, 12.996737481951751 ], [ 77.669261210911927, 12.996776097585039 ], [ 77.669349299569291, 12.996821299676578 ] ] } },
{ "type": "Feature", "properties": { "OBJECTID": 298046, "SegmentID": 398046 }, "geometry": { "type": "LineString", "coordinates": [ [ 77.68377200000748, 12.996169299703205 ], [ 77.683939599941382, 12.995963899550903 ], [ 77.684114200162767, 12.995711299738128 ], [ 77.684400800451613, 12.995315499869823 ], [ 77.684804900052782, 12.994757699688556 ], [ 77.684951200140574, 12.99455559994297 ] ] } },
{ "type": "Feature", "properties": { "OBJECTID": 298489, "SegmentID": 398489 }, "geometry": { "type": "LineString", "coordinates": [ [ 77.683596799901196, 12.996416199888396 ], [ 77.68377200000748, 12.996169299703205 ] ] } },
{ "type": "Feature", "properties": { "OBJECTID": 298522, "SegmentID": 398522 }, "geometry": { "type": "LineString", "coordinates": [ [ 77.523709899965169, 12.99804110024842 ], [ 77.523545075417701, 12.997687884883915 ], [ 77.523504722821272, 12.99760141039094 ], [ 77.522951799714079, 12.996416499869703 ], [ 77.522863199904322, 12.99623399977057 ] ] } },
{ "type": "Feature", "properties": { "OBJECTID": 298971, "SegmentID": 398971 }, "geometry": { "type": "LineString", "coordinates": [ [ 77.669349299569291, 12.996821299676578 ], [ 77.669406403187011, 12.996860378304863 ], [ 77.669563883691069, 12.996968150632565 ] ] } },
{ "type": "Feature", "properties": { "OBJECTID": 299088, "SegmentID": 399088 }, "geometry": { "type": "LineString", "coordinates": [ [ 77.683397799597955, 12.996746499855799 ], [ 77.683596799901196, 12.996416199888396 ] ] } },
{ "type": "Feature", "properties": { "OBJECTID": 299113, "SegmentID": 399113 }, "geometry": { "type": "LineString", "coordinates": [ [ 77.584402599783687, 12.997764700323119 ], [ 77.584574799950857, 12.996963000228511 ], [ 77.584598300225849, 12.996870700367403 ] ] } },
{ "type": "Feature", "properties": { "OBJECTID": 299119, "SegmentID": 399119 }, "geometry": { "type": "LineString", "coordinates": [ [ 77.523856821523992, 12.998363421573268 ], [ 77.523709899965169, 12.99804110024842 ] ] } },
{ "type": "Feature", "properties": { "OBJECTID": 299130, "SegmentID": 399130 }, "geometry": { "type": "LineString", "coordinates": [ [ 77.474020393771013, 12.998847290156988 ], [ 77.473983899924434, 12.99822160007988 ], [ 77.473965399659505, 12.997978099955507 ], [ 77.473932900034967, 12.997661599571543 ], [ 77.47387320038645, 12.997287500319381 ], [ 77.473785099887138, 12.996833899873771 ], [ 77.473313699865471, 12.994537400133208 ], [ 77.4731040001286, 12.993546199588877 ], [ 77.472466799690508, 12.990382399890667 ], [ 77.472174800048649, 12.988862100305175 ] ] } },
{ "type": "Feature", "properties": { "OBJECTID": 299245, "SegmentID": 399245 }, "geometry": { "type": "LineString", "coordinates": [ [ 77.669563883691069, 12.996968150632565 ], [ 77.669613200248236, 12.997001899815411 ], [ 77.669635525245781, 12.997013410615232 ], [ 77.669773950487908, 12.9970847853668 ] ] } },
{ "type": "Feature", "properties": { "OBJECTID": 299276, "SegmentID": 399276 }, "geometry": { "type": "LineString", "coordinates": [ [ 77.523895518438465, 12.998448315615981 ], [ 77.523856821523992, 12.998363421573268 ] ] } },
{ "type": "Feature", "properties": { "OBJECTID": 299455, "SegmentID": 399455 }, "geometry": { "type": "LineString", "coordinates": [ [ 77.669773950487908, 12.9970847853668 ], [ 77.669862467781471, 12.997130425495586 ] ] } },
{ "type": "Feature", "properties": { "OBJECTID": 299521, "SegmentID": 399521 }, "geometry": { "type": "LineString", "coordinates": [ [ 77.669862467781471, 12.997130425495586 ], [ 77.669901400402068, 12.997150500284631 ], [ 77.670130200139937, 12.997233300006531 ] ] } },
{ "type": "Feature", "properties": { "OBJECTID": 299549, "SegmentID": 399549 }, "geometry": { "type": "LineString", "coordinates": [ [ 77.474034038336271, 12.999080996403604 ], [ 77.474020393771013, 12.998847290156988 ] ] } },
{ "type": "Feature", "properties": { "OBJECTID": 299728, "SegmentID": 399728 }, "geometry": { "type": "LineString", "coordinates": [ [ 77.670130200139937, 12.997233300006531 ], [ 77.670448400153958, 12.99738690037328 ], [ 77.670694399836691, 12.997503199806404 ], [ 77.67098320006572, 12.99763769989414 ] ] } },
{ "type": "Feature", "properties": { "OBJECTID": 299942, "SegmentID": 399942 }, "geometry": { "type": "LineString", "coordinates": [ [ 77.664158590460474, 12.997421269430276 ], [ 77.663815635074627, 12.997979878097048 ] ] } },
{ "type": "Feature", "properties": { "OBJECTID": 299943, "SegmentID": 399943 }, "geometry": { "type": "LineString", "coordinates": [ [ 77.524066399973137, 12.998823200318505 ], [ 77.523895518438465, 12.998448315615981 ] ] } },
{ "type": "Feature", "properties": { "OBJECTID": 300143, "SegmentID": 400143 }, "geometry": { "type": "LineString", "coordinates": [ [ 77.68303869955011, 12.997344800110737 ], [ 77.683285300346796, 12.99694409969738 ], [ 77.683397799597955, 12.996746499855799 ] ] } },
{ "type": "Feature", "properties": { "OBJECTID": 300431, "SegmentID": 400431 }, "geometry": { "type": "LineString", "coordinates": [ [ 77.67098320006572, 12.99763769989414 ], [ 77.671621899918691, 12.997979600027756 ] ] } },
{ "type": "Feature", "properties": { "OBJECTID": 300515, "SegmentID": 400515 }, "geometry": { "type": "LineString", "coordinates": [ [ 77.524224300437055, 12.999164199617145 ], [ 77.524139900325125, 12.998984399727942 ], [ 77.524066399973137, 12.998823200318505 ] ] } },
{ "type": "Feature", "properties": { "OBJECTID": 300639, "SegmentID": 400639 }, "geometry": { "type": "LineString", "coordinates": [ [ 77.584265983939801, 12.998641825826082 ], [ 77.584402599783687, 12.997764700323119 ] ] } },
{ "type": "Feature", "properties": { "OBJECTID": 300808, "SegmentID": 400808 }, "geometry": { "type": "LineString", "coordinates": [ [ 77.682781000237981, 12.997738500143791 ], [ 77.68303869955011, 12.997344800110737 ] ] } },
{ "type": "Feature", "properties": { "OBJECTID": 300901, "SegmentID": 400901 }, "geometry": { "type": "LineString", "coordinates": [ [ 77.663815635074627, 12.997979878097048 ], [ 77.66367420015365, 12.998210099724064 ], [ 77.663616700268847, 12.998355300446008 ] ] } },
{ "type": "Feature", "properties": { "OBJECTID": 301089, "SegmentID": 401089 }, "geometry": { "type": "LineString", "coordinates": [ [ 77.671621899918691, 12.997979600027756 ], [ 77.672159700264501, 12.998238199906366 ] ] } },
{ "type": "Feature", "properties": { "OBJECTID": 301361, "SegmentID": 401361 }, "geometry": { "type": "LineString", "coordinates": [ [ 77.524421699793137, 12.999591499680326 ], [ 77.524403069560933, 12.999551172535339 ], [ 77.524224300437055, 12.999164199617145 ] ] } },
{ "type": "Feature", "properties": { "OBJECTID": 301596, "SegmentID": 401596 }, "geometry": { "type": "LineString", "coordinates": [ [ 77.682561100043586, 12.998130800372396 ], [ 77.682781000237981, 12.997738500143791 ] ] } },
{ "type": "Feature", "properties": { "OBJECTID": 301598, "SegmentID": 401598 }, "geometry": { "type": "LineString", "coordinates": [ [ 77.672159700264501, 12.998238199906366 ], [ 77.67254504715163, 12.998421898661457 ] ] } },
{ "type": "Feature", "properties": { "OBJECTID": 301667, "SegmentID": 401667 }, "geometry": { "type": "LineString", "coordinates": [ [ 77.663616700268847, 12.998355300446008 ], [ 77.6635174996551, 12.999805700193628 ] ] } },
{ "type": "Feature", "properties": { "OBJECTID": 301922, "SegmentID": 401922 }, "geometry": { "type": "LineString", "coordinates": [ [ 77.524550999889158, 12.999880199767782 ], [ 77.524537462717461, 12.999849974580643 ], [ 77.524421699793137, 12.999591499680326 ] ] } },
{ "type": "Feature", "properties": { "OBJECTID": 301972, "SegmentID": 401972 }, "geometry": { "type": "LineString", "coordinates": [ [ 77.67254504715163, 12.998421898661457 ], [ 77.672674899680842, 12.998483800234894 ] ] } },
{ "type": "Feature", "properties": { "OBJECTID": 302114, "SegmentID": 402114 }, "geometry": { "type": "LineString", "coordinates": [ [ 77.672674899680842, 12.998483800234894 ], [ 77.672846599949622, 12.99857600025951 ], [ 77.673642699702498, 12.998941799578336 ] ] } },
{ "type": "Feature", "properties": { "OBJECTID": 302398, "SegmentID": 402398 }, "geometry": { "type": "LineString", "coordinates": [ [ 77.524658203230089, 13.000119489348753 ], [ 77.524654719276612, 13.000111713575565 ], [ 77.524652085568874, 13.000105834966526 ], [ 77.524550999889158, 12.999880199767782 ] ] } },
{ "type": "Feature", "properties": { "OBJECTID": 302439, "SegmentID": 402439 }, "geometry": { "type": "LineString", "coordinates": [ [ 77.524665600050724, 13.00013599983007 ], [ 77.524658203230089, 13.000119489348753 ] ] } },
{ "type": "Feature", "properties": { "OBJECTID": 303005, "SegmentID": 403005 }, "geometry": { "type": "LineString", "coordinates": [ [ 77.524794299972839, 13.00041639985821 ], [ 77.524771399677689, 13.000372299816634 ], [ 77.524665600050724, 13.00013599983007 ] ] } },
{ "type": "Feature", "properties": { "OBJECTID": 303039, "SegmentID": 403039 }, "geometry": { "type": "LineString", "coordinates": [ [ 77.673642699702498, 12.998941799578336 ], [ 77.673742799587359, 12.998997799844501 ] ] } },
{ "type": "Feature", "properties": { "OBJECTID": 303169, "SegmentID": 403169 }, "geometry": { "type": "LineString", "coordinates": [ [ 77.673742799587359, 12.998997799844501 ], [ 77.674160599596732, 12.999216000334142 ] ] } },
{ "type": "Feature", "properties": { "OBJECTID": 303549, "SegmentID": 403549 }, "geometry": { "type": "LineString", "coordinates": [ [ 77.524938100315552, 13.000692800445472 ], [ 77.524838728910538, 13.000501797134351 ], [ 77.524794299972839, 13.00041639985821 ] ] } },
{ "type": "Feature", "properties": { "OBJECTID": 303593, "SegmentID": 403593 }, "geometry": { "type": "LineString", "coordinates": [ [ 77.674160599596732, 12.999216000334142 ], [ 77.674367399624558, 12.999318200209325 ], [ 77.674467099617488, 12.999361099818783 ] ] } },
{ "type": "Feature", "properties": { "OBJECTID": 303910, "SegmentID": 403910 }, "geometry": { "type": "LineString", "coordinates": [ [ 77.674467099617488, 12.999361099818783 ], [ 77.674933899655088, 12.999574800082723 ], [ 77.675129100132978, 12.999652700413774 ], [ 77.675475999702101, 12.999783799792471 ] ] } },
{ "type": "Feature", "properties": { "OBJECTID": 304132, "SegmentID": 404132 }, "geometry": { "type": "LineString", "coordinates": [ [ 77.525074100379399, 13.000954400123247 ], [ 77.524938100315552, 13.000692800445472 ] ] } },
{ "type": "Feature", "properties": { "OBJECTID": 304554, "SegmentID": 404554 }, "geometry": { "type": "LineString", "coordinates": [ [ 77.6635174996551, 12.999805700193628 ], [ 77.66346509960367, 13.000301299841214 ] ] } },
{ "type": "Feature", "properties": { "OBJECTID": 304589, "SegmentID": 404589 }, "geometry": { "type": "LineString", "coordinates": [ [ 77.584139299758831, 13.000637700166452 ], [ 77.584190800407271, 12.999398100104736 ], [ 77.584235600338005, 12.998836899953808 ], [ 77.584265983939801, 12.998641825826082 ] ] } },
{ "type": "Feature", "properties": { "OBJECTID": 304639, "SegmentID": 404639 }, "geometry": { "type": "LineString", "coordinates": [ [ 77.525222699944905, 13.001240100215199 ], [ 77.525132009692641, 13.001065737806776 ], [ 77.525074100379399, 13.000954400123247 ] ] } },
{ "type": "Feature", "properties": { "OBJECTID": 304731, "SegmentID": 404731 }, "geometry": { "type": "LineString", "coordinates": [ [ 77.675475999702101, 12.999783799792471 ], [ 77.675606599655481, 12.999845700050836 ] ] } },
{ "type": "Feature", "properties": { "OBJECTID": 304822, "SegmentID": 404822 }, "geometry": { "type": "LineString", "coordinates": [ [ 77.675606599655481, 12.999845700050836 ], [ 77.676034099749103, 13.000018400323082 ], [ 77.67634720043101, 13.000175699734909 ] ] } },
{ "type": "Feature", "properties": { "OBJECTID": 305239, "SegmentID": 405239 }, "geometry": { "type": "LineString", "coordinates": [ [ 77.525389100256021, 13.001560200306152 ], [ 77.525222699944905, 13.001240100215199 ] ] } },
{ "type": "Feature", "properties": { "OBJECTID": 305466, "SegmentID": 405466 }, "geometry": { "type": "LineString", "coordinates": [ [ 77.66346509960367, 13.000301299841214 ], [ 77.663410444402757, 13.001148497678663 ] ] } },
{ "type": "Feature", "properties": { "OBJECTID": 305475, "SegmentID": 405475 }, "geometry": { "type": "LineString", "coordinates": [ [ 77.67634720043101, 13.000175699734909 ], [ 77.676457826368292, 13.000231512510979 ] ] } },
{ "type": "Feature", "properties": { "OBJECTID": 305501, "SegmentID": 405501 }, "geometry": { "type": "LineString", "coordinates": [ [ 77.584134776672755, 13.001120377992596 ], [ 77.584139299758831, 13.000637700166452 ] ] } },
{ "type": "Feature", "properties": { "OBJECTID": 305584, "SegmentID": 405584 }, "geometry": { "type": "LineString", "coordinates": [ [ 77.676457826368292, 13.000231512510979 ], [ 77.676735299566189, 13.000371499623748 ] ] } },
{ "type": "Feature", "properties": { "OBJECTID": 305785, "SegmentID": 405785 }, "geometry": { "type": "LineString", "coordinates": [ [ 77.525540400402278, 13.001851199797771 ], [ 77.525389100256021, 13.001560200306152 ] ] } },
{ "type": "Feature", "properties": { "OBJECTID": 305841, "SegmentID": 405841 }, "geometry": { "type": "LineString", "coordinates": [ [ 77.681175399637425, 13.000315999787711 ], [ 77.681495000159146, 12.999962000283327 ], [ 77.681626999862402, 12.99970300008259 ], [ 77.681648599734075, 12.999670200287229 ], [ 77.68201030005909, 12.999083400112395 ], [ 77.682078000237183, 12.998966299746607 ], [ 77.682433499648326, 12.998337400167477 ], [ 77.682561100043586, 12.998130800372396 ] ] } },
{ "type": "Feature", "properties": { "OBJECTID": 306142, "SegmentID": 406142 }, "geometry": { "type": "LineString", "coordinates": [ [ 77.525627450215921, 13.002044690556932 ], [ 77.52557979977901, 13.001926899988865 ], [ 77.525540400402278, 13.001851199797771 ] ] } },
{ "type": "Feature", "properties": { "OBJECTID": 306219, "SegmentID": 406219 }, "geometry": { "type": "LineString", "coordinates": [ [ 77.525647600353977, 13.002094500097455 ], [ 77.525627450215921, 13.002044690556932 ] ] } },
{ "type": "Feature", "properties": { "OBJECTID": 306668, "SegmentID": 406668 }, "geometry": { "type": "LineString", "coordinates": [ [ 77.525740700211983, 13.002324699796395 ], [ 77.525647600353977, 13.002094500097455 ] ] } },
{ "type": "Feature", "properties": { "OBJECTID": 307036, "SegmentID": 407036 }, "geometry": { "type": "LineString", "coordinates": [ [ 77.663410444402757, 13.001148497678663 ], [ 77.663394199888771, 13.001400300340208 ], [ 77.66334589986505, 13.001975000132557 ] ] } },
{ "type": "Feature", "properties": { "OBJECTID": 307209, "SegmentID": 407209 }, "geometry": { "type": "LineString", "coordinates": [ [ 77.525863300138681, 13.002627800242674 ], [ 77.525740700211983, 13.002324699796395 ] ] } },
{ "type": "Feature", "properties": { "OBJECTID": 307474, "SegmentID": 407474 }, "geometry": { "type": "LineString", "coordinates": [ [ 77.678352300027328, 13.001269600042654 ], [ 77.678216399549314, 13.001194799892318 ], [ 77.676735299566189, 13.000371499623748 ] ] } },
{ "type": "Feature", "properties": { "OBJECTID": 307702, "SegmentID": 407702 }, "geometry": { "type": "LineString", "coordinates": [ [ 77.526012502220595, 13.002941403852525 ], [ 77.525918999617602, 13.0027654999768 ], [ 77.525863300138681, 13.002627800242674 ] ] } },
{ "type": "Feature", "properties": { "OBJECTID": 307743, "SegmentID": 407743 }, "geometry": { "type": "LineString", "coordinates": [ [ 77.526022600024064, 13.002960399636374 ], [ 77.526012502220595, 13.002941403852525 ] ] } },
{ "type": "Feature", "properties": { "OBJECTID": 308102, "SegmentID": 408102 }, "geometry": { "type": "LineString", "coordinates": [ [ 77.526123543616677, 13.003185171428798 ], [ 77.526039600442033, 13.002992300346639 ], [ 77.526022600024064, 13.002960399636374 ] ] } },
{ "type": "Feature", "properties": { "OBJECTID": 308184, "SegmentID": 408184 }, "geometry": { "type": "LineString", "coordinates": [ [ 77.526140400356695, 13.003223900193273 ], [ 77.526123543616677, 13.003185171428798 ] ] } },
{ "type": "Feature", "properties": { "OBJECTID": 308258, "SegmentID": 408258 }, "geometry": { "type": "LineString", "coordinates": [ [ 77.67919999991895, 13.001736000444179 ], [ 77.678352300027328, 13.001269600042654 ] ] } },
{ "type": "Feature", "properties": { "OBJECTID": 308422, "SegmentID": 408422 }, "geometry": { "type": "LineString", "coordinates": [ [ 77.66334589986505, 13.001975000132557 ], [ 77.663271899573573, 13.003126299799003 ] ] } },
{ "type": "Feature", "properties": { "OBJECTID": 308630, "SegmentID": 408630 }, "geometry": { "type": "LineString", "coordinates": [ [ 77.474343449189362, 13.003977475382801 ], [ 77.474285900174635, 13.00318060000189 ], [ 77.474224699679866, 13.002117100446046 ], [ 77.474107500066211, 13.000340700357432 ], [ 77.474034038336271, 12.999080996403604 ] ] } },
{ "type": "Feature", "properties": { "OBJECTID": 308685, "SegmentID": 408685 }, "geometry": { "type": "LineString", "coordinates": [ [ 77.526275499627275, 13.003517899843862 ], [ 77.526140400356695, 13.003223900193273 ] ] } },
{ "type": "Feature", "properties": { "OBJECTID": 309270, "SegmentID": 409270 }, "geometry": { "type": "LineString", "coordinates": [ [ 77.584126200384517, 13.003293599545906 ], [ 77.584100000060545, 13.002797099721077 ], [ 77.584118299632479, 13.002474799755163 ], [ 77.584122999964663, 13.002376999891922 ], [ 77.584134776672755, 13.001120377992596 ] ] } },
{ "type": "Feature", "properties": { "OBJECTID": 309271, "SegmentID": 409271 }, "geometry": { "type": "LineString", "coordinates": [ [ 77.584126200384517, 13.003293599545906 ], [ 77.583221200404893, 13.003858899615095 ] ] } },
{ "type": "Feature", "properties": { "OBJECTID": 309308, "SegmentID": 409308 }, "geometry": { "type": "LineString", "coordinates": [ [ 77.526441799644203, 13.003879999586715 ], [ 77.526275499627275, 13.003517899843862 ] ] } },
{ "type": "Feature", "properties": { "OBJECTID": 309800, "SegmentID": 409800 }, "geometry": { "type": "LineString", "coordinates": [ [ 77.526540400366002, 13.004145099758832 ], [ 77.526441799644203, 13.003879999586715 ] ] } },
{ "type": "Feature", "properties": { "OBJECTID": 310282, "SegmentID": 410282 }, "geometry": { "type": "LineString", "coordinates": [ [ 77.526621200064767, 13.004410599953465 ], [ 77.526595299731582, 13.004296600369679 ], [ 77.526540400366002, 13.004145099758832 ] ] } },
{ "type": "Feature", "properties": { "OBJECTID": 310287, "SegmentID": 410287 }, "geometry": { "type": "LineString", "coordinates": [ [ 77.583221200404893, 13.003858899615095 ], [ 77.582674799899777, 13.004148699917378 ], [ 77.582353900211487, 13.004340599806692 ] ] } },
{ "type": "Feature", "properties": { "OBJECTID": 310364, "SegmentID": 410364 }, "geometry": { "type": "LineString", "coordinates": [ [ 77.526630842112965, 13.004453089603947 ], [ 77.526621200064767, 13.004410599953465 ] ] } },
{ "type": "Feature", "properties": { "OBJECTID": 310436, "SegmentID": 410436 }, "geometry": { "type": "LineString", "coordinates": [ [ 77.663271899573573, 13.003126299799003 ], [ 77.663240799814972, 13.003610199742701 ] ] } },
{ "type": "Feature", "properties": { "OBJECTID": 310778, "SegmentID": 410778 }, "geometry": { "type": "LineString", "coordinates": [ [ 77.526679100237601, 13.004687000349605 ], [ 77.52666890018277, 13.004620799893628 ], [ 77.526630842112965, 13.004453089603947 ] ] } },
{ "type": "Feature", "properties": { "OBJECTID": 310992, "SegmentID": 410992 }, "geometry": { "type": "LineString", "coordinates": [ [ 77.681861628226869, 13.00324127288734 ], [ 77.680030400039243, 13.00219300033924 ], [ 77.679767699603119, 13.002048400455749 ], [ 77.67919999991895, 13.001736000444179 ] ] } },
{ "type": "Feature", "properties": { "OBJECTID": 311197, "SegmentID": 411197 }, "geometry": { "type": "LineString", "coordinates": [ [ 77.582353900211487, 13.004340599806692 ], [ 77.581035299826453, 13.005137100390339 ] ] } },
{ "type": "Feature", "properties": { "OBJECTID": 311367, "SegmentID": 411367 }, "geometry": { "type": "LineString", "coordinates": [ [ 77.663240799814972, 13.003610199742701 ], [ 77.663229199898851, 13.003789100138244 ] ] } },
{ "type": "Feature", "properties": { "OBJECTID": 311452, "SegmentID": 411452 }, "geometry": { "type": "LineString", "coordinates": [ [ 77.526719999880513, 13.005018200345399 ], [ 77.526703399907916, 13.004845999562349 ], [ 77.526679100237601, 13.004687000349605 ] ] } },
{ "type": "Feature", "properties": { "OBJECTID": 311646, "SegmentID": 411646 }, "geometry": { "type": "LineString", "coordinates": [ [ 77.682431000379978, 13.003567200019821 ], [ 77.681861628226869, 13.00324127288734 ] ] } },
{ "type": "Feature", "properties": { "OBJECTID": 311674, "SegmentID": 411674 }, "geometry": { "type": "LineString", "coordinates": [ [ 77.663229199898851, 13.003789100138244 ], [ 77.663208581736995, 13.004031874980621 ], [ 77.663141800351667, 13.004818199704607 ], [ 77.663058399564676, 13.005267800060071 ] ] } },
{ "type": "Feature", "properties": { "OBJECTID": 311834, "SegmentID": 411834 }, "geometry": { "type": "LineString", "coordinates": [ [ 77.526733102523679, 13.005229261151841 ], [ 77.526731100321925, 13.005134000080051 ], [ 77.526719999880513, 13.005018200345399 ] ] } },
{ "type": "Feature", "properties": { "OBJECTID": 312416, "SegmentID": 412416 }, "geometry": { "type": "LineString", "coordinates": [ [ 77.584092700202319, 13.004944499848836 ], [ 77.584097700148163, 13.004463599846595 ], [ 77.584146299715997, 13.003673000258367 ], [ 77.584126200384517, 13.003293599545906 ] ] } },
{ "type": "Feature", "properties": { "OBJECTID": 312692, "SegmentID": 412692 }, "geometry": { "type": "LineString", "coordinates": [ [ 77.581035299826453, 13.005137100390339 ], [ 77.580609100442388, 13.005387800322964 ] ] } },
{ "type": "Feature", "properties": { "OBJECTID": 313195, "SegmentID": 413195 }, "geometry": { "type": "LineString", "coordinates": [ [ 77.580609100442388, 13.005387800322964 ], [ 77.580287000407509, 13.005577200375933 ] ] } },
{ "type": "Feature", "properties": { "OBJECTID": 313267, "SegmentID": 413267 }, "geometry": { "type": "LineString", "coordinates": [ [ 77.526740185231645, 13.005949433212614 ], [ 77.526741800029185, 13.00564300003315 ], [ 77.526733102523679, 13.005229261151841 ] ] } },
{ "type": "Feature", "properties": { "OBJECTID": 313507, "SegmentID": 413507 }, "geometry": { "type": "LineString", "coordinates": [ [ 77.526739600059742, 13.006060499584313 ], [ 77.526740185231645, 13.005949433212614 ] ] } },
{ "type": "Feature", "properties": { "OBJECTID": 313621, "SegmentID": 413621 }, "geometry": { "type": "LineString", "coordinates": [ [ 77.580287000407509, 13.005577200375933 ], [ 77.579467899987165, 13.006058999877689 ], [ 77.579055499644141, 13.00628509989366 ], [ 77.578788700044967, 13.006398899762624 ] ] } },
{ "type": "Feature", "properties": { "OBJECTID": 313719, "SegmentID": 413719 }, "geometry": { "type": "LineString", "coordinates": [ [ 77.684169714659731, 13.004562478334829 ], [ 77.683830500323808, 13.004368300183078 ], [ 77.682431000379978, 13.003567200019821 ] ] } },
{ "type": "Feature", "properties": { "OBJECTID": 314308, "SegmentID": 414308 }, "geometry": { "type": "LineString", "coordinates": [ [ 77.526737729836299, 13.006405565160605 ], [ 77.526739600059742, 13.006060499584313 ] ] } },
{ "type": "Feature", "properties": { "OBJECTID": 314759, "SegmentID": 414759 }, "geometry": { "type": "LineString", "coordinates": [ [ 77.663058399564676, 13.005267800060071 ], [ 77.6630157999478, 13.005488500414179 ] ] } },
{ "type": "Feature", "properties": { "OBJECTID": 314814, "SegmentID": 414814 }, "geometry": { "type": "LineString", "coordinates": [ [ 77.526736300052235, 13.006669300065195 ], [ 77.526737729836299, 13.006405565160605 ] ] } },
{ "type": "Feature", "properties": { "OBJECTID": 314857, "SegmentID": 414857 }, "geometry": { "type": "LineString", "coordinates": [ [ 77.685050099636541, 13.005091899718638 ], [ 77.684497999583584, 13.004750400239928 ], [ 77.684169714659731, 13.004562478334829 ] ] } },
{ "type": "Feature", "properties": { "OBJECTID": 314858, "SegmentID": 414858 }, "geometry": { "type": "LineString", "coordinates": [ [ 77.685050099636541, 13.005091899718638 ], [ 77.685686610596093, 13.005466507032091 ] ] } },
{ "type": "Feature", "properties": { "OBJECTID": 315239, "SegmentID": 415239 }, "geometry": { "type": "LineString", "coordinates": [ [ 77.6630157999478, 13.005488500414179 ], [ 77.662938299966811, 13.005984899856264 ] ] } },
{ "type": "Feature", "properties": { "OBJECTID": 315694, "SegmentID": 415694 }, "geometry": { "type": "LineString", "coordinates": [ [ 77.685686610596093, 13.005466507032091 ], [ 77.686878900422585, 13.00616819993512 ], [ 77.687193800021689, 13.006335563631007 ] ] } },
{ "type": "Feature", "properties": { "OBJECTID": 316045, "SegmentID": 416045 }, "geometry": { "type": "LineString", "coordinates": [ [ 77.526733404157468, 13.007211361350846 ], [ 77.526736300052235, 13.006669300065195 ] ] } },
{ "type": "Feature", "properties": { "OBJECTID": 316278, "SegmentID": 416278 }, "geometry": { "type": "LineString", "coordinates": [ [ 77.584005399788765, 13.00674849971846 ], [ 77.584012099596222, 13.006626899614986 ], [ 77.584056800272009, 13.005817699998055 ], [ 77.584089899933645, 13.005209099964674 ], [ 77.584092700202319, 13.004944499848836 ] ] } },
{ "type": "Feature", "properties": { "OBJECTID": 316351, "SegmentID": 416351 }, "geometry": { "type": "LineString", "coordinates": [ [ 77.662938299966811, 13.005984899856264 ], [ 77.662840300308474, 13.006675899823971 ], [ 77.662720800211687, 13.007330799804558 ] ] } },
{ "type": "Feature", "properties": { "OBJECTID": 317231, "SegmentID": 417231 }, "geometry": { "type": "LineString", "coordinates": [ [ 77.526730772617199, 13.007703911380808 ], [ 77.526733404157468, 13.007211361350846 ] ] } },
{ "type": "Feature", "properties": { "OBJECTID": 317784, "SegmentID": 417784 }, "geometry": { "type": "LineString", "coordinates": [ [ 77.687193800021689, 13.006335563631007 ], [ 77.688602490450023, 13.007084249841879 ] ] } },
{ "type": "Feature", "properties": { "OBJECTID": 319055, "SegmentID": 419055 }, "geometry": { "type": "LineString", "coordinates": [ [ 77.526756741644732, 13.008498881522453 ], [ 77.526728300372184, 13.008166599972743 ], [ 77.526730772617199, 13.007703911380808 ] ] } },
{ "type": "Feature", "properties": { "OBJECTID": 319314, "SegmentID": 419314 }, "geometry": { "type": "LineString", "coordinates": [ [ 77.526767400181043, 13.008623400431579 ], [ 77.526756741644732, 13.008498881522453 ] ] } },
{ "type": "Feature", "properties": { "OBJECTID": 319473, "SegmentID": 419473 }, "geometry": { "type": "LineString", "coordinates": [ [ 77.662720800211687, 13.007330799804558 ], [ 77.662582299814019, 13.008096999816901 ] ] } },
{ "type": "Feature", "properties": { "OBJECTID": 319524, "SegmentID": 419524 }, "geometry": { "type": "LineString", "coordinates": [ [ 77.688602490450023, 13.007084249841879 ], [ 77.688793000427964, 13.007185499847758 ], [ 77.689042116714077, 13.00730476787189 ] ] } },
{ "type": "Feature", "properties": { "OBJECTID": 319679, "SegmentID": 419679 }, "geometry": { "type": "LineString", "coordinates": [ [ 77.526794162956392, 13.008779787974287 ], [ 77.526776599618714, 13.008731399944988 ], [ 77.526767400181043, 13.008623400431579 ] ] } },
{ "type": "Feature", "properties": { "OBJECTID": 319872, "SegmentID": 419872 }, "geometry": { "type": "LineString", "coordinates": [ [ 77.475066685356623, 13.009357095262803 ], [ 77.475007899620564, 13.009101600207323 ], [ 77.474716100362343, 13.00776880031354 ], [ 77.474633199743238, 13.007315100244767 ], [ 77.474590400154213, 13.007015700036749 ], [ 77.474515599645642, 13.006289100088809 ], [ 77.474465300062718, 13.005664699823059 ], [ 77.474343449189362, 13.003977475382801 ] ] } },
{ "type": "Feature", "properties": { "OBJECTID": 320039, "SegmentID": 420039 }, "geometry": { "type": "LineString", "coordinates": [ [ 77.689042116714077, 13.00730476787189 ], [ 77.689397698881208, 13.007475006628024 ] ] } },
{ "type": "Feature", "properties": { "OBJECTID": 320469, "SegmentID": 420469 }, "geometry": { "type": "LineString", "coordinates": [ [ 77.689397698881208, 13.007475006628024 ], [ 77.689435700127177, 13.007493200392327 ], [ 77.69008719990947, 13.007702299840123 ] ] } },
{ "type": "Feature", "properties": { "OBJECTID": 320616, "SegmentID": 420616 }, "geometry": { "type": "LineString", "coordinates": [ [ 77.526934599834973, 13.009166700357749 ], [ 77.526794162956392, 13.008779787974287 ] ] } },
{ "type": "Feature", "properties": { "OBJECTID": 321031, "SegmentID": 421031 }, "geometry": { "type": "LineString", "coordinates": [ [ 77.69008719990947, 13.007702299840123 ], [ 77.691003200142603, 13.007914500264 ], [ 77.691822199706706, 13.00810419993215 ] ] } },
{ "type": "Feature", "properties": { "OBJECTID": 321271, "SegmentID": 421271 }, "geometry": { "type": "LineString", "coordinates": [ [ 77.662582299814019, 13.008096999816901 ], [ 77.662488299846359, 13.009307099757901 ] ] } },
{ "type": "Feature", "properties": { "OBJECTID": 321314, "SegmentID": 421314 }, "geometry": { "type": "LineString", "coordinates": [ [ 77.527053399628187, 13.00948060030152 ], [ 77.526934599834973, 13.009166700357749 ] ] } },
{ "type": "Feature", "properties": { "OBJECTID": 321617, "SegmentID": 421617 }, "geometry": { "type": "LineString", "coordinates": [ [ 77.583879499747695, 13.009059299759661 ], [ 77.583933000384306, 13.008067599945855 ], [ 77.584005399788765, 13.00674849971846 ] ] } },
{ "type": "Feature", "properties": { "OBJECTID": 321906, "SegmentID": 421906 }, "geometry": { "type": "LineString", "coordinates": [ [ 77.691822199706706, 13.00810419993215 ], [ 77.692467599573661, 13.008182899732653 ] ] } },
{ "type": "Feature", "properties": { "OBJECTID": 321936, "SegmentID": 421936 }, "geometry": { "type": "LineString", "coordinates": [ [ 77.527174069280349, 13.009772041393671 ], [ 77.527136900394922, 13.009699899620248 ], [ 77.527053399628187, 13.00948060030152 ] ] } },
{ "type": "Feature", "properties": { "OBJECTID": 323664, "SegmentID": 423664 }, "geometry": { "type": "LineString", "coordinates": [ [ 77.583871900020867, 13.010074300063774 ], [ 77.583873200089101, 13.00998600031747 ], [ 77.583879499747695, 13.009059299759661 ] ] } },
{ "type": "Feature", "properties": { "OBJECTID": 323665, "SegmentID": 423665 }, "geometry": { "type": "LineString", "coordinates": [ [ 77.583871900020867, 13.010074300063774 ], [ 77.583865100092268, 13.010518800289931 ], [ 77.583863900297033, 13.010770700135744 ], [ 77.583870600045771, 13.01100239988023 ], [ 77.583969925992804, 13.01444080369453 ], [ 77.58397249961277, 13.014529899589757 ] ] } },
{ "type": "Feature", "properties": { "OBJECTID": 323744, "SegmentID": 423744 }, "geometry": { "type": "LineString", "coordinates": [ [ 77.662488299846359, 13.009307099757901 ], [ 77.662458799646288, 13.00965819985543 ] ] } },
{ "type": "Feature", "properties": { "OBJECTID": 324547, "SegmentID": 424547 }, "geometry": { "type": "LineString", "coordinates": [ [ 77.662458799646288, 13.00965819985543 ], [ 77.662449099933582, 13.009881500383667 ] ] } },
{ "type": "Feature", "properties": { "OBJECTID": 325083, "SegmentID": 425083 }, "geometry": { "type": "LineString", "coordinates": [ [ 77.662449099933582, 13.009881500383667 ], [ 77.662423400396506, 13.010354300221927 ] ] } },
{ "type": "Feature", "properties": { "OBJECTID": 326066, "SegmentID": 426066 }, "geometry": { "type": "LineString", "coordinates": [ [ 77.662423400396506, 13.010354300221927 ], [ 77.662400799654449, 13.010827999643745 ] ] } },
{ "type": "Feature", "properties": { "OBJECTID": 326745, "SegmentID": 426745 }, "geometry": { "type": "LineString", "coordinates": [ [ 77.528947400101657, 13.012024100046563 ], [ 77.528489900388564, 13.011483299555882 ], [ 77.5282509375525, 13.011259912249635 ], [ 77.528108178459178, 13.0111264584217 ], [ 77.528006600440008, 13.011031500402945 ], [ 77.52786520033402, 13.010876199773904 ], [ 77.527378900377897, 13.010169600373169 ], [ 77.527174069280349, 13.009772041393671 ] ] } },
{ "type": "Feature", "properties": { "OBJECTID": 327070, "SegmentID": 427070 }, "geometry": { "type": "LineString", "coordinates": [ [ 77.662400799654449, 13.010827999643745 ], [ 77.662343100357063, 13.011866799685158 ], [ 77.662299599780312, 13.012350300428833 ] ] } },
{ "type": "Feature", "properties": { "OBJECTID": 328397, "SegmentID": 428397 }, "geometry": { "type": "LineString", "coordinates": [ [ 77.475868945616881, 13.013274060723299 ], [ 77.475830299866104, 13.01296280011398 ], [ 77.475746200188794, 13.012433799883343 ], [ 77.475655799784562, 13.011941400238024 ], [ 77.475499300076152, 13.011275900442179 ], [ 77.475213000359645, 13.009993000110452 ], [ 77.475066685356623, 13.009357095262803 ] ] } },
{ "type": "Feature", "properties": { "OBJECTID": 330153, "SegmentID": 430153 }, "geometry": { "type": "LineString", "coordinates": [ [ 77.662299599780312, 13.012350300428833 ], [ 77.662281334662552, 13.012988932943841 ], [ 77.662279899681565, 13.013039100157515 ] ] } },
{ "type": "Feature", "properties": { "OBJECTID": 331592, "SegmentID": 431592 }, "geometry": { "type": "LineString", "coordinates": [ [ 77.662279899681565, 13.013039100157515 ], [ 77.662259299918091, 13.013289800331007 ] ] } },
{ "type": "Feature", "properties": { "OBJECTID": 332053, "SegmentID": 432053 }, "geometry": { "type": "LineString", "coordinates": [ [ 77.662259299918091, 13.013289800331007 ], [ 77.66224259982512, 13.013523999838259 ], [ 77.662235333941695, 13.013626196112213 ] ] } },
{ "type": "Feature", "properties": { "OBJECTID": 332078, "SegmentID": 432078 }, "geometry": { "type": "LineString", "coordinates": [ [ 77.5305610636089, 13.014623822109602 ], [ 77.530024200232972, 13.013510299859947 ], [ 77.529251800393396, 13.012414799572159 ], [ 77.52922269173574, 13.012377819675629 ], [ 77.529163799561204, 13.012303000017873 ], [ 77.529024623260895, 13.012116097662572 ], [ 77.529003700091309, 13.012088000370245 ], [ 77.528947400101657, 13.012024100046563 ] ] } },
{ "type": "Feature", "properties": { "OBJECTID": 332687, "SegmentID": 432687 }, "geometry": { "type": "LineString", "coordinates": [ [ 77.662235333941695, 13.013626196112213 ], [ 77.662223900338233, 13.013787000005582 ], [ 77.662172520877292, 13.014519486710524 ] ] } },
{ "type": "Feature", "properties": { "OBJECTID": 334366, "SegmentID": 434366 }, "geometry": { "type": "LineString", "coordinates": [ [ 77.55536410025374, 13.015523799664319 ], [ 77.55522999963091, 13.015477200102849 ], [ 77.554985199662156, 13.015414100116331 ], [ 77.554809799734812, 13.015400299846473 ], [ 77.554666199586592, 13.015407899837315 ], [ 77.554483099729552, 13.015437000010374 ], [ 77.554333900416353, 13.015484900420326 ], [ 77.554157400164385, 13.01559600006323 ], [ 77.554045000312996, 13.015680900322224 ], [ 77.553936300447248, 13.015912099917571 ] ] } },
{ "type": "Feature", "properties": { "OBJECTID": 334516, "SegmentID": 434516 }, "geometry": { "type": "LineString", "coordinates": [ [ 77.662172520877292, 13.014519486710524 ], [ 77.66216660002209, 13.014603900441008 ], [ 77.662146784235858, 13.014849670919697 ] ] } },
{ "type": "Feature", "properties": { "OBJECTID": 334655, "SegmentID": 434655 }, "geometry": { "type": "LineString", "coordinates": [ [ 77.555636300112596, 13.015665500077233 ], [ 77.555513899768698, 13.015591099818501 ], [ 77.55536410025374, 13.015523799664319 ] ] } },
{ "type": "Feature", "properties": { "OBJECTID": 335092, "SegmentID": 435092 }, "geometry": { "type": "LineString", "coordinates": [ [ 77.662146784235858, 13.014849670919697 ], [ 77.662103499642512, 13.015386500089559 ], [ 77.662056499771211, 13.015685000398538 ] ] } },
{ "type": "Feature", "properties": { "OBJECTID": 336757, "SegmentID": 436757 }, "geometry": { "type": "LineString", "coordinates": [ [ 77.662056499771211, 13.015685000398538 ], [ 77.66203380039957, 13.015864699606045 ], [ 77.661993200193592, 13.016023899554733 ], [ 77.661924299689971, 13.016201200380273 ], [ 77.661841099707274, 13.01633979963162 ], [ 77.661736099659009, 13.016428900221619 ], [ 77.661581099549707, 13.016492200231687 ] ] } },
{ "type": "Feature", "properties": { "OBJECTID": 336906, "SegmentID": 436906 }, "geometry": { "type": "LineString", "coordinates": [ [ 77.556670873871141, 13.016815472927732 ], [ 77.556465300097486, 13.016445800093356 ], [ 77.556357999585146, 13.016291600017777 ], [ 77.556231900395616, 13.016127000320948 ], [ 77.556130000430713, 13.016022399928517 ], [ 77.555987799730104, 13.015891799582983 ], [ 77.555714699546172, 13.015712200344348 ], [ 77.555636300112596, 13.015665500077233 ] ] } },
{ "type": "Feature", "properties": { "OBJECTID": 337368, "SegmentID": 437368 }, "geometry": { "type": "LineString", "coordinates": [ [ 77.556800698444192, 13.017071017204531 ], [ 77.556705200374608, 13.016877200048851 ], [ 77.556670873871141, 13.016815472927732 ] ] } },
{ "type": "Feature", "properties": { "OBJECTID": 337996, "SegmentID": 437996 }, "geometry": { "type": "LineString", "coordinates": [ [ 77.556974900116174, 13.0174027999869 ], [ 77.55681020043842, 13.017090299917617 ], [ 77.556800698444192, 13.017071017204531 ] ] } },
{ "type": "Feature", "properties": { "OBJECTID": 338140, "SegmentID": 438140 }, "geometry": { "type": "LineString", "coordinates": [ [ 77.557019199724351, 13.017482199649281 ], [ 77.556974900116174, 13.0174027999869 ] ] } },
{ "type": "Feature", "properties": { "OBJECTID": 338254, "SegmentID": 438254 }, "geometry": { "type": "LineString", "coordinates": [ [ 77.661581099549707, 13.016492200231687 ], [ 77.661507799945937, 13.016522099680019 ], [ 77.661028699798578, 13.016737699813229 ], [ 77.660805097311453, 13.01682279230635 ] ] } },
{ "type": "Feature", "properties": { "OBJECTID": 338287, "SegmentID": 438287 }, "geometry": { "type": "LineString", "coordinates": [ [ 77.583951500227485, 13.017292199796543 ], [ 77.583953899979235, 13.017163200048914 ], [ 77.58397659956708, 13.01672430004405 ], [ 77.583982800130769, 13.016604999676051 ], [ 77.583990099787002, 13.015518200197912 ], [ 77.583974600200804, 13.014647848810515 ], [ 77.58397249961277, 13.014529899589757 ] ] } },
{ "type": "Feature", "properties": { "OBJECTID": 338676, "SegmentID": 438676 }, "geometry": { "type": "LineString", "coordinates": [ [ 77.557162400122323, 13.017739099667304 ], [ 77.557019199724351, 13.017482199649281 ] ] } },
{ "type": "Feature", "properties": { "OBJECTID": 338933, "SegmentID": 438933 }, "geometry": { "type": "LineString", "coordinates": [ [ 77.660805097311453, 13.01682279230635 ], [ 77.660328400308615, 13.017004199614467 ] ] } },
{ "type": "Feature", "properties": { "OBJECTID": 339258, "SegmentID": 439258 }, "geometry": { "type": "LineString", "coordinates": [ [ 77.660328400308615, 13.017004199614467 ], [ 77.659546200130464, 13.017340399813389 ], [ 77.658918199837572, 13.017610300265261 ], [ 77.658385399909804, 13.017827899737652 ] ] } },
{ "type": "Feature", "properties": { "OBJECTID": 339269, "SegmentID": 439269 }, "geometry": { "type": "LineString", "coordinates": [ [ 77.557334299852641, 13.018047400428086 ], [ 77.557162400122323, 13.017739099667304 ] ] } },
{ "type": "Feature", "properties": { "OBJECTID": 339827, "SegmentID": 439827 }, "geometry": { "type": "LineString", "coordinates": [ [ 77.557484500190483, 13.018316900247527 ], [ 77.557334299852641, 13.018047400428086 ] ] } },
{ "type": "Feature", "properties": { "OBJECTID": 340157, "SegmentID": 440157 }, "geometry": { "type": "LineString", "coordinates": [ [ 77.557630200320531, 13.018508599875485 ], [ 77.557551599610505, 13.018423999726014 ], [ 77.557484500190483, 13.018316900247527 ] ] } },
{ "type": "Feature", "properties": { "OBJECTID": 340263, "SegmentID": 440263 }, "geometry": { "type": "LineString", "coordinates": [ [ 77.704487200049613, 13.017071099822088 ], [ 77.704675299940689, 13.017244699799091 ] ] } },
{ "type": "Feature", "properties": { "OBJECTID": 340320, "SegmentID": 440320 }, "geometry": { "type": "LineString", "coordinates": [ [ 77.557755016916374, 13.018588759740151 ], [ 77.557718699664846, 13.018573900278103 ], [ 77.557630200320531, 13.018508599875485 ] ] } },
{ "type": "Feature", "properties": { "OBJECTID": 340571, "SegmentID": 440571 }, "geometry": { "type": "LineString", "coordinates": [ [ 77.704675299940689, 13.017244699799091 ], [ 77.704846300345764, 13.017332000342313 ] ] } },
{ "type": "Feature", "properties": { "OBJECTID": 340717, "SegmentID": 440717 }, "geometry": { "type": "LineString", "coordinates": [ [ 77.704846300345764, 13.017332000342313 ], [ 77.705001800251907, 13.017422199677185 ] ] } },
{ "type": "Feature", "properties": { "OBJECTID": 340749, "SegmentID": 440749 }, "geometry": { "type": "LineString", "coordinates": [ [ 77.658385399909804, 13.017827899737652 ], [ 77.658048999695879, 13.017965399891033 ] ] } },
{ "type": "Feature", "properties": { "OBJECTID": 340874, "SegmentID": 440874 }, "geometry": { "type": "LineString", "coordinates": [ [ 77.705001800251907, 13.017422199677185 ], [ 77.705198567634838, 13.017536242394264 ] ] } },
{ "type": "Feature", "properties": { "OBJECTID": 340954, "SegmentID": 440954 }, "geometry": { "type": "LineString", "coordinates": [ [ 77.658048999695879, 13.017965399891033 ], [ 77.657478499773404, 13.018214600112925 ], [ 77.657159499759729, 13.018345299948569 ] ] } },
{ "type": "Feature", "properties": { "OBJECTID": 341055, "SegmentID": 441055 }, "geometry": { "type": "LineString", "coordinates": [ [ 77.705198567634838, 13.017536242394264 ], [ 77.705319517622783, 13.017606342778906 ] ] } },
{ "type": "Feature", "properties": { "OBJECTID": 341193, "SegmentID": 441193 }, "geometry": { "type": "LineString", "coordinates": [ [ 77.705319517622783, 13.017606342778906 ], [ 77.705601199852765, 13.017769600077173 ] ] } },
{ "type": "Feature", "properties": { "OBJECTID": 341528, "SegmentID": 441528 }, "geometry": { "type": "LineString", "coordinates": [ [ 77.705601199852765, 13.017769600077173 ], [ 77.705752899991623, 13.017857599994443 ] ] } },
{ "type": "Feature", "properties": { "OBJECTID": 341656, "SegmentID": 441656 }, "geometry": { "type": "LineString", "coordinates": [ [ 77.657159499759729, 13.018345299948569 ], [ 77.656903500240645, 13.018450199677586 ], [ 77.65683505664397, 13.018479936209495 ] ] } },
{ "type": "Feature", "properties": { "OBJECTID": 341680, "SegmentID": 441680 }, "geometry": { "type": "LineString", "coordinates": [ [ 77.705752899991623, 13.017857599994443 ], [ 77.705883299801286, 13.017933200430539 ] ] } },
{ "type": "Feature", "properties": { "OBJECTID": 341843, "SegmentID": 441843 }, "geometry": { "type": "LineString", "coordinates": [ [ 77.705883299801286, 13.017933200430539 ], [ 77.706108700179954, 13.018063900339076 ] ] } },
{ "type": "Feature", "properties": { "OBJECTID": 341926, "SegmentID": 441926 }, "geometry": { "type": "LineString", "coordinates": [ [ 77.65683505664397, 13.018479936209495 ], [ 77.656380110551879, 13.018677594042137 ] ] } },
{ "type": "Feature", "properties": { "OBJECTID": 341969, "SegmentID": 441969 }, "geometry": { "type": "LineString", "coordinates": [ [ 77.583889899916329, 13.019243000258303 ], [ 77.583931000402544, 13.017596400445267 ], [ 77.583951500227485, 13.017292199796543 ] ] } },
{ "type": "Feature", "properties": { "OBJECTID": 342082, "SegmentID": 442082 }, "geometry": { "type": "LineString", "coordinates": [ [ 77.706108700179954, 13.018063900339076 ], [ 77.706237654454526, 13.018141686416236 ] ] } },
{ "type": "Feature", "properties": { "OBJECTID": 342229, "SegmentID": 442229 }, "geometry": { "type": "LineString", "coordinates": [ [ 77.706237654454526, 13.018141686416236 ], [ 77.70652629997879, 13.018315800407391 ] ] } },
{ "type": "Feature", "properties": { "OBJECTID": 342268, "SegmentID": 442268 }, "geometry": { "type": "LineString", "coordinates": [ [ 77.656380110551879, 13.018677594042137 ], [ 77.656370199636342, 13.018681899994585 ], [ 77.656287208553678, 13.01871997834642 ] ] } },
{ "type": "Feature", "properties": { "OBJECTID": 342362, "SegmentID": 442362 }, "geometry": { "type": "LineString", "coordinates": [ [ 77.656287208553678, 13.01871997834642 ], [ 77.65618930033564, 13.018764900057835 ] ] } },
{ "type": "Feature", "properties": { "OBJECTID": 342431, "SegmentID": 442431 }, "geometry": { "type": "LineString", "coordinates": [ [ 77.65618930033564, 13.018764900057835 ], [ 77.65590990020435, 13.018893000259773 ] ] } },
{ "type": "Feature", "properties": { "OBJECTID": 342612, "SegmentID": 442612 }, "geometry": { "type": "LineString", "coordinates": [ [ 77.70652629997879, 13.018315800407391 ], [ 77.706590600246997, 13.018354600321139 ] ] } },
{ "type": "Feature", "properties": { "OBJECTID": 342686, "SegmentID": 442686 }, "geometry": { "type": "LineString", "coordinates": [ [ 77.706590600246997, 13.018354600321139 ], [ 77.706725412997613, 13.018435920287599 ] ] } },
{ "type": "Feature", "properties": { "OBJECTID": 342702, "SegmentID": 442702 }, "geometry": { "type": "LineString", "coordinates": [ [ 77.532129794004717, 13.020125456290092 ], [ 77.53203019978595, 13.019493999902505 ], [ 77.531854599989515, 13.018547000095424 ], [ 77.531040200290875, 13.01590750031755 ], [ 77.530598900394381, 13.014702299834084 ], [ 77.5305610636089, 13.014623822109602 ] ] } },
{ "type": "Feature", "properties": { "OBJECTID": 342715, "SegmentID": 442715 }, "geometry": { "type": "LineString", "coordinates": [ [ 77.65590990020435, 13.018893000259773 ], [ 77.655787799634439, 13.018948999591643 ], [ 77.655597699743154, 13.019012399635498 ], [ 77.655565821928448, 13.019026517416256 ] ] } },
{ "type": "Feature", "properties": { "OBJECTID": 342854, "SegmentID": 442854 }, "geometry": { "type": "LineString", "coordinates": [ [ 77.706725412997613, 13.018435920287599 ], [ 77.707147699017725, 13.018690646467459 ] ] } },
{ "type": "Feature", "properties": { "OBJECTID": 342941, "SegmentID": 442941 }, "geometry": { "type": "LineString", "coordinates": [ [ 77.475836637323454, 13.020791041046261 ], [ 77.475866599674177, 13.0206041002882 ], [ 77.475927599628889, 13.020137100332843 ], [ 77.476017900393416, 13.019049399615772 ], [ 77.476063000398156, 13.018364500150824 ], [ 77.47609059966328, 13.017679800367654 ], [ 77.476098400380394, 13.01693139999063 ], [ 77.476055899687012, 13.01565240042652 ], [ 77.476023099939937, 13.014985499977337 ], [ 77.475955599903003, 13.014117099971349 ], [ 77.475900300429331, 13.013526599707134 ], [ 77.475868945616881, 13.013274060723299 ] ] } },
{ "type": "Feature", "properties": { "OBJECTID": 343101, "SegmentID": 443101 }, "geometry": { "type": "LineString", "coordinates": [ [ 77.532162897351441, 13.020335337318526 ], [ 77.532129794004717, 13.020125456290092 ] ] } },
{ "type": "Feature", "properties": { "OBJECTID": 343303, "SegmentID": 443303 }, "geometry": { "type": "LineString", "coordinates": [ [ 77.707147699017725, 13.018690646467459 ], [ 77.707514633644095, 13.018911982857709 ] ] } },
{ "type": "Feature", "properties": { "OBJECTID": 343725, "SegmentID": 443725 }, "geometry": { "type": "LineString", "coordinates": [ [ 77.707514633644095, 13.018911982857709 ], [ 77.70765417006109, 13.018996151754456 ] ] } },
{ "type": "Feature", "properties": { "OBJECTID": 343924, "SegmentID": 443924 }, "geometry": { "type": "LineString", "coordinates": [ [ 77.70765417006109, 13.018996151754456 ], [ 77.707667884995899, 13.019004424156458 ] ] } },
{ "type": "Feature", "properties": { "OBJECTID": 343933, "SegmentID": 443933 }, "geometry": { "type": "LineString", "coordinates": [ [ 77.707667884995899, 13.019004424156458 ], [ 77.707868093167235, 13.019125190052735 ] ] } },
{ "type": "Feature", "properties": { "OBJECTID": 344000, "SegmentID": 444000 }, "geometry": { "type": "LineString", "coordinates": [ [ 77.654126300151546, 13.01960039960527 ], [ 77.654469699622325, 13.019457299717354 ], [ 77.655359700361771, 13.019117800232971 ], [ 77.655565821928448, 13.019026517416256 ] ] } },
{ "type": "Feature", "properties": { "OBJECTID": 344049, "SegmentID": 444049 }, "geometry": { "type": "LineString", "coordinates": [ [ 77.583928899676081, 13.020328199674864 ], [ 77.583910300280166, 13.020080700159017 ], [ 77.583896999985342, 13.019842900425871 ], [ 77.58388779988681, 13.019526899712226 ], [ 77.583888500307054, 13.019428900344563 ], [ 77.583889899916329, 13.019243000258303 ] ] } },
{ "type": "Feature", "properties": { "OBJECTID": 344176, "SegmentID": 444176 }, "geometry": { "type": "LineString", "coordinates": [ [ 77.707868093167235, 13.019125190052735 ], [ 77.707901100312426, 13.019145100281886 ], [ 77.708188000122036, 13.01931810011255 ] ] } },
{ "type": "Feature", "properties": { "OBJECTID": 344317, "SegmentID": 444317 }, "geometry": { "type": "LineString", "coordinates": [ [ 77.532273800152211, 13.020961700371425 ], [ 77.53221799991141, 13.020684699986839 ], [ 77.532162897351441, 13.020335337318526 ] ] } },
{ "type": "Feature", "properties": { "OBJECTID": 344542, "SegmentID": 444542 }, "geometry": { "type": "LineString", "coordinates": [ [ 77.708188000122036, 13.01931810011255 ], [ 77.708334470396608, 13.019406485241703 ] ] } },
{ "type": "Feature", "properties": { "OBJECTID": 344704, "SegmentID": 444704 }, "geometry": { "type": "LineString", "coordinates": [ [ 77.708334470396608, 13.019406485241703 ], [ 77.708461600253131, 13.019483199559984 ] ] } },
{ "type": "Feature", "properties": { "OBJECTID": 344833, "SegmentID": 444833 }, "geometry": { "type": "LineString", "coordinates": [ [ 77.708461600253131, 13.019483199559984 ], [ 77.708540610150166, 13.019527560694121 ] ] } },
{ "type": "Feature", "properties": { "OBJECTID": 344904, "SegmentID": 444904 }, "geometry": { "type": "LineString", "coordinates": [ [ 77.708540610150166, 13.019527560694121 ], [ 77.708779057273148, 13.019661436705938 ] ] } },
{ "type": "Feature", "properties": { "OBJECTID": 345020, "SegmentID": 445020 }, "geometry": { "type": "LineString", "coordinates": [ [ 77.530630700155314, 13.021394799830519 ], [ 77.531078325953658, 13.021598033078542 ] ] } },
{ "type": "Feature", "properties": { "OBJECTID": 345133, "SegmentID": 445133 }, "geometry": { "type": "LineString", "coordinates": [ [ 77.708779057273148, 13.019661436705938 ], [ 77.709359100306671, 13.019987099697101 ] ] } },
{ "type": "Feature", "properties": { "OBJECTID": 345383, "SegmentID": 445383 }, "geometry": { "type": "LineString", "coordinates": [ [ 77.531078325953658, 13.021598033078542 ], [ 77.531159083392765, 13.021634698721076 ], [ 77.531432199946906, 13.021758699775358 ], [ 77.531448429473102, 13.021763282672127 ], [ 77.532441900175357, 13.022043799874146 ], [ 77.532554100203157, 13.022068100040935 ] ] } },
{ "type": "Feature", "properties": { "OBJECTID": 345507, "SegmentID": 445507 }, "geometry": { "type": "LineString", "coordinates": [ [ 77.584123873420864, 13.021147326036957 ], [ 77.584030345688092, 13.020812679022471 ], [ 77.584006400420321, 13.020726999847113 ], [ 77.583959200382765, 13.020513999626466 ], [ 77.583928899676081, 13.020328199674864 ] ] } },
{ "type": "Feature", "properties": { "OBJECTID": 345727, "SegmentID": 445727 }, "geometry": { "type": "LineString", "coordinates": [ [ 77.709359100306671, 13.019987099697101 ], [ 77.709479900280726, 13.020054900211697 ] ] } },
{ "type": "Feature", "properties": { "OBJECTID": 345850, "SegmentID": 445850 }, "geometry": { "type": "LineString", "coordinates": [ [ 77.709479900280726, 13.020054900211697 ], [ 77.709760100200867, 13.020212199857454 ] ] } },
{ "type": "Feature", "properties": { "OBJECTID": 345877, "SegmentID": 445877 }, "geometry": { "type": "LineString", "coordinates": [ [ 77.584181299642609, 13.021352799749295 ], [ 77.584123873420864, 13.021147326036957 ] ] } },
{ "type": "Feature", "properties": { "OBJECTID": 346149, "SegmentID": 446149 }, "geometry": { "type": "LineString", "coordinates": [ [ 77.709760100200867, 13.020212199857454 ], [ 77.709847499813876, 13.020261300316843 ], [ 77.710168714639423, 13.020451639892469 ] ] } },
{ "type": "Feature", "properties": { "OBJECTID": 346248, "SegmentID": 446248 }, "geometry": { "type": "LineString", "coordinates": [ [ 77.532554100203157, 13.022068100040935 ], [ 77.532426121858947, 13.021702758989759 ], [ 77.532419200178211, 13.021682999944451 ], [ 77.532273800152211, 13.020961700371425 ] ] } },
{ "type": "Feature", "properties": { "OBJECTID": 346534, "SegmentID": 446534 }, "geometry": { "type": "LineString", "coordinates": [ [ 77.710168714639423, 13.020451639892469 ], [ 77.71050091351043, 13.020648487496247 ] ] } },
{ "type": "Feature", "properties": { "OBJECTID": 346933, "SegmentID": 446933 }, "geometry": { "type": "LineString", "coordinates": [ [ 77.71050091351043, 13.020648487496247 ], [ 77.710664431576859, 13.020745381167623 ] ] } },
{ "type": "Feature", "properties": { "OBJECTID": 347123, "SegmentID": 447123 }, "geometry": { "type": "LineString", "coordinates": [ [ 77.710664431576859, 13.020745381167623 ], [ 77.71087751654315, 13.020871646436822 ] ] } },
{ "type": "Feature", "properties": { "OBJECTID": 347264, "SegmentID": 447264 }, "geometry": { "type": "LineString", "coordinates": [ [ 77.58438750020126, 13.02210469990229 ], [ 77.584273599991462, 13.021572699607079 ], [ 77.584181299642609, 13.021352799749295 ] ] } },
{ "type": "Feature", "properties": { "OBJECTID": 347352, "SegmentID": 447352 }, "geometry": { "type": "LineString", "coordinates": [ [ 77.71087751654315, 13.020871646436822 ], [ 77.710950691871133, 13.020915007161188 ] ] } },
{ "type": "Feature", "properties": { "OBJECTID": 347432, "SegmentID": 447432 }, "geometry": { "type": "LineString", "coordinates": [ [ 77.710950691871133, 13.020915007161188 ], [ 77.711164500368142, 13.021041699986565 ], [ 77.711505599561022, 13.021243799840109 ], [ 77.711919499845223, 13.02148899965993 ], [ 77.712266087276987, 13.02169438596056 ] ] } },
{ "type": "Feature", "properties": { "OBJECTID": 347455, "SegmentID": 447455 }, "geometry": { "type": "LineString", "coordinates": [ [ 77.584417635352125, 13.022225340849054 ], [ 77.58438750020126, 13.02210469990229 ] ] } },
{ "type": "Feature", "properties": { "OBJECTID": 348249, "SegmentID": 448249 }, "geometry": { "type": "LineString", "coordinates": [ [ 77.584505400330926, 13.022655299887274 ], [ 77.584447500414043, 13.022344900353966 ], [ 77.584417635352125, 13.022225340849054 ] ] } },
{ "type": "Feature", "properties": { "OBJECTID": 348714, "SegmentID": 448714 }, "geometry": { "type": "LineString", "coordinates": [ [ 77.584549399965795, 13.022923299630305 ], [ 77.584536700367181, 13.022863699997338 ], [ 77.584505400330926, 13.022655299887274 ] ] } },
{ "type": "Feature", "properties": { "OBJECTID": 348854, "SegmentID": 448854 }, "geometry": { "type": "LineString", "coordinates": [ [ 77.712266087276987, 13.02169438596056 ], [ 77.712713299738795, 13.021959400217243 ], [ 77.712765100394748, 13.021990400345862 ] ] } },
{ "type": "Feature", "properties": { "OBJECTID": 349096, "SegmentID": 449096 }, "geometry": { "type": "LineString", "coordinates": [ [ 77.647457499895935, 13.022496800314773 ], [ 77.648392899756928, 13.022074299571722 ], [ 77.653639900238574, 13.019804199633731 ], [ 77.654126300151546, 13.01960039960527 ] ] } },
{ "type": "Feature", "properties": { "OBJECTID": 349198, "SegmentID": 449198 }, "geometry": { "type": "LineString", "coordinates": [ [ 77.647296000165824, 13.022567299934938 ], [ 77.647457499895935, 13.022496800314773 ] ] } },
{ "type": "Feature", "properties": { "OBJECTID": 349394, "SegmentID": 449394 }, "geometry": { "type": "LineString", "coordinates": [ [ 77.712765100394748, 13.021990400345862 ], [ 77.713039000420892, 13.02215419977483 ] ] } },
{ "type": "Feature", "properties": { "OBJECTID": 349438, "SegmentID": 449438 }, "geometry": { "type": "LineString", "coordinates": [ [ 77.584644899973853, 13.023321299944891 ], [ 77.584598000147281, 13.023176100091824 ], [ 77.584549399965795, 13.022923299630305 ] ] } },
{ "type": "Feature", "properties": { "OBJECTID": 349693, "SegmentID": 449693 }, "geometry": { "type": "LineString", "coordinates": [ [ 77.713039000420892, 13.02215419977483 ], [ 77.713518299925028, 13.022440799849134 ], [ 77.714061599764534, 13.022765700025538 ] ] } },
{ "type": "Feature", "properties": { "OBJECTID": 350816, "SegmentID": 450816 }, "geometry": { "type": "LineString", "coordinates": [ [ 77.714061599764534, 13.022765700025538 ], [ 77.714643300133233, 13.02307370036919 ] ] } },
{ "type": "Feature", "properties": { "OBJECTID": 351429, "SegmentID": 451429 }, "geometry": { "type": "LineString", "coordinates": [ [ 77.714643300133233, 13.02307370036919 ], [ 77.714987499785039, 13.023256000342972 ], [ 77.715273399929259, 13.023407399987102 ] ] } },
{ "type": "Feature", "properties": { "OBJECTID": 352095, "SegmentID": 452095 }, "geometry": { "type": "LineString", "coordinates": [ [ 77.715273399929259, 13.023407399987102 ], [ 77.715775700202641, 13.023676799783811 ] ] } },
{ "type": "Feature", "properties": { "OBJECTID": 352464, "SegmentID": 452464 }, "geometry": { "type": "LineString", "coordinates": [ [ 77.643336899971089, 13.024357899968731 ], [ 77.646392800153933, 13.022967000113713 ], [ 77.646616000281199, 13.022874000441101 ], [ 77.646874599791317, 13.022751200008038 ], [ 77.647296000165824, 13.022567299934938 ] ] } },
{ "type": "Feature", "properties": { "OBJECTID": 352602, "SegmentID": 452602 }, "geometry": { "type": "LineString", "coordinates": [ [ 77.715775700202641, 13.023676799783811 ], [ 77.715909299738229, 13.02374480031224 ], [ 77.716172499983657, 13.023906099835967 ], [ 77.716597300140492, 13.024142599757761 ] ] } },
{ "type": "Feature", "properties": { "OBJECTID": 352615, "SegmentID": 452615 }, "geometry": { "type": "LineString", "coordinates": [ [ 77.475432453248914, 13.026091131256628 ], [ 77.475443799596192, 13.025802600024345 ], [ 77.475472799633025, 13.023615400245168 ], [ 77.475493299793115, 13.023299099909659 ], [ 77.475601500021284, 13.022258100189068 ], [ 77.475836637323454, 13.020791041046261 ] ] } },
{ "type": "Feature", "properties": { "OBJECTID": 353626, "SegmentID": 453626 }, "geometry": { "type": "LineString", "coordinates": [ [ 77.716597300140492, 13.024142599757761 ], [ 77.716805979537128, 13.024258757860574 ] ] } },
{ "type": "Feature", "properties": { "OBJECTID": 353701, "SegmentID": 453701 }, "geometry": { "type": "LineString", "coordinates": [ [ 77.585184699746392, 13.025529000433298 ], [ 77.585111299899054, 13.025173699785173 ], [ 77.585017500264456, 13.024803099606418 ], [ 77.584928500119176, 13.024432100017632 ], [ 77.584711699607126, 13.023527900396379 ], [ 77.584644899973853, 13.023321299944891 ] ] } },
{ "type": "Feature", "properties": { "OBJECTID": 353860, "SegmentID": 453860 }, "geometry": { "type": "LineString", "coordinates": [ [ 77.716805979537128, 13.024258757860574 ], [ 77.716899203461182, 13.024310648913143 ] ] } },
{ "type": "Feature", "properties": { "OBJECTID": 353948, "SegmentID": 453948 }, "geometry": { "type": "LineString", "coordinates": [ [ 77.716899203461182, 13.024310648913143 ], [ 77.717147511573273, 13.024448865581617 ] ] } },
{ "type": "Feature", "properties": { "OBJECTID": 354265, "SegmentID": 454265 }, "geometry": { "type": "LineString", "coordinates": [ [ 77.717147511573273, 13.024448865581617 ], [ 77.71747579995295, 13.02463160030292 ] ] } },
{ "type": "Feature", "properties": { "OBJECTID": 354590, "SegmentID": 454590 }, "geometry": { "type": "LineString", "coordinates": [ [ 77.71747579995295, 13.02463160030292 ], [ 77.717788900128838, 13.024805900271112 ] ] } },
{ "type": "Feature", "properties": { "OBJECTID": 354846, "SegmentID": 454846 }, "geometry": { "type": "LineString", "coordinates": [ [ 77.640533799843439, 13.025562800078106 ], [ 77.640837800036024, 13.025434799984232 ], [ 77.641182799757871, 13.025293600311702 ], [ 77.643279900350336, 13.024374599926746 ], [ 77.643336899971089, 13.024357899968731 ] ] } },
{ "type": "Feature", "properties": { "OBJECTID": 354938, "SegmentID": 454938 }, "geometry": { "type": "LineString", "coordinates": [ [ 77.717788900128838, 13.024805900271112 ], [ 77.718137446189118, 13.024999860582961 ] ] } },
{ "type": "Feature", "properties": { "OBJECTID": 355292, "SegmentID": 455292 }, "geometry": { "type": "LineString", "coordinates": [ [ 77.718137446189118, 13.024999860582961 ], [ 77.718339499825291, 13.02511229984524 ], [ 77.719146300144999, 13.025561400426719 ] ] } },
{ "type": "Feature", "properties": { "OBJECTID": 355465, "SegmentID": 455465 }, "geometry": { "type": "LineString", "coordinates": [ [ 77.585418521311411, 13.026457049663557 ], [ 77.58531649994697, 13.026098199730994 ], [ 77.585245899910348, 13.025823700005288 ], [ 77.585184699746392, 13.025529000433298 ] ] } },
{ "type": "Feature", "properties": { "OBJECTID": 356289, "SegmentID": 456289 }, "geometry": { "type": "LineString", "coordinates": [ [ 77.637132100083562, 13.026378399611662 ], [ 77.637346099660803, 13.026329499813201 ], [ 77.637352194334241, 13.026328350070287 ], [ 77.639661599898687, 13.025892700225802 ], [ 77.639866500108951, 13.025834800279856 ], [ 77.64000680011479, 13.025784699868925 ], [ 77.640533799843439, 13.025562800078106 ] ] } },
{ "type": "Feature", "properties": { "OBJECTID": 356331, "SegmentID": 456331 }, "geometry": { "type": "LineString", "coordinates": [ [ 77.636987199671736, 13.02640120032054 ], [ 77.637132100083562, 13.026378399611662 ] ] } },
{ "type": "Feature", "properties": { "OBJECTID": 356346, "SegmentID": 456346 }, "geometry": { "type": "LineString", "coordinates": [ [ 77.719146300144999, 13.025561400426719 ], [ 77.719186217230529, 13.025583621194466 ] ] } },
{ "type": "Feature", "properties": { "OBJECTID": 356384, "SegmentID": 456384 }, "geometry": { "type": "LineString", "coordinates": [ [ 77.719186217230529, 13.025583621194466 ], [ 77.719948366663871, 13.026007892691695 ] ] } },
{ "type": "Feature", "properties": { "OBJECTID": 356470, "SegmentID": 456470 }, "geometry": { "type": "LineString", "coordinates": [ [ 77.585584399959757, 13.027015300346465 ], [ 77.585500299586258, 13.026744700165892 ], [ 77.585418521311411, 13.026457049663557 ] ] } },
{ "type": "Feature", "properties": { "OBJECTID": 356729, "SegmentID": 456729 }, "geometry": { "type": "LineString", "coordinates": [ [ 77.635929700005633, 13.026658499581389 ], [ 77.636057099897329, 13.026595799766874 ], [ 77.636296500191378, 13.026530599651144 ], [ 77.636796900199769, 13.026431199717811 ], [ 77.636987199671736, 13.02640120032054 ] ] } },
{ "type": "Feature", "properties": { "OBJECTID": 356782, "SegmentID": 456782 }, "geometry": { "type": "LineString", "coordinates": [ [ 77.635830295918012, 13.026682104239027 ], [ 77.635929700005633, 13.026658499581389 ] ] } },
{ "type": "Feature", "properties": { "OBJECTID": 357122, "SegmentID": 457122 }, "geometry": { "type": "LineString", "coordinates": [ [ 77.719948366663871, 13.026007892691695 ], [ 77.719978199599097, 13.026024500086535 ] ] } },
{ "type": "Feature", "properties": { "OBJECTID": 357161, "SegmentID": 457161 }, "geometry": { "type": "LineString", "coordinates": [ [ 77.719978199599097, 13.026024500086535 ], [ 77.720218600028957, 13.026158300211089 ], [ 77.720392199650192, 13.026254800411028 ] ] } },
{ "type": "Feature", "properties": { "OBJECTID": 357318, "SegmentID": 457318 }, "geometry": { "type": "LineString", "coordinates": [ [ 77.585730899998623, 13.027486800125081 ], [ 77.58568839956267, 13.027350000370074 ], [ 77.585584399959757, 13.027015300346465 ] ] } },
{ "type": "Feature", "properties": { "OBJECTID": 357576, "SegmentID": 457576 }, "geometry": { "type": "LineString", "coordinates": [ [ 77.720392199650192, 13.026254800411028 ], [ 77.720514600342028, 13.026322900296845 ], [ 77.720803200028143, 13.026479399688258 ] ] } },
{ "type": "Feature", "properties": { "OBJECTID": 357718, "SegmentID": 457718 }, "geometry": { "type": "LineString", "coordinates": [ [ 77.585810699872653, 13.027710899787673 ], [ 77.585730899998623, 13.027486800125081 ] ] } },
{ "type": "Feature", "properties": { "OBJECTID": 357951, "SegmentID": 457951 }, "geometry": { "type": "LineString", "coordinates": [ [ 77.720803200028143, 13.026479399688258 ], [ 77.721092978458628, 13.026636579173749 ] ] } },
{ "type": "Feature", "properties": { "OBJECTID": 358144, "SegmentID": 458144 }, "geometry": { "type": "LineString", "coordinates": [ [ 77.585901900321048, 13.027967100346636 ], [ 77.585810699872653, 13.027710899787673 ] ] } },
{ "type": "Feature", "properties": { "OBJECTID": 358242, "SegmentID": 458242 }, "geometry": { "type": "LineString", "coordinates": [ [ 77.721092978458628, 13.026636579173749 ], [ 77.721176751721927, 13.026682018342452 ] ] } },
{ "type": "Feature", "properties": { "OBJECTID": 358316, "SegmentID": 458316 }, "geometry": { "type": "LineString", "coordinates": [ [ 77.721176751721927, 13.026682018342452 ], [ 77.72141744396022, 13.026812571926985 ] ] } },
{ "type": "Feature", "properties": { "OBJECTID": 358561, "SegmentID": 458561 }, "geometry": { "type": "LineString", "coordinates": [ [ 77.72141744396022, 13.026812571926985 ], [ 77.721492993750772, 13.026853550815167 ] ] } },
{ "type": "Feature", "properties": { "OBJECTID": 358627, "SegmentID": 458627 }, "geometry": { "type": "LineString", "coordinates": [ [ 77.721492993750772, 13.026853550815167 ], [ 77.721695700037188, 13.02696350032932 ], [ 77.722351200000205, 13.027319100118293 ] ] } },
{ "type": "Feature", "properties": { "OBJECTID": 358643, "SegmentID": 458643 }, "geometry": { "type": "LineString", "coordinates": [ [ 77.632789900025983, 13.027779400438357 ], [ 77.633171000053807, 13.027612000328848 ], [ 77.63368600027006, 13.02739769955296 ], [ 77.634372599878631, 13.027141900364073 ], [ 77.635134400240091, 13.026901500195581 ], [ 77.635654700451866, 13.026723799595775 ], [ 77.635830295918012, 13.026682104239027 ] ] } },
{ "type": "Feature", "properties": { "OBJECTID": 359326, "SegmentID": 459326 }, "geometry": { "type": "LineString", "coordinates": [ [ 77.586214900444389, 13.028614199838506 ], [ 77.586144600318249, 13.028526899748073 ], [ 77.586039899755974, 13.028310100215869 ], [ 77.585937499807926, 13.028067000272872 ], [ 77.585901900321048, 13.027967100346636 ] ] } },
{ "type": "Feature", "properties": { "OBJECTID": 359508, "SegmentID": 459508 }, "geometry": { "type": "LineString", "coordinates": [ [ 77.722351200000205, 13.027319100118293 ], [ 77.723522600216597, 13.02795439985681 ], [ 77.723676899580283, 13.0280381002477 ], [ 77.724264899931839, 13.028376899752693 ], [ 77.724675900303964, 13.028613728241325 ] ] } },
{ "type": "Feature", "properties": { "OBJECTID": 361252, "SegmentID": 461252 }, "geometry": { "type": "LineString", "coordinates": [ [ 77.586622141197509, 13.029681126734832 ], [ 77.586579500127826, 13.029574799806969 ], [ 77.586530000331763, 13.029451199893026 ], [ 77.586214900444389, 13.028614199838506 ] ] } },
{ "type": "Feature", "properties": { "OBJECTID": 361799, "SegmentID": 461799 }, "geometry": { "type": "LineString", "coordinates": [ [ 77.537033002008442, 13.030469430455986 ], [ 77.537148499876977, 13.030400999763161 ] ] } },
{ "type": "Feature", "properties": { "OBJECTID": 361844, "SegmentID": 461844 }, "geometry": { "type": "LineString", "coordinates": [ [ 77.631323199714984, 13.029562500165584 ], [ 77.631599500247262, 13.028882000287473 ], [ 77.631789100119462, 13.028467299978605 ], [ 77.63198220038602, 13.028205999619191 ], [ 77.632137800253233, 13.028075300021261 ], [ 77.632250399625107, 13.028006799630845 ], [ 77.6326433996351, 13.02784379989774 ], [ 77.632789900025983, 13.027779400438357 ] ] } },
{ "type": "Feature", "properties": { "OBJECTID": 361846, "SegmentID": 461846 }, "geometry": { "type": "LineString", "coordinates": [ [ 77.631323199714984, 13.029562500165584 ], [ 77.631214351047007, 13.029767869998633 ] ] } },
{ "type": "Feature", "properties": { "OBJECTID": 361868, "SegmentID": 461868 }, "geometry": { "type": "LineString", "coordinates": [ [ 77.536948649143866, 13.030519408983267 ], [ 77.537033002008442, 13.030469430455986 ] ] } },
{ "type": "Feature", "properties": { "OBJECTID": 361872, "SegmentID": 461872 }, "geometry": { "type": "LineString", "coordinates": [ [ 77.724675900303964, 13.028613728241325 ], [ 77.724771300167845, 13.028668700443909 ], [ 77.724839800131946, 13.028707999813749 ] ] } },
{ "type": "Feature", "properties": { "OBJECTID": 362044, "SegmentID": 462044 }, "geometry": { "type": "LineString", "coordinates": [ [ 77.724839800131946, 13.028707999813749 ], [ 77.725650499610765, 13.029178099670313 ], [ 77.727752900040855, 13.030317300293119 ], [ 77.728125600104534, 13.030519299599636 ], [ 77.728307999547567, 13.030618099886064 ], [ 77.729779300126907, 13.031519300182211 ], [ 77.730396400410072, 13.031962900304814 ], [ 77.73074100015144, 13.032195699778228 ], [ 77.730851599878363, 13.032270499851606 ], [ 77.730960199764866, 13.032343900001417 ], [ 77.731028800440541, 13.032390199885544 ] ] } },
{ "type": "Feature", "properties": { "OBJECTID": 362222, "SegmentID": 462222 }, "geometry": { "type": "LineString", "coordinates": [ [ 77.631214351047007, 13.029767869998633 ], [ 77.630624799818165, 13.030880199747125 ] ] } },
{ "type": "Feature", "properties": { "OBJECTID": 362447, "SegmentID": 462447 }, "geometry": { "type": "LineString", "coordinates": [ [ 77.53640214519551, 13.030843202425446 ], [ 77.536948649143866, 13.030519408983267 ] ] } },
{ "type": "Feature", "properties": { "OBJECTID": 362757, "SegmentID": 462757 }, "geometry": { "type": "LineString", "coordinates": [ [ 77.536148299753521, 13.030993599602017 ], [ 77.53640214519551, 13.030843202425446 ] ] } },
{ "type": "Feature", "properties": { "OBJECTID": 362758, "SegmentID": 462758 }, "geometry": { "type": "LineString", "coordinates": [ [ 77.536148299753521, 13.030993599602017 ], [ 77.535858111499763, 13.031161793889204 ], [ 77.53577769985344, 13.031208399724219 ], [ 77.53544050005155, 13.031403999880101 ] ] } },
{ "type": "Feature", "properties": { "OBJECTID": 362759, "SegmentID": 462759 }, "geometry": { "type": "LineString", "coordinates": [ [ 77.475572864198924, 13.03157997192513 ], [ 77.47546940007642, 13.030622299936788 ], [ 77.475426600039512, 13.02994939971898 ], [ 77.475408299699708, 13.02957300033197 ], [ 77.475392200037049, 13.029167400248173 ], [ 77.475376200186957, 13.028358999692232 ], [ 77.475387700210334, 13.027440499724513 ], [ 77.475424199982427, 13.0263009998454 ], [ 77.475432453248914, 13.026091131256628 ] ] } },
{ "type": "Feature", "properties": { "OBJECTID": 363570, "SegmentID": 463570 }, "geometry": { "type": "LineString", "coordinates": [ [ 77.53544050005155, 13.031403999880101 ], [ 77.534925667021128, 13.031702548658506 ] ] } },
{ "type": "Feature", "properties": { "OBJECTID": 364122, "SegmentID": 464122 }, "geometry": { "type": "LineString", "coordinates": [ [ 77.534925667021128, 13.031702548658506 ], [ 77.534416000075296, 13.031998099848501 ], [ 77.533857399560716, 13.032322000167586 ], [ 77.533636499900553, 13.032429700287087 ] ] } },
{ "type": "Feature", "properties": { "OBJECTID": 364403, "SegmentID": 464403 }, "geometry": { "type": "LineString", "coordinates": [ [ 77.630624799818165, 13.030880199747125 ], [ 77.630333200287552, 13.031505599632956 ] ] } },
{ "type": "Feature", "properties": { "OBJECTID": 365301, "SegmentID": 465301 }, "geometry": { "type": "LineString", "coordinates": [ [ 77.501432800226297, 13.032625899847782 ], [ 77.501434268314725, 13.032633711699393 ], [ 77.501435234104619, 13.032638854975266 ] ] } },
{ "type": "Feature", "properties": { "OBJECTID": 365321, "SegmentID": 465321 }, "geometry": { "type": "LineString", "coordinates": [ [ 77.501435234104619, 13.032638854975266 ], [ 77.501506963680768, 13.033020667317858 ] ] } },
{ "type": "Feature", "properties": { "OBJECTID": 365519, "SegmentID": 465519 }, "geometry": { "type": "LineString", "coordinates": [ [ 77.533636499900553, 13.032429700287087 ], [ 77.533410997068103, 13.032565989518409 ], [ 77.53282790008258, 13.032918399998836 ] ] } },
{ "type": "Feature", "properties": { "OBJECTID": 365579, "SegmentID": 465579 }, "geometry": { "type": "LineString", "coordinates": [ [ 77.630333200287552, 13.031505599632956 ], [ 77.630139499905255, 13.031927099693254 ] ] } },
{ "type": "Feature", "properties": { "OBJECTID": 366061, "SegmentID": 466061 }, "geometry": { "type": "LineString", "coordinates": [ [ 77.501506963680768, 13.033020667317858 ], [ 77.501605599935772, 13.033545700210546 ] ] } },
{ "type": "Feature", "properties": { "OBJECTID": 366436, "SegmentID": 466436 }, "geometry": { "type": "LineString", "coordinates": [ [ 77.630139499905255, 13.031927099693254 ], [ 77.63012649975775, 13.031967900446489 ] ] } },
{ "type": "Feature", "properties": { "OBJECTID": 366476, "SegmentID": 466476 }, "geometry": { "type": "LineString", "coordinates": [ [ 77.53282790008258, 13.032918399998836 ], [ 77.531792600354976, 13.033544000152295 ] ] } },
{ "type": "Feature", "properties": { "OBJECTID": 366514, "SegmentID": 466514 }, "geometry": { "type": "LineString", "coordinates": [ [ 77.63012649975775, 13.031967900446489 ], [ 77.629217699971889, 13.033686499931092 ] ] } },
{ "type": "Feature", "properties": { "OBJECTID": 366608, "SegmentID": 466608 }, "geometry": { "type": "LineString", "coordinates": [ [ 77.587867400214023, 13.032451300098179 ], [ 77.587820899613348, 13.032360100417224 ], [ 77.587623899693938, 13.032020499839224 ], [ 77.587593399902502, 13.031956700412568 ], [ 77.587352899967044, 13.031453399725287 ], [ 77.587042699967, 13.030719600160367 ], [ 77.586963900274355, 13.030533300100091 ], [ 77.586622141197509, 13.029681126734832 ] ] } },
{ "type": "Feature", "properties": { "OBJECTID": 367068, "SegmentID": 467068 }, "geometry": { "type": "LineString", "coordinates": [ [ 77.501605599935772, 13.033545700210546 ], [ 77.501652900049947, 13.034031700352283 ] ] } },
{ "type": "Feature", "properties": { "OBJECTID": 367643, "SegmentID": 467643 }, "geometry": { "type": "LineString", "coordinates": [ [ 77.531792600354976, 13.033544000152295 ], [ 77.531482059664498, 13.033731682241134 ] ] } },
{ "type": "Feature", "properties": { "OBJECTID": 368031, "SegmentID": 468031 }, "geometry": { "type": "LineString", "coordinates": [ [ 77.531482059664498, 13.033731682241134 ], [ 77.53146780004127, 13.033740299819986 ], [ 77.53084542710873, 13.034108149791672 ] ] } },
{ "type": "Feature", "properties": { "OBJECTID": 368052, "SegmentID": 468052 }, "geometry": { "type": "LineString", "coordinates": [ [ 77.501652900049947, 13.034031700352283 ], [ 77.501948100462116, 13.035527200192865 ] ] } },
{ "type": "Feature", "properties": { "OBJECTID": 368785, "SegmentID": 468785 }, "geometry": { "type": "LineString", "coordinates": [ [ 77.53084542710873, 13.034108149791672 ], [ 77.53065280034096, 13.034221999708073 ] ] } },
{ "type": "Feature", "properties": { "OBJECTID": 368879, "SegmentID": 468879 }, "geometry": { "type": "LineString", "coordinates": [ [ 77.588303399836107, 13.033606099629431 ], [ 77.588215199574563, 13.033213600276239 ], [ 77.588141200423522, 13.033028100340312 ], [ 77.588066799638412, 13.032841800318149 ], [ 77.587957600110798, 13.032627999630602 ], [ 77.587867400214023, 13.032451300098179 ] ] } },
{ "type": "Feature", "properties": { "OBJECTID": 368979, "SegmentID": 468979 }, "geometry": { "type": "LineString", "coordinates": [ [ 77.53065280034096, 13.034221999708073 ], [ 77.530512300304721, 13.034301700217606 ], [ 77.53029839987019, 13.034411899999309 ], [ 77.53023420029939, 13.034440300084313 ] ] } },
{ "type": "Feature", "properties": { "OBJECTID": 369297, "SegmentID": 469297 }, "geometry": { "type": "LineString", "coordinates": [ [ 77.731028800440541, 13.032390199885544 ], [ 77.731157200335673, 13.032476999927152 ] ] } },
{ "type": "Feature", "properties": { "OBJECTID": 369323, "SegmentID": 469323 }, "geometry": { "type": "LineString", "coordinates": [ [ 77.53023420029939, 13.034440300084313 ], [ 77.530091799701353, 13.034503300228495 ], [ 77.530038399900263, 13.034523648706532 ] ] } },
{ "type": "Feature", "properties": { "OBJECTID": 369510, "SegmentID": 469510 }, "geometry": { "type": "LineString", "coordinates": [ [ 77.731157200335673, 13.032476999927152 ], [ 77.731328199877723, 13.032596800334746 ] ] } },
{ "type": "Feature", "properties": { "OBJECTID": 369521, "SegmentID": 469521 }, "geometry": { "type": "LineString", "coordinates": [ [ 77.530038399900263, 13.034523648706532 ], [ 77.529858500083364, 13.034592200174636 ], [ 77.529699699903119, 13.034644600009328 ] ] } },
{ "type": "Feature", "properties": { "OBJECTID": 369724, "SegmentID": 469724 }, "geometry": { "type": "LineString", "coordinates": [ [ 77.529699699903119, 13.034644600009328 ], [ 77.529356699835276, 13.034750400134678 ] ] } },
{ "type": "Feature", "properties": { "OBJECTID": 369728, "SegmentID": 469728 }, "geometry": { "type": "LineString", "coordinates": [ [ 77.731328199877723, 13.032596800334746 ], [ 77.731650900422764, 13.032828100263727 ] ] } },
{ "type": "Feature", "properties": { "OBJECTID": 369793, "SegmentID": 469793 }, "geometry": { "type": "LineString", "coordinates": [ [ 77.629217699971889, 13.033686499931092 ], [ 77.628941000463911, 13.034288100439474 ] ] } },
{ "type": "Feature", "properties": { "OBJECTID": 369853, "SegmentID": 469853 }, "geometry": { "type": "LineString", "coordinates": [ [ 77.588360399909661, 13.034126999802568 ], [ 77.588326500062877, 13.033891700224892 ], [ 77.588303399836107, 13.033606099629431 ] ] } },
{ "type": "Feature", "properties": { "OBJECTID": 369951, "SegmentID": 469951 }, "geometry": { "type": "LineString", "coordinates": [ [ 77.529356699835276, 13.034750400134678 ], [ 77.529127499997699, 13.034805999912956 ] ] } },
{ "type": "Feature", "properties": { "OBJECTID": 370060, "SegmentID": 470060 }, "geometry": { "type": "LineString", "coordinates": [ [ 77.529127499997699, 13.034805999912956 ], [ 77.528910900002458, 13.034858400117788 ] ] } },
{ "type": "Feature", "properties": { "OBJECTID": 370154, "SegmentID": 470154 }, "geometry": { "type": "LineString", "coordinates": [ [ 77.528910900002458, 13.034858400117788 ], [ 77.528770120763738, 13.034892491633174 ] ] } },
{ "type": "Feature", "properties": { "OBJECTID": 370200, "SegmentID": 470200 }, "geometry": { "type": "LineString", "coordinates": [ [ 77.731650900422764, 13.032828100263727 ], [ 77.731699399759393, 13.03286290017572 ], [ 77.731886500196808, 13.032996899677823 ] ] } },
{ "type": "Feature", "properties": { "OBJECTID": 370212, "SegmentID": 470212 }, "geometry": { "type": "LineString", "coordinates": [ [ 77.528770120763738, 13.034892491633174 ], [ 77.528550400370108, 13.034945699927064 ] ] } },
{ "type": "Feature", "properties": { "OBJECTID": 370316, "SegmentID": 470316 }, "geometry": { "type": "LineString", "coordinates": [ [ 77.528550400370108, 13.034945699927064 ], [ 77.528443699622557, 13.034971600069566 ], [ 77.527626200235872, 13.035169599561959 ] ] } },
{ "type": "Feature", "properties": { "OBJECTID": 370537, "SegmentID": 470537 }, "geometry": { "type": "LineString", "coordinates": [ [ 77.731886500196808, 13.032996899677823 ], [ 77.731944099986677, 13.03303819970338 ] ] } },
{ "type": "Feature", "properties": { "OBJECTID": 370608, "SegmentID": 470608 }, "geometry": { "type": "LineString", "coordinates": [ [ 77.731944099986677, 13.03303819970338 ], [ 77.732228300221166, 13.033241899567509 ] ] } },
{ "type": "Feature", "properties": { "OBJECTID": 370727, "SegmentID": 470727 }, "geometry": { "type": "LineString", "coordinates": [ [ 77.527626200235872, 13.035169599561959 ], [ 77.527336499728861, 13.035239799572764 ] ] } },
{ "type": "Feature", "properties": { "OBJECTID": 370840, "SegmentID": 470840 }, "geometry": { "type": "LineString", "coordinates": [ [ 77.527336499728861, 13.035239799572764 ], [ 77.527087100230034, 13.035302600403872 ] ] } },
{ "type": "Feature", "properties": { "OBJECTID": 370897, "SegmentID": 470897 }, "geometry": { "type": "LineString", "coordinates": [ [ 77.501948100462116, 13.035527200192865 ], [ 77.502168500198891, 13.036969499851983 ] ] } },
{ "type": "Feature", "properties": { "OBJECTID": 370931, "SegmentID": 470931 }, "geometry": { "type": "LineString", "coordinates": [ [ 77.628941000463911, 13.034288100439474 ], [ 77.62861470033927, 13.034977200014108 ] ] } },
{ "type": "Feature", "properties": { "OBJECTID": 370935, "SegmentID": 470935 }, "geometry": { "type": "LineString", "coordinates": [ [ 77.527087100230034, 13.035302600403872 ], [ 77.526901999585235, 13.035354800042867 ], [ 77.526711600049452, 13.035417499953127 ], [ 77.526535199860291, 13.035480599794386 ] ] } },
{ "type": "Feature", "properties": { "OBJECTID": 370970, "SegmentID": 470970 }, "geometry": { "type": "LineString", "coordinates": [ [ 77.732228300221166, 13.033241899567509 ], [ 77.732553003728029, 13.033474564439336 ] ] } },
{ "type": "Feature", "properties": { "OBJECTID": 371086, "SegmentID": 471086 }, "geometry": { "type": "LineString", "coordinates": [ [ 77.476029226849491, 13.035876104061368 ], [ 77.476015199942111, 13.035567299759556 ], [ 77.475986700109544, 13.035159299702816 ], [ 77.475960700057669, 13.034865199671993 ], [ 77.475880900135408, 13.034076300342745 ], [ 77.475670199678433, 13.032480899736431 ], [ 77.475572864198924, 13.03157997192513 ] ] } },
{ "type": "Feature", "properties": { "OBJECTID": 371302, "SegmentID": 471302 }, "geometry": { "type": "LineString", "coordinates": [ [ 77.526535199860291, 13.035480599794386 ], [ 77.526338799917099, 13.035558599629528 ], [ 77.526143599694194, 13.035650500235644 ], [ 77.525869399703851, 13.035796399654851 ], [ 77.524684514808683, 13.036454521537298 ] ] } },
{ "type": "Feature", "properties": { "OBJECTID": 371457, "SegmentID": 471457 }, "geometry": { "type": "LineString", "coordinates": [ [ 77.732553003728029, 13.033474564439336 ], [ 77.732688801270797, 13.033571868961241 ] ] } },
{ "type": "Feature", "properties": { "OBJECTID": 371679, "SegmentID": 471679 }, "geometry": { "type": "LineString", "coordinates": [ [ 77.732688801270797, 13.033571868961241 ], [ 77.733483500221752, 13.034141300141803 ] ] } },
{ "type": "Feature", "properties": { "OBJECTID": 371787, "SegmentID": 471787 }, "geometry": { "type": "LineString", "coordinates": [ [ 77.588684200069807, 13.035110199739343 ], [ 77.588656699733633, 13.035051100057583 ], [ 77.588546699809186, 13.034760599967095 ], [ 77.588505900132532, 13.034653000410531 ], [ 77.588433500005394, 13.034426500375803 ], [ 77.588369499720002, 13.034189799660027 ], [ 77.588360399909661, 13.034126999802568 ] ] } },
{ "type": "Feature", "properties": { "OBJECTID": 372379, "SegmentID": 472379 }, "geometry": { "type": "LineString", "coordinates": [ [ 77.62861470033927, 13.034977200014108 ], [ 77.628440000022124, 13.035286999951389 ] ] } },
{ "type": "Feature", "properties": { "OBJECTID": 372743, "SegmentID": 472743 }, "geometry": { "type": "LineString", "coordinates": [ [ 77.588877786441302, 13.035525667188899 ], [ 77.588684200069807, 13.035110199739343 ] ] } },
{ "type": "Feature", "properties": { "OBJECTID": 372954, "SegmentID": 472954 }, "geometry": { "type": "LineString", "coordinates": [ [ 77.733483500221752, 13.034141300141803 ], [ 77.734840100194106, 13.035113400043603 ], [ 77.73545600012767, 13.035554800371553 ] ] } },
{ "type": "Feature", "properties": { "OBJECTID": 373055, "SegmentID": 473055 }, "geometry": { "type": "LineString", "coordinates": [ [ 77.628440000022124, 13.035286999951389 ], [ 77.627688599907017, 13.036619600008684 ] ] } },
{ "type": "Feature", "properties": { "OBJECTID": 373313, "SegmentID": 473313 }, "geometry": { "type": "LineString", "coordinates": [ [ 77.524684514808683, 13.036454521537298 ], [ 77.524453199853127, 13.036582999930065 ], [ 77.523211222612446, 13.037262406917318 ] ] } },
{ "type": "Feature", "properties": { "OBJECTID": 373453, "SegmentID": 473453 }, "geometry": { "type": "LineString", "coordinates": [ [ 77.589045837620404, 13.035890193000112 ], [ 77.589039300004359, 13.035872299907064 ], [ 77.588877786441302, 13.035525667188899 ] ] } },
{ "type": "Feature", "properties": { "OBJECTID": 373888, "SegmentID": 473888 }, "geometry": { "type": "LineString", "coordinates": [ [ 77.502168500198891, 13.036969499851983 ], [ 77.502412500361118, 13.038649799950297 ] ] } },
{ "type": "Feature", "properties": { "OBJECTID": 374039, "SegmentID": 474039 }, "geometry": { "type": "LineString", "coordinates": [ [ 77.589156299855333, 13.036192500447031 ], [ 77.589045837620404, 13.035890193000112 ] ] } },
{ "type": "Feature", "properties": { "OBJECTID": 374601, "SegmentID": 474601 }, "geometry": { "type": "LineString", "coordinates": [ [ 77.589216499862005, 13.036468699831666 ], [ 77.589203699929016, 13.036319800024746 ], [ 77.589156299855333, 13.036192500447031 ] ] } },
{ "type": "Feature", "properties": { "OBJECTID": 374881, "SegmentID": 474881 }, "geometry": { "type": "LineString", "coordinates": [ [ 77.523211222612446, 13.037262406917318 ], [ 77.522758282188974, 13.037510179813367 ] ] } },
{ "type": "Feature", "properties": { "OBJECTID": 375100, "SegmentID": 475100 }, "geometry": { "type": "LineString", "coordinates": [ [ 77.589246234751755, 13.036720840964771 ], [ 77.589216499862005, 13.036468699831666 ] ] } },
{ "type": "Feature", "properties": { "OBJECTID": 375306, "SegmentID": 475306 }, "geometry": { "type": "LineString", "coordinates": [ [ 77.589260899682927, 13.036845200186894 ], [ 77.589246234751755, 13.036720840964771 ] ] } },
{ "type": "Feature", "properties": { "OBJECTID": 375321, "SegmentID": 475321 }, "geometry": { "type": "LineString", "coordinates": [ [ 77.522758282188974, 13.037510179813367 ], [ 77.522395256846991, 13.037708765254424 ] ] } },
{ "type": "Feature", "properties": { "OBJECTID": 375612, "SegmentID": 475612 }, "geometry": { "type": "LineString", "coordinates": [ [ 77.627688599907017, 13.036619600008684 ], [ 77.627635799633225, 13.036713199757568 ], [ 77.6273425999279, 13.037035200254529 ], [ 77.626997400228703, 13.037321599997902 ], [ 77.626424700317642, 13.037697500393147 ] ] } },
{ "type": "Feature", "properties": { "OBJECTID": 375681, "SegmentID": 475681 }, "geometry": { "type": "LineString", "coordinates": [ [ 77.522395256846991, 13.037708765254424 ], [ 77.522300500296211, 13.037760600349312 ] ] } },
{ "type": "Feature", "properties": { "OBJECTID": 375706, "SegmentID": 475706 }, "geometry": { "type": "LineString", "coordinates": [ [ 77.73545600012767, 13.035554800371553 ], [ 77.735920599994813, 13.035887700047347 ] ] } },
{ "type": "Feature", "properties": { "OBJECTID": 375794, "SegmentID": 475794 }, "geometry": { "type": "LineString", "coordinates": [ [ 77.522300500296211, 13.037760600349312 ], [ 77.521826999571317, 13.038017299837382 ] ] } },
{ "type": "Feature", "properties": { "OBJECTID": 375986, "SegmentID": 475986 }, "geometry": { "type": "LineString", "coordinates": [ [ 77.589276800183328, 13.037224600096698 ], [ 77.589260899682927, 13.036845200186894 ] ] } },
{ "type": "Feature", "properties": { "OBJECTID": 376195, "SegmentID": 476195 }, "geometry": { "type": "LineString", "coordinates": [ [ 77.521826999571317, 13.038017299837382 ], [ 77.520386999695177, 13.038804799696692 ], [ 77.518882199689415, 13.039632400275497 ], [ 77.518678999938103, 13.03975299991926 ], [ 77.518538899599065, 13.039844100332795 ], [ 77.518402799601475, 13.039938500120236 ], [ 77.518367400387106, 13.039975299934346 ] ] } },
{ "type": "Feature", "properties": { "OBJECTID": 376271, "SegmentID": 476271 }, "geometry": { "type": "LineString", "coordinates": [ [ 77.735920599994813, 13.035887700047347 ], [ 77.73605249956637, 13.035982199781508 ] ] } },
{ "type": "Feature", "properties": { "OBJECTID": 376428, "SegmentID": 476428 }, "geometry": { "type": "LineString", "coordinates": [ [ 77.73605249956637, 13.035982199781508 ], [ 77.736291900206965, 13.036153699992807 ], [ 77.736686100244299, 13.036434199611659 ] ] } },
{ "type": "Feature", "properties": { "OBJECTID": 376654, "SegmentID": 476654 }, "geometry": { "type": "LineString", "coordinates": [ [ 77.589301899983909, 13.037618999841083 ], [ 77.589285399952544, 13.037442800060962 ], [ 77.589276800183328, 13.037224600096698 ] ] } },
{ "type": "Feature", "properties": { "OBJECTID": 376950, "SegmentID": 476950 }, "geometry": { "type": "LineString", "coordinates": [ [ 77.502412500361118, 13.038649799950297 ], [ 77.502444199733944, 13.038868299625076 ] ] } },
{ "type": "Feature", "properties": { "OBJECTID": 377228, "SegmentID": 477228 }, "geometry": { "type": "LineString", "coordinates": [ [ 77.736686100244299, 13.036434199611659 ], [ 77.737031899666164, 13.036680299883628 ] ] } },
{ "type": "Feature", "properties": { "OBJECTID": 377341, "SegmentID": 477341 }, "geometry": { "type": "LineString", "coordinates": [ [ 77.502444199733944, 13.038868299625076 ], [ 77.50253099962913, 13.039327300322977 ] ] } },
{ "type": "Feature", "properties": { "OBJECTID": 377442, "SegmentID": 477442 }, "geometry": { "type": "LineString", "coordinates": [ [ 77.626424700317642, 13.037697500393147 ], [ 77.625969699774373, 13.038017400429274 ] ] } },
{ "type": "Feature", "properties": { "OBJECTID": 377687, "SegmentID": 477687 }, "geometry": { "type": "LineString", "coordinates": [ [ 77.737031899666164, 13.036680299883628 ], [ 77.737332299995828, 13.036894100288505 ] ] } },
{ "type": "Feature", "properties": { "OBJECTID": 377792, "SegmentID": 477792 }, "geometry": { "type": "LineString", "coordinates": [ [ 77.589334699807523, 13.038257200079149 ], [ 77.589317500259284, 13.038125100326551 ], [ 77.589301899983909, 13.037618999841083 ] ] } },
{ "type": "Feature", "properties": { "OBJECTID": 377984, "SegmentID": 477984 }, "geometry": { "type": "LineString", "coordinates": [ [ 77.625969699774373, 13.038017400429274 ], [ 77.625867500289161, 13.038091100299926 ] ] } },
{ "type": "Feature", "properties": { "OBJECTID": 378030, "SegmentID": 478030 }, "geometry": { "type": "LineString", "coordinates": [ [ 77.737332299995828, 13.036894100288505 ], [ 77.738494600082163, 13.037721200341331 ], [ 77.739776494439923, 13.038633462385036 ] ] } },
{ "type": "Feature", "properties": { "OBJECTID": 378095, "SegmentID": 478095 }, "geometry": { "type": "LineString", "coordinates": [ [ 77.625867500289161, 13.038091100299926 ], [ 77.625734799731376, 13.038246000018782 ], [ 77.625447600431741, 13.038632599853832 ] ] } },
{ "type": "Feature", "properties": { "OBJECTID": 378120, "SegmentID": 478120 }, "geometry": { "type": "LineString", "coordinates": [ [ 77.50253099962913, 13.039327300322977 ], [ 77.50259799974036, 13.039779999888792 ] ] } },
{ "type": "Feature", "properties": { "OBJECTID": 378137, "SegmentID": 478137 }, "geometry": { "type": "LineString", "coordinates": [ [ 77.58935805655625, 13.038482014598106 ], [ 77.589342900015936, 13.038396600157037 ], [ 77.589334699807523, 13.038257200079149 ] ] } },
{ "type": "Feature", "properties": { "OBJECTID": 378496, "SegmentID": 478496 }, "geometry": { "type": "LineString", "coordinates": [ [ 77.589395000332928, 13.038690200091386 ], [ 77.58935805655625, 13.038482014598106 ] ] } },
{ "type": "Feature", "properties": { "OBJECTID": 378905, "SegmentID": 478905 }, "geometry": { "type": "LineString", "coordinates": [ [ 77.50259799974036, 13.039779999888792 ], [ 77.502611237738989, 13.039866721588805 ] ] } },
{ "type": "Feature", "properties": { "OBJECTID": 379028, "SegmentID": 479028 }, "geometry": { "type": "LineString", "coordinates": [ [ 77.625447600431741, 13.038632599853832 ], [ 77.625051300104261, 13.039151899578066 ] ] } },
{ "type": "Feature", "properties": { "OBJECTID": 379063, "SegmentID": 479063 }, "geometry": { "type": "LineString", "coordinates": [ [ 77.502611237738989, 13.039866721588805 ], [ 77.502654800250042, 13.040152100172081 ] ] } },
{ "type": "Feature", "properties": { "OBJECTID": 379227, "SegmentID": 479227 }, "geometry": { "type": "LineString", "coordinates": [ [ 77.589437899822983, 13.039105599961612 ], [ 77.589428399589124, 13.038998900060379 ], [ 77.589412099915876, 13.038816399588473 ], [ 77.589395000332928, 13.038690200091386 ] ] } },
{ "type": "Feature", "properties": { "OBJECTID": 379228, "SegmentID": 479228 }, "geometry": { "type": "LineString", "coordinates": [ [ 77.589437899822983, 13.039105599961612 ], [ 77.589480699750382, 13.039607999673757 ], [ 77.589491629049661, 13.039674131014602 ] ] } },
{ "type": "Feature", "properties": { "OBJECTID": 379426, "SegmentID": 479426 }, "geometry": { "type": "LineString", "coordinates": [ [ 77.475588167589436, 13.040349329302979 ], [ 77.475646300452382, 13.039930900060432 ], [ 77.475929899740365, 13.038049500114079 ], [ 77.475998100089683, 13.037430299696167 ], [ 77.476016700228698, 13.037225999988111 ], [ 77.476027000352971, 13.037041899831001 ], [ 77.476030300390676, 13.036841100266454 ], [ 77.476047199839059, 13.036441400284165 ], [ 77.476041699913665, 13.036150700220118 ], [ 77.476029226849491, 13.035876104061368 ] ] } },
{ "type": "Feature", "properties": { "OBJECTID": 379477, "SegmentID": 479477 }, "geometry": { "type": "LineString", "coordinates": [ [ 77.518367400387106, 13.039975299934346 ], [ 77.518275999564793, 13.040032200424724 ], [ 77.518167700117431, 13.040119500234145 ] ] } },
{ "type": "Feature", "properties": { "OBJECTID": 379513, "SegmentID": 479513 }, "geometry": { "type": "LineString", "coordinates": [ [ 77.502654800250042, 13.040152100172081 ], [ 77.502695000067817, 13.04041510019702 ] ] } },
{ "type": "Feature", "properties": { "OBJECTID": 379754, "SegmentID": 479754 }, "geometry": { "type": "LineString", "coordinates": [ [ 77.518167700117431, 13.040119500234145 ], [ 77.518120500362883, 13.040157600198006 ], [ 77.517862700308342, 13.040386599664005 ] ] } },
{ "type": "Feature", "properties": { "OBJECTID": 379926, "SegmentID": 479926 }, "geometry": { "type": "LineString", "coordinates": [ [ 77.625051300104261, 13.039151899578066 ], [ 77.624909900446397, 13.039337299711468 ], [ 77.624437100217321, 13.040052900025776 ], [ 77.624404999987192, 13.040085099684955 ] ] } },
{ "type": "Feature", "properties": { "OBJECTID": 380244, "SegmentID": 480244 }, "geometry": { "type": "LineString", "coordinates": [ [ 77.589491629049661, 13.039674131014602 ], [ 77.589519121534295, 13.039840488032224 ] ] } },
{ "type": "Feature", "properties": { "OBJECTID": 380261, "SegmentID": 480261 }, "geometry": { "type": "LineString", "coordinates": [ [ 77.517862700308342, 13.040386599664005 ], [ 77.517772799941866, 13.040466499758818 ] ] } },
{ "type": "Feature", "properties": { "OBJECTID": 380420, "SegmentID": 480420 }, "geometry": { "type": "LineString", "coordinates": [ [ 77.517772799941866, 13.040466499758818 ], [ 77.517449900384705, 13.04075340016372 ], [ 77.517389138528188, 13.04080934015108 ] ] } },
{ "type": "Feature", "properties": { "OBJECTID": 380575, "SegmentID": 480575 }, "geometry": { "type": "LineString", "coordinates": [ [ 77.589519121534295, 13.039840488032224 ], [ 77.58959070030248, 13.040273599944667 ] ] } },
{ "type": "Feature", "properties": { "OBJECTID": 381022, "SegmentID": 481022 }, "geometry": { "type": "LineString", "coordinates": [ [ 77.517389138528188, 13.04080934015108 ], [ 77.516865199671159, 13.041291700010108 ], [ 77.516838050822869, 13.041313342173854 ] ] } },
{ "type": "Feature", "properties": { "OBJECTID": 381137, "SegmentID": 481137 }, "geometry": { "type": "LineString", "coordinates": [ [ 77.739776494439923, 13.038633462385036 ], [ 77.740023299682974, 13.038809100140027 ], [ 77.740160099703402, 13.038907999634933 ] ] } },
{ "type": "Feature", "properties": { "OBJECTID": 381316, "SegmentID": 481316 }, "geometry": { "type": "LineString", "coordinates": [ [ 77.58959070030248, 13.040273599944667 ], [ 77.589603000271978, 13.040348000235298 ], [ 77.589647499803135, 13.040532899862495 ], [ 77.589748699565789, 13.040902200233294 ], [ 77.589759095266245, 13.04093325292768 ] ] } },
{ "type": "Feature", "properties": { "OBJECTID": 381638, "SegmentID": 481638 }, "geometry": { "type": "LineString", "coordinates": [ [ 77.624404999987192, 13.040085099684955 ], [ 77.624304299772376, 13.04023099995605 ] ] } },
{ "type": "Feature", "properties": { "OBJECTID": 381689, "SegmentID": 481689 }, "geometry": { "type": "LineString", "coordinates": [ [ 77.740160099703402, 13.038907999634933 ], [ 77.740826857993042, 13.039392098455634 ] ] } },
{ "type": "Feature", "properties": { "OBJECTID": 381932, "SegmentID": 481932 }, "geometry": { "type": "LineString", "coordinates": [ [ 77.624304299772376, 13.04023099995605 ], [ 77.624268000445582, 13.040265199875705 ], [ 77.624216599995307, 13.040335499651558 ] ] } },
{ "type": "Feature", "properties": { "OBJECTID": 381960, "SegmentID": 481960 }, "geometry": { "type": "LineString", "coordinates": [ [ 77.516838050822869, 13.041313342173854 ], [ 77.516688199603635, 13.041432800237942 ], [ 77.516614546416079, 13.041486914844102 ] ] } },
{ "type": "Feature", "properties": { "OBJECTID": 382140, "SegmentID": 482140 }, "geometry": { "type": "LineString", "coordinates": [ [ 77.624216599995307, 13.040335499651558 ], [ 77.623983300172199, 13.040568700311949 ], [ 77.623796400232095, 13.040765699591113 ] ] } },
{ "type": "Feature", "properties": { "OBJECTID": 382296, "SegmentID": 482296 }, "geometry": { "type": "LineString", "coordinates": [ [ 77.516614546416079, 13.041486914844102 ], [ 77.516524600405873, 13.041552999963246 ], [ 77.516463500327447, 13.041593399612918 ] ] } },
{ "type": "Feature", "properties": { "OBJECTID": 382489, "SegmentID": 482489 }, "geometry": { "type": "LineString", "coordinates": [ [ 77.516463500327447, 13.041593399612918 ], [ 77.516374400303974, 13.04165230012228 ], [ 77.516181199892486, 13.041761999942389 ], [ 77.516141356908776, 13.041782068734234 ] ] } },
{ "type": "Feature", "properties": { "OBJECTID": 382591, "SegmentID": 482591 }, "geometry": { "type": "LineString", "coordinates": [ [ 77.589759095266245, 13.04093325292768 ], [ 77.589857299698167, 13.041226599872845 ] ] } },
{ "type": "Feature", "properties": { "OBJECTID": 382616, "SegmentID": 482616 }, "geometry": { "type": "LineString", "coordinates": [ [ 77.740826857993042, 13.039392098455634 ], [ 77.740909499746181, 13.039452099809564 ], [ 77.741709200169836, 13.040032800315606 ], [ 77.74234469961543, 13.040481599584082 ], [ 77.742492500317894, 13.040585999640109 ] ] } },
{ "type": "Feature", "properties": { "OBJECTID": 382814, "SegmentID": 482814 }, "geometry": { "type": "LineString", "coordinates": [ [ 77.516141356908776, 13.041782068734234 ], [ 77.516093397150442, 13.041806225177503 ] ] } },
{ "type": "Feature", "properties": { "OBJECTID": 382855, "SegmentID": 482855 }, "geometry": { "type": "LineString", "coordinates": [ [ 77.516093397150442, 13.041806225177503 ], [ 77.515978100251274, 13.041864299706878 ], [ 77.515773499740817, 13.041947600177902 ], [ 77.515588004323789, 13.042013820612381 ] ] } },
{ "type": "Feature", "properties": { "OBJECTID": 382911, "SegmentID": 482911 }, "geometry": { "type": "LineString", "coordinates": [ [ 77.623796400232095, 13.040765699591113 ], [ 77.623586399955201, 13.040906199609893 ], [ 77.623471800212684, 13.040967100357047 ] ] } },
{ "type": "Feature", "properties": { "OBJECTID": 383095, "SegmentID": 483095 }, "geometry": { "type": "LineString", "coordinates": [ [ 77.589857299698167, 13.041226599872845 ], [ 77.589871300444329, 13.041268299583759 ], [ 77.590008717655991, 13.041788988813273 ] ] } },
{ "type": "Feature", "properties": { "OBJECTID": 383151, "SegmentID": 483151 }, "geometry": { "type": "LineString", "coordinates": [ [ 77.515588004323789, 13.042013820612381 ], [ 77.515538199612337, 13.042031600065254 ] ] } },
{ "type": "Feature", "properties": { "OBJECTID": 383166, "SegmentID": 483166 }, "geometry": { "type": "LineString", "coordinates": [ [ 77.618111100379593, 13.041007199741193 ], [ 77.617409100307299, 13.040907000008522 ], [ 77.617332100213602, 13.040901300351988 ], [ 77.617185200086851, 13.040902899789529 ], [ 77.617051500388015, 13.040913600377246 ], [ 77.616769799621181, 13.040958600447828 ], [ 77.616577399742084, 13.041004100375249 ], [ 77.61625849973079, 13.041107499758484 ], [ 77.615740899907834, 13.041259799965717 ], [ 77.615675400388128, 13.04127979962883 ], [ 77.614742000155601, 13.041618599966956 ] ] } },
{ "type": "Feature", "properties": { "OBJECTID": 383186, "SegmentID": 483186 }, "geometry": { "type": "LineString", "coordinates": [ [ 77.515538199612337, 13.042031600065254 ], [ 77.514805338804138, 13.042276898366262 ] ] } },
{ "type": "Feature", "properties": { "OBJECTID": 383197, "SegmentID": 483197 }, "geometry": { "type": "LineString", "coordinates": [ [ 77.623471800212684, 13.040967100357047 ], [ 77.623290800426219, 13.041025599823019 ], [ 77.623135800428315, 13.041065200062038 ] ] } },
{ "type": "Feature", "properties": { "OBJECTID": 383211, "SegmentID": 483211 }, "geometry": { "type": "LineString", "coordinates": [ [ 77.618538700105645, 13.041023899694357 ], [ 77.618344999794829, 13.041026600298146 ], [ 77.618111100379593, 13.041007199741193 ] ] } },
{ "type": "Feature", "properties": { "OBJECTID": 383261, "SegmentID": 483261 }, "geometry": { "type": "LineString", "coordinates": [ [ 77.619140399572956, 13.041035400434522 ], [ 77.618821600174954, 13.041033100432818 ], [ 77.618538700105645, 13.041023899694357 ] ] } },
{ "type": "Feature", "properties": { "OBJECTID": 383287, "SegmentID": 483287 }, "geometry": { "type": "LineString", "coordinates": [ [ 77.619889099698852, 13.041040799738045 ], [ 77.619140399572956, 13.041035400434522 ] ] } },
{ "type": "Feature", "properties": { "OBJECTID": 383320, "SegmentID": 483320 }, "geometry": { "type": "LineString", "coordinates": [ [ 77.620438799617361, 13.041056099612629 ], [ 77.620136534868919, 13.041047686646856 ], [ 77.619889099698852, 13.041040799738045 ] ] } },
{ "type": "Feature", "properties": { "OBJECTID": 383358, "SegmentID": 483358 }, "geometry": { "type": "LineString", "coordinates": [ [ 77.62109380016976, 13.041076200413471 ], [ 77.620438799617361, 13.041056099612629 ] ] } },
{ "type": "Feature", "properties": { "OBJECTID": 383377, "SegmentID": 483377 }, "geometry": { "type": "LineString", "coordinates": [ [ 77.623135800428315, 13.041065200062038 ], [ 77.623049400074308, 13.041085900269318 ], [ 77.622863299858196, 13.041088200199216 ], [ 77.622809800256078, 13.041088800223228 ], [ 77.622648899697623, 13.041125299854011 ] ] } },
{ "type": "Feature", "properties": { "OBJECTID": 383440, "SegmentID": 483440 }, "geometry": { "type": "LineString", "coordinates": [ [ 77.622147299623478, 13.041112299904224 ], [ 77.62109380016976, 13.041076200413471 ] ] } },
{ "type": "Feature", "properties": { "OBJECTID": 383452, "SegmentID": 483452 }, "geometry": { "type": "LineString", "coordinates": [ [ 77.622273000287905, 13.04111660031684 ], [ 77.622147299623478, 13.041112299904224 ] ] } },
{ "type": "Feature", "properties": { "OBJECTID": 383467, "SegmentID": 483467 }, "geometry": { "type": "LineString", "coordinates": [ [ 77.622547199892793, 13.041125999817032 ], [ 77.622273000287905, 13.04111660031684 ] ] } },
{ "type": "Feature", "properties": { "OBJECTID": 383471, "SegmentID": 483471 }, "geometry": { "type": "LineString", "coordinates": [ [ 77.622648899697623, 13.041125299854011 ], [ 77.622574700427364, 13.041126900087555 ], [ 77.622547199892793, 13.041125999817032 ] ] } },
{ "type": "Feature", "properties": { "OBJECTID": 383564, "SegmentID": 483564 }, "geometry": { "type": "LineString", "coordinates": [ [ 77.514805338804138, 13.042276898366262 ], [ 77.514644299552913, 13.042330800100466 ] ] } },
{ "type": "Feature", "properties": { "OBJECTID": 383639, "SegmentID": 483639 }, "geometry": { "type": "LineString", "coordinates": [ [ 77.514644299552913, 13.042330800100466 ], [ 77.514415160112151, 13.042407542995411 ] ] } },
{ "type": "Feature", "properties": { "OBJECTID": 383755, "SegmentID": 483755 }, "geometry": { "type": "LineString", "coordinates": [ [ 77.514415160112151, 13.042407542995411 ], [ 77.514289494181043, 13.042449630237229 ] ] } },
{ "type": "Feature", "properties": { "OBJECTID": 383834, "SegmentID": 483834 }, "geometry": { "type": "LineString", "coordinates": [ [ 77.514289494181043, 13.042449630237229 ], [ 77.514193495373206, 13.042481781822287 ] ] } },
{ "type": "Feature", "properties": { "OBJECTID": 383882, "SegmentID": 483882 }, "geometry": { "type": "LineString", "coordinates": [ [ 77.514193495373206, 13.042481781822287 ], [ 77.513595725573509, 13.042681982784247 ] ] } },
{ "type": "Feature", "properties": { "OBJECTID": 383962, "SegmentID": 483962 }, "geometry": { "type": "LineString", "coordinates": [ [ 77.590008717655991, 13.041788988813273 ], [ 77.590013974633806, 13.041808906598767 ] ] } },
{ "type": "Feature", "properties": { "OBJECTID": 383991, "SegmentID": 483991 }, "geometry": { "type": "LineString", "coordinates": [ [ 77.590013974633806, 13.041808906598767 ], [ 77.590076600088167, 13.042046199934983 ], [ 77.590182200325756, 13.042385300131205 ], [ 77.5902140685522, 13.042473916938958 ] ] } },
{ "type": "Feature", "properties": { "OBJECTID": 384052, "SegmentID": 484052 }, "geometry": { "type": "LineString", "coordinates": [ [ 77.614742000155601, 13.041618599966956 ], [ 77.614524300086941, 13.041697599917857 ], [ 77.614411599873591, 13.041755699899829 ], [ 77.6139813002913, 13.042018500144344 ], [ 77.613854399756804, 13.042083300378961 ], [ 77.613722100377373, 13.042137399899149 ], [ 77.613584200022288, 13.042179099599156 ] ] } },
{ "type": "Feature", "properties": { "OBJECTID": 384138, "SegmentID": 484138 }, "geometry": { "type": "LineString", "coordinates": [ [ 77.513595725573509, 13.042681982784247 ], [ 77.513378900225234, 13.042754600122086 ] ] } },
{ "type": "Feature", "properties": { "OBJECTID": 384144, "SegmentID": 484144 }, "geometry": { "type": "LineString", "coordinates": [ [ 77.595365010077387, 13.041878208366013 ], [ 77.59445879971635, 13.041895999740317 ], [ 77.594268499934572, 13.041908599630096 ], [ 77.594119299634329, 13.041922500300309 ], [ 77.593899500387877, 13.041966399578918 ] ] } },
{ "type": "Feature", "properties": { "OBJECTID": 384237, "SegmentID": 484237 }, "geometry": { "type": "LineString", "coordinates": [ [ 77.513378900225234, 13.042754600122086 ], [ 77.51293250018702, 13.042905699752797 ] ] } },
{ "type": "Feature", "properties": { "OBJECTID": 384244, "SegmentID": 484244 }, "geometry": { "type": "LineString", "coordinates": [ [ 77.593899500387877, 13.041966399578918 ], [ 77.592341999646294, 13.042415600442208 ], [ 77.592287099644906, 13.042431400341648 ], [ 77.591751000123338, 13.04258600003384 ], [ 77.590579300139808, 13.042923899962762 ], [ 77.590394500172977, 13.04294509970889 ] ] } },
{ "type": "Feature", "properties": { "OBJECTID": 384442, "SegmentID": 484442 }, "geometry": { "type": "LineString", "coordinates": [ [ 77.51293250018702, 13.042905699752797 ], [ 77.512601799665205, 13.043017599863598 ] ] } },
{ "type": "Feature", "properties": { "OBJECTID": 384462, "SegmentID": 484462 }, "geometry": { "type": "LineString", "coordinates": [ [ 77.742492500317894, 13.040585999640109 ], [ 77.743106900376986, 13.041019900119279 ] ] } },
{ "type": "Feature", "properties": { "OBJECTID": 384593, "SegmentID": 484593 }, "geometry": { "type": "LineString", "coordinates": [ [ 77.475266500081474, 13.04335629989899 ], [ 77.475259299613967, 13.04276790006374 ], [ 77.475304499549537, 13.042391099721733 ], [ 77.475588167589436, 13.040349329302979 ] ] } },
{ "type": "Feature", "properties": { "OBJECTID": 384620, "SegmentID": 484620 }, "geometry": { "type": "LineString", "coordinates": [ [ 77.512601799665205, 13.043017599863598 ], [ 77.51202219998153, 13.043213700071931 ] ] } },
{ "type": "Feature", "properties": { "OBJECTID": 384869, "SegmentID": 484869 }, "geometry": { "type": "LineString", "coordinates": [ [ 77.613584200022288, 13.042179099599156 ], [ 77.612930000134966, 13.042337800171941 ] ] } },
{ "type": "Feature", "properties": { "OBJECTID": 384906, "SegmentID": 484906 }, "geometry": { "type": "LineString", "coordinates": [ [ 77.51202219998153, 13.043213700071931 ], [ 77.511771699914675, 13.043298500424267 ], [ 77.511650939387877, 13.043344455518119 ] ] } },
{ "type": "Feature", "properties": { "OBJECTID": 384950, "SegmentID": 484950 }, "geometry": { "type": "LineString", "coordinates": [ [ 77.5902140685522, 13.042473916938958 ], [ 77.590308500442831, 13.042736499588322 ], [ 77.590394500172977, 13.04294509970889 ] ] } },
{ "type": "Feature", "properties": { "OBJECTID": 385070, "SegmentID": 485070 }, "geometry": { "type": "LineString", "coordinates": [ [ 77.612930000134966, 13.042337800171941 ], [ 77.611999099596204, 13.042561900212073 ] ] } },
{ "type": "Feature", "properties": { "OBJECTID": 385076, "SegmentID": 485076 }, "geometry": { "type": "LineString", "coordinates": [ [ 77.511650939387877, 13.043344455518119 ], [ 77.511557800197025, 13.043379899687572 ] ] } },
{ "type": "Feature", "properties": { "OBJECTID": 385121, "SegmentID": 485121 }, "geometry": { "type": "LineString", "coordinates": [ [ 77.743106900376986, 13.041019900119279 ], [ 77.743403199635566, 13.041229200179112 ], [ 77.743611199675286, 13.041376200080441 ], [ 77.743864299830378, 13.041554900024915 ], [ 77.744103500441085, 13.041723799565677 ], [ 77.744296600242407, 13.041860199898682 ] ] } },
{ "type": "Feature", "properties": { "OBJECTID": 385132, "SegmentID": 485132 }, "geometry": { "type": "LineString", "coordinates": [ [ 77.511557800197025, 13.043379899687572 ], [ 77.511403666642934, 13.043446371442901 ] ] } },
{ "type": "Feature", "properties": { "OBJECTID": 385219, "SegmentID": 485219 }, "geometry": { "type": "LineString", "coordinates": [ [ 77.511403666642934, 13.043446371442901 ], [ 77.511334500152472, 13.043476199927541 ], [ 77.511174049267481, 13.04355032033023 ] ] } },
{ "type": "Feature", "properties": { "OBJECTID": 385326, "SegmentID": 485326 }, "geometry": { "type": "LineString", "coordinates": [ [ 77.597962099770058, 13.042678799593624 ], [ 77.597436599746558, 13.042278899762531 ], [ 77.597225500026568, 13.04213660002792 ], [ 77.59706050039533, 13.042045699679692 ], [ 77.596886499624716, 13.041965699962869 ], [ 77.596738899838201, 13.041911500029 ], [ 77.596592099751604, 13.041878999574241 ], [ 77.596441099898399, 13.041865499631932 ], [ 77.596306899538419, 13.041862899873419 ], [ 77.596226499608107, 13.041861299749661 ], [ 77.595665899878639, 13.041872299584387 ], [ 77.595365010077387, 13.041878208366013 ] ] } },
{ "type": "Feature", "properties": { "OBJECTID": 385348, "SegmentID": 485348 }, "geometry": { "type": "LineString", "coordinates": [ [ 77.511174049267481, 13.04355032033023 ], [ 77.511074300332936, 13.043596400154732 ], [ 77.510937855146167, 13.043664071513909 ] ] } },
{ "type": "Feature", "properties": { "OBJECTID": 385361, "SegmentID": 485361 }, "geometry": { "type": "LineString", "coordinates": [ [ 77.611999099596204, 13.042561900212073 ], [ 77.611553900178194, 13.042669000400196 ] ] } },
{ "type": "Feature", "properties": { "OBJECTID": 385497, "SegmentID": 485497 }, "geometry": { "type": "LineString", "coordinates": [ [ 77.510937855146167, 13.043664071513909 ], [ 77.510678500209394, 13.043792699940649 ] ] } },
{ "type": "Feature", "properties": { "OBJECTID": 385504, "SegmentID": 485504 }, "geometry": { "type": "LineString", "coordinates": [ [ 77.611553900178194, 13.042669000400196 ], [ 77.611359399957152, 13.042715799988391 ], [ 77.611109799890343, 13.042769200220652 ] ] } },
{ "type": "Feature", "properties": { "OBJECTID": 385586, "SegmentID": 485586 }, "geometry": { "type": "LineString", "coordinates": [ [ 77.590394500172977, 13.04294509970889 ], [ 77.590222300283187, 13.042944799776764 ], [ 77.589746099593881, 13.042877900274283 ], [ 77.588986999622236, 13.042692399826652 ], [ 77.588627600215972, 13.042611399551143 ], [ 77.588292400218663, 13.042619200107849 ], [ 77.587980399966781, 13.042667400194203 ], [ 77.587957599872908, 13.042671800279216 ], [ 77.586878500283518, 13.042858000162036 ], [ 77.585677700293886, 13.043128699708543 ], [ 77.585437600337073, 13.043187699974231 ], [ 77.585278200241902, 13.043237799891589 ], [ 77.585096300282487, 13.043311900244747 ], [ 77.584935600285164, 13.043389000424849 ], [ 77.584768300403027, 13.043485499997708 ], [ 77.584333571778288, 13.043772900798171 ] ] } },
{ "type": "Feature", "properties": { "OBJECTID": 385587, "SegmentID": 485587 }, "geometry": { "type": "LineString", "coordinates": [ [ 77.590394500172977, 13.04294509970889 ], [ 77.590716000130982, 13.043621999945689 ], [ 77.590784199613708, 13.043825900398573 ], [ 77.590842999562639, 13.043961000040309 ], [ 77.590916299610029, 13.0441557002819 ], [ 77.590996199948222, 13.044413700256758 ], [ 77.591071100377746, 13.044682999788574 ], [ 77.591132800034444, 13.044950000332099 ], [ 77.591197399893545, 13.045289800198402 ], [ 77.591230185343747, 13.045497488090932 ], [ 77.591267000139666, 13.045730700039599 ] ] } },
{ "type": "Feature", "properties": { "OBJECTID": 385642, "SegmentID": 485642 }, "geometry": { "type": "LineString", "coordinates": [ [ 77.611109799890343, 13.042769200220652 ], [ 77.610664700300774, 13.042864399957168 ], [ 77.610600765738525, 13.042874610393765 ] ] } },
{ "type": "Feature", "properties": { "OBJECTID": 385679, "SegmentID": 485679 }, "geometry": { "type": "LineString", "coordinates": [ [ 77.510678500209394, 13.043792699940649 ], [ 77.510546599824224, 13.043858099944384 ], [ 77.51046914355247, 13.043899203732288 ] ] } },
{ "type": "Feature", "properties": { "OBJECTID": 385771, "SegmentID": 485771 }, "geometry": { "type": "LineString", "coordinates": [ [ 77.610600765738525, 13.042874610393765 ], [ 77.610097999542447, 13.042954900047897 ], [ 77.609802999731244, 13.04302919964552 ], [ 77.608892099608994, 13.043255700400898 ] ] } },
{ "type": "Feature", "properties": { "OBJECTID": 385819, "SegmentID": 485819 }, "geometry": { "type": "LineString", "coordinates": [ [ 77.51046914355247, 13.043899203732288 ], [ 77.510279199881822, 13.043999999670216 ] ] } },
{ "type": "Feature", "properties": { "OBJECTID": 385956, "SegmentID": 485956 }, "geometry": { "type": "LineString", "coordinates": [ [ 77.510279199881822, 13.043999999670216 ], [ 77.510216874899427, 13.044033070994574 ] ] } },
{ "type": "Feature", "properties": { "OBJECTID": 385998, "SegmentID": 485998 }, "geometry": { "type": "LineString", "coordinates": [ [ 77.510216874899427, 13.044033070994574 ], [ 77.510006499628375, 13.044144699887292 ] ] } },
{ "type": "Feature", "properties": { "OBJECTID": 386111, "SegmentID": 486111 }, "geometry": { "type": "LineString", "coordinates": [ [ 77.560089410815849, 13.043636834551856 ], [ 77.558417999671576, 13.043635799855791 ], [ 77.558259700116309, 13.043640999556674 ], [ 77.558093400358089, 13.043656699592846 ], [ 77.557211000002638, 13.04377689969686 ], [ 77.556968200160867, 13.043816300090649 ] ] } },
{ "type": "Feature", "properties": { "OBJECTID": 386136, "SegmentID": 486136 }, "geometry": { "type": "LineString", "coordinates": [ [ 77.510006499628375, 13.044144699887292 ], [ 77.50996675633138, 13.044165798686112 ] ] } },
{ "type": "Feature", "properties": { "OBJECTID": 386170, "SegmentID": 486170 }, "geometry": { "type": "LineString", "coordinates": [ [ 77.50996675633138, 13.044165798686112 ], [ 77.509698699894372, 13.044308100015677 ] ] } },
{ "type": "Feature", "properties": { "OBJECTID": 386189, "SegmentID": 486189 }, "geometry": { "type": "LineString", "coordinates": [ [ 77.561178800299629, 13.04368510010036 ], [ 77.561121900137735, 13.043672099768326 ], [ 77.56099400010838, 13.043651999926244 ], [ 77.560731499749508, 13.043637200052421 ], [ 77.560520799994464, 13.043637099652996 ], [ 77.560089410815849, 13.043636834551856 ] ] } },
{ "type": "Feature", "properties": { "OBJECTID": 386257, "SegmentID": 486257 }, "geometry": { "type": "LineString", "coordinates": [ [ 77.608892099608994, 13.043255700400898 ], [ 77.608211099628079, 13.04341659989271 ] ] } },
{ "type": "Feature", "properties": { "OBJECTID": 386269, "SegmentID": 486269 }, "geometry": { "type": "LineString", "coordinates": [ [ 77.744296600242407, 13.041860199898682 ], [ 77.74447569971916, 13.041986699882742 ], [ 77.744952100185685, 13.042323199585843 ], [ 77.745034999761344, 13.042382600303627 ], [ 77.745197800401471, 13.042499100145989 ], [ 77.745735565176872, 13.042884089023053 ] ] } },
{ "type": "Feature", "properties": { "OBJECTID": 386312, "SegmentID": 486312 }, "geometry": { "type": "LineString", "coordinates": [ [ 77.556968200160867, 13.043816300090649 ], [ 77.555507499622564, 13.044050800362109 ], [ 77.55528250036555, 13.04407979995276 ], [ 77.555108099888315, 13.044092900303657 ], [ 77.554982099736137, 13.04409549968427 ], [ 77.554815800051188, 13.044087699709484 ], [ 77.554701799650047, 13.044074699752104 ], [ 77.553772099812633, 13.043845999796105 ] ] } },
{ "type": "Feature", "properties": { "OBJECTID": 386344, "SegmentID": 486344 }, "geometry": { "type": "LineString", "coordinates": [ [ 77.509698699894372, 13.044308100015677 ], [ 77.508874619333895, 13.044736131719384 ] ] } },
{ "type": "Feature", "properties": { "OBJECTID": 386445, "SegmentID": 486445 }, "geometry": { "type": "LineString", "coordinates": [ [ 77.608211099628079, 13.04341659989271 ], [ 77.607693899683426, 13.043519199754767 ], [ 77.607409899688435, 13.04356260008646 ], [ 77.6071705002919, 13.043599100298012 ], [ 77.606839500311125, 13.043638199915648 ], [ 77.606652000334165, 13.043651799920051 ], [ 77.60645779973855, 13.043660500270164 ], [ 77.606257699881667, 13.043662599862692 ], [ 77.603945699766655, 13.043631099722289 ], [ 77.60367489988036, 13.043627399615362 ], [ 77.601618100016665, 13.043627899901756 ], [ 77.600871799987175, 13.043645800015508 ] ] } },
{ "type": "Feature", "properties": { "OBJECTID": 386592, "SegmentID": 486592 }, "geometry": { "type": "LineString", "coordinates": [ [ 77.584333571778288, 13.043772900798171 ], [ 77.583426600422399, 13.044372499721831 ], [ 77.582545400057413, 13.044926499928092 ], [ 77.582345699829474, 13.045063999887985 ], [ 77.582192399620823, 13.045175600335833 ], [ 77.581190199814586, 13.046033200006182 ], [ 77.581026700052391, 13.046163499911898 ] ] } },
{ "type": "Feature", "properties": { "OBJECTID": 386647, "SegmentID": 486647 }, "geometry": { "type": "LineString", "coordinates": [ [ 77.600871799987175, 13.043645800015508 ], [ 77.600169899695231, 13.043662699830533 ] ] } },
{ "type": "Feature", "properties": { "OBJECTID": 386657, "SegmentID": 486657 }, "geometry": { "type": "LineString", "coordinates": [ [ 77.600169899695231, 13.043662699830533 ], [ 77.600120899645944, 13.043663800228543 ], [ 77.600022499865773, 13.043666200153233 ], [ 77.599805800059443, 13.043658800302135 ], [ 77.599634999916503, 13.043639399649189 ], [ 77.599445900336789, 13.043607199561746 ], [ 77.599285500147559, 13.043564199652833 ], [ 77.599175300097855, 13.043518099834143 ], [ 77.599117300091493, 13.04349380023209 ], [ 77.598969900272962, 13.043421199707938 ], [ 77.598805099784244, 13.043320299609215 ], [ 77.598579700019783, 13.043148700384124 ], [ 77.598244599653569, 13.042893799649939 ], [ 77.597962099770058, 13.042678799593624 ] ] } },
{ "type": "Feature", "properties": { "OBJECTID": 386873, "SegmentID": 486873 }, "geometry": { "type": "LineString", "coordinates": [ [ 77.508874619333895, 13.044736131719384 ], [ 77.508858699564271, 13.04474440028021 ], [ 77.508771399882193, 13.044784499554934 ] ] } },
{ "type": "Feature", "properties": { "OBJECTID": 386935, "SegmentID": 486935 }, "geometry": { "type": "LineString", "coordinates": [ [ 77.508771399882193, 13.044784499554934 ], [ 77.508644299837229, 13.044842899897221 ], [ 77.508351800435264, 13.04496120017143 ], [ 77.508016499757616, 13.045083999705678 ], [ 77.507825400175975, 13.045141200439087 ] ] } },
{ "type": "Feature", "properties": { "OBJECTID": 387449, "SegmentID": 487449 }, "geometry": { "type": "LineString", "coordinates": [ [ 77.507825400175975, 13.045141200439087 ], [ 77.507244300265427, 13.045306700343124 ] ] } },
{ "type": "Feature", "properties": { "OBJECTID": 387617, "SegmentID": 487617 }, "geometry": { "type": "LineString", "coordinates": [ [ 77.745735565176872, 13.042884089023053 ], [ 77.746010200045518, 13.043080700221799 ], [ 77.746249983894614, 13.043252355204423 ] ] } },
{ "type": "Feature", "properties": { "OBJECTID": 387620, "SegmentID": 487620 }, "geometry": { "type": "LineString", "coordinates": [ [ 77.507244300265427, 13.045306700343124 ], [ 77.506941978255483, 13.04539131487279 ] ] } },
{ "type": "Feature", "properties": { "OBJECTID": 387749, "SegmentID": 487749 }, "geometry": { "type": "LineString", "coordinates": [ [ 77.506941978255483, 13.04539131487279 ], [ 77.506621413275226, 13.045481035244894 ] ] } },
{ "type": "Feature", "properties": { "OBJECTID": 387859, "SegmentID": 487859 }, "geometry": { "type": "LineString", "coordinates": [ [ 77.506621413275226, 13.045481035244894 ], [ 77.506513191149494, 13.045511325027276 ] ] } },
{ "type": "Feature", "properties": { "OBJECTID": 387884, "SegmentID": 487884 }, "geometry": { "type": "LineString", "coordinates": [ [ 77.506513191149494, 13.045511325027276 ], [ 77.506029499765319, 13.045646699788067 ] ] } },
{ "type": "Feature", "properties": { "OBJECTID": 388029, "SegmentID": 488029 }, "geometry": { "type": "LineString", "coordinates": [ [ 77.506029499765319, 13.045646699788067 ], [ 77.505539800126428, 13.045783799752906 ] ] } },
{ "type": "Feature", "properties": { "OBJECTID": 388085, "SegmentID": 488085 }, "geometry": { "type": "LineString", "coordinates": [ [ 77.746249983894614, 13.043252355204423 ], [ 77.746674146112809, 13.043556001039336 ] ] } },
{ "type": "Feature", "properties": { "OBJECTID": 388216, "SegmentID": 488216 }, "geometry": { "type": "LineString", "coordinates": [ [ 77.505539800126428, 13.045783799752906 ], [ 77.505430519911698, 13.045814380356887 ] ] } },
{ "type": "Feature", "properties": { "OBJECTID": 388242, "SegmentID": 488242 }, "geometry": { "type": "LineString", "coordinates": [ [ 77.505430519911698, 13.045814380356887 ], [ 77.505269999606298, 13.045859300318845 ], [ 77.505187099734286, 13.045886200264157 ] ] } },
{ "type": "Feature", "properties": { "OBJECTID": 388318, "SegmentID": 488318 }, "geometry": { "type": "LineString", "coordinates": [ [ 77.505187099734286, 13.045886200264157 ], [ 77.505159425532725, 13.045895192299964 ] ] } },
{ "type": "Feature", "properties": { "OBJECTID": 388322, "SegmentID": 488322 }, "geometry": { "type": "LineString", "coordinates": [ [ 77.505159425532725, 13.045895192299964 ], [ 77.504746999820469, 13.046029199937085 ], [ 77.50444919990538, 13.046131799863021 ], [ 77.50417786905804, 13.046228745853021 ] ] } },
{ "type": "Feature", "properties": { "OBJECTID": 388467, "SegmentID": 488467 }, "geometry": { "type": "LineString", "coordinates": [ [ 77.746674146112809, 13.043556001039336 ], [ 77.746730300136306, 13.04359620016605 ], [ 77.747134000404273, 13.043885199774746 ], [ 77.747413099676052, 13.04409199997701 ], [ 77.747680399937764, 13.044290000209621 ], [ 77.747903499579238, 13.04444809980544 ] ] } },
{ "type": "Feature", "properties": { "OBJECTID": 388788, "SegmentID": 488788 }, "geometry": { "type": "LineString", "coordinates": [ [ 77.50417786905804, 13.046228745853021 ], [ 77.502987482656806, 13.046654065520046 ] ] } },
{ "type": "Feature", "properties": { "OBJECTID": 389267, "SegmentID": 489267 }, "geometry": { "type": "LineString", "coordinates": [ [ 77.591267000139666, 13.045730700039599 ], [ 77.591312199973245, 13.04601709978046 ], [ 77.59135649994397, 13.046246399828959 ], [ 77.591528399784039, 13.046461300206376 ], [ 77.592031600300245, 13.047613299599119 ], [ 77.592248999854419, 13.04811120041593 ], [ 77.592544999881454, 13.048788900015079 ], [ 77.592589007395276, 13.048899200651681 ], [ 77.592605853799256, 13.048941422606719 ], [ 77.592639200328037, 13.049024999976602 ], [ 77.592687299783066, 13.0491668001614 ], [ 77.592733500136717, 13.049303299959149 ], [ 77.592798638843306, 13.049520105623131 ] ] } },
{ "type": "Feature", "properties": { "OBJECTID": 389327, "SegmentID": 489327 }, "geometry": { "type": "LineString", "coordinates": [ [ 77.502987482656806, 13.046654065520046 ], [ 77.502679848988961, 13.046763980377655 ] ] } },
{ "type": "Feature", "properties": { "OBJECTID": 389465, "SegmentID": 489465 }, "geometry": { "type": "LineString", "coordinates": [ [ 77.502679848988961, 13.046763980377655 ], [ 77.502473498965941, 13.046837708063377 ] ] } },
{ "type": "Feature", "properties": { "OBJECTID": 389550, "SegmentID": 489550 }, "geometry": { "type": "LineString", "coordinates": [ [ 77.502473498965941, 13.046837708063377 ], [ 77.502283004854391, 13.046905769152463 ] ] } },
{ "type": "Feature", "properties": { "OBJECTID": 389625, "SegmentID": 489625 }, "geometry": { "type": "LineString", "coordinates": [ [ 77.56511609964042, 13.046279447580128 ], [ 77.565097599975374, 13.046270000235786 ], [ 77.56383869975248, 13.045449099749195 ], [ 77.562682600168941, 13.04460190031131 ], [ 77.562419999925794, 13.044432500270808 ], [ 77.561897499902145, 13.044010900041034 ], [ 77.561751699665592, 13.043917600414471 ], [ 77.561610100141991, 13.043840899775599 ], [ 77.561482899615356, 13.043786099823347 ], [ 77.561347199947718, 13.043732700258238 ], [ 77.561240299649015, 13.043698999905523 ], [ 77.561178800299629, 13.04368510010036 ] ] } },
{ "type": "Feature", "properties": { "OBJECTID": 389631, "SegmentID": 489631 }, "geometry": { "type": "LineString", "coordinates": [ [ 77.502283004854391, 13.046905769152463 ], [ 77.502034120042438, 13.046994692629797 ] ] } },
{ "type": "Feature", "properties": { "OBJECTID": 389675, "SegmentID": 489675 }, "geometry": { "type": "LineString", "coordinates": [ [ 77.581026700052391, 13.046163499911898 ], [ 77.580749699589489, 13.046385999587462 ], [ 77.58035031079686, 13.046687359598954 ] ] } },
{ "type": "Feature", "properties": { "OBJECTID": 389680, "SegmentID": 489680 }, "geometry": { "type": "LineString", "coordinates": [ [ 77.747903499579238, 13.04444809980544 ], [ 77.748157999803212, 13.044628400033474 ], [ 77.748482700169859, 13.044858399608087 ], [ 77.749009183149894, 13.045231376885869 ] ] } },
{ "type": "Feature", "properties": { "OBJECTID": 389747, "SegmentID": 489747 }, "geometry": { "type": "LineString", "coordinates": [ [ 77.502034120042438, 13.046994692629797 ], [ 77.501538699544454, 13.047171700388025 ] ] } },
{ "type": "Feature", "properties": { "OBJECTID": 389955, "SegmentID": 489955 }, "geometry": { "type": "LineString", "coordinates": [ [ 77.501538699544454, 13.047171700388025 ], [ 77.501425299768798, 13.047212099588803 ] ] } },
{ "type": "Feature", "properties": { "OBJECTID": 390015, "SegmentID": 490015 }, "geometry": { "type": "LineString", "coordinates": [ [ 77.501425299768798, 13.047212099588803 ], [ 77.501244600195506, 13.047276699803144 ] ] } },
{ "type": "Feature", "properties": { "OBJECTID": 390100, "SegmentID": 490100 }, "geometry": { "type": "LineString", "coordinates": [ [ 77.501244600195506, 13.047276699803144 ], [ 77.501110099897247, 13.047324800049457 ] ] } },
{ "type": "Feature", "properties": { "OBJECTID": 390154, "SegmentID": 490154 }, "geometry": { "type": "LineString", "coordinates": [ [ 77.501110099897247, 13.047324800049457 ], [ 77.500392900307716, 13.04758099956649 ] ] } },
{ "type": "Feature", "properties": { "OBJECTID": 390388, "SegmentID": 490388 }, "geometry": { "type": "LineString", "coordinates": [ [ 77.58035031079686, 13.046687359598954 ], [ 77.58001920024428, 13.04693719985041 ], [ 77.579753599889557, 13.047135399974215 ], [ 77.579565900435867, 13.047263400061837 ], [ 77.579399600410213, 13.047362700300898 ], [ 77.579238599684317, 13.04743889995633 ], [ 77.579040200096458, 13.047509400370133 ] ] } },
{ "type": "Feature", "properties": { "OBJECTID": 390538, "SegmentID": 490538 }, "geometry": { "type": "LineString", "coordinates": [ [ 77.500392900307716, 13.04758099956649 ], [ 77.500028199719125, 13.04771130025668 ] ] } },
{ "type": "Feature", "properties": { "OBJECTID": 390547, "SegmentID": 490547 }, "geometry": { "type": "LineString", "coordinates": [ [ 77.568633999790919, 13.0469179999026 ], [ 77.567900999730142, 13.046864099988934 ], [ 77.567136399643758, 13.046772700409548 ], [ 77.566178999741823, 13.046675900304313 ], [ 77.566044900230935, 13.046655000209004 ], [ 77.565926899937338, 13.046628900020309 ], [ 77.565795400069419, 13.04658969994316 ], [ 77.565457499814727, 13.046453799682848 ], [ 77.56511609964042, 13.046279447580128 ] ] } },
{ "type": "Feature", "properties": { "OBJECTID": 390746, "SegmentID": 490746 }, "geometry": { "type": "LineString", "coordinates": [ [ 77.500028199719125, 13.04771130025668 ], [ 77.499676227043778, 13.04783775603045 ] ] } },
{ "type": "Feature", "properties": { "OBJECTID": 390755, "SegmentID": 490755 }, "geometry": { "type": "LineString", "coordinates": [ [ 77.569757052135813, 13.047034421252796 ], [ 77.569286199782297, 13.046963800320365 ], [ 77.569094500080638, 13.046945100149715 ], [ 77.568633999790919, 13.0469179999026 ] ] } },
{ "type": "Feature", "properties": { "OBJECTID": 390805, "SegmentID": 490805 }, "geometry": { "type": "LineString", "coordinates": [ [ 77.749009183149894, 13.045231376885869 ], [ 77.749126799798205, 13.045314700188522 ], [ 77.749265815431116, 13.045418792051205 ] ] } },
{ "type": "Feature", "properties": { "OBJECTID": 390889, "SegmentID": 490889 }, "geometry": { "type": "LineString", "coordinates": [ [ 77.570987999931518, 13.047137699722992 ], [ 77.570143300231095, 13.047088700109656 ], [ 77.569979600340446, 13.047067799909529 ], [ 77.569757052135813, 13.047034421252796 ] ] } },
{ "type": "Feature", "properties": { "OBJECTID": 390896, "SegmentID": 490896 }, "geometry": { "type": "LineString", "coordinates": [ [ 77.499676227043778, 13.04783775603045 ], [ 77.499175100091563, 13.048017800089417 ], [ 77.498506656999709, 13.048260030340682 ] ] } },
{ "type": "Feature", "properties": { "OBJECTID": 391045, "SegmentID": 491045 }, "geometry": { "type": "LineString", "coordinates": [ [ 77.749265815431116, 13.045418792051205 ], [ 77.7492907996307, 13.045437500025807 ], [ 77.749562200369908, 13.045640699780723 ], [ 77.749726000311384, 13.045763299940347 ] ] } },
{ "type": "Feature", "properties": { "OBJECTID": 391116, "SegmentID": 491116 }, "geometry": { "type": "LineString", "coordinates": [ [ 77.573788784991194, 13.047290846903801 ], [ 77.573730699979279, 13.047287399964823 ], [ 77.572758400293097, 13.047245100147887 ], [ 77.57263169957109, 13.047233499668483 ], [ 77.570987999931518, 13.047137699722992 ] ] } },
{ "type": "Feature", "properties": { "OBJECTID": 391221, "SegmentID": 491221 }, "geometry": { "type": "LineString", "coordinates": [ [ 77.575111204329417, 13.047369330622656 ], [ 77.573788784991194, 13.047290846903801 ] ] } },
{ "type": "Feature", "properties": { "OBJECTID": 391293, "SegmentID": 491293 }, "geometry": { "type": "LineString", "coordinates": [ [ 77.575607721972844, 13.047398796050514 ], [ 77.575111204329417, 13.047369330622656 ] ] } },
{ "type": "Feature", "properties": { "OBJECTID": 391329, "SegmentID": 491329 }, "geometry": { "type": "LineString", "coordinates": [ [ 77.57591086492134, 13.047422131046082 ], [ 77.575754400047416, 13.047407500241055 ], [ 77.575607721972844, 13.047398796050514 ] ] } },
{ "type": "Feature", "properties": { "OBJECTID": 391400, "SegmentID": 491400 }, "geometry": { "type": "LineString", "coordinates": [ [ 77.576388454550241, 13.047472089176221 ], [ 77.576114800269337, 13.047441200135294 ], [ 77.57591086492134, 13.047422131046082 ] ] } },
{ "type": "Feature", "properties": { "OBJECTID": 391431, "SegmentID": 491431 }, "geometry": { "type": "LineString", "coordinates": [ [ 77.498506656999709, 13.048260030340682 ], [ 77.497376699808513, 13.048669499982692 ] ] } },
{ "type": "Feature", "properties": { "OBJECTID": 391432, "SegmentID": 491432 }, "geometry": { "type": "LineString", "coordinates": [ [ 77.57659072228995, 13.047494920153921 ], [ 77.576388454550241, 13.047472089176221 ] ] } },
{ "type": "Feature", "properties": { "OBJECTID": 391475, "SegmentID": 491475 }, "geometry": { "type": "LineString", "coordinates": [ [ 77.579040200096458, 13.047509400370133 ], [ 77.578809499767118, 13.04758259961109 ], [ 77.578688599965275, 13.047612499912059 ] ] } },
{ "type": "Feature", "properties": { "OBJECTID": 391480, "SegmentID": 491480 }, "geometry": { "type": "LineString", "coordinates": [ [ 77.576921000200272, 13.047532200206886 ], [ 77.57659072228995, 13.047494920153921 ] ] } },
{ "type": "Feature", "properties": { "OBJECTID": 391496, "SegmentID": 491496 }, "geometry": { "type": "LineString", "coordinates": [ [ 77.749726000311384, 13.045763299940347 ], [ 77.749985499666636, 13.045957599573889 ], [ 77.750392500094605, 13.046240099638569 ] ] } },
{ "type": "Feature", "properties": { "OBJECTID": 391527, "SegmentID": 491527 }, "geometry": { "type": "LineString", "coordinates": [ [ 77.577218999939632, 13.047565900343473 ], [ 77.576921000200272, 13.047532200206886 ] ] } },
{ "type": "Feature", "properties": { "OBJECTID": 391595, "SegmentID": 491595 }, "geometry": { "type": "LineString", "coordinates": [ [ 77.577581999853265, 13.047606900022537 ], [ 77.577218999939632, 13.047565900343473 ] ] } },
{ "type": "Feature", "properties": { "OBJECTID": 391608, "SegmentID": 491608 }, "geometry": { "type": "LineString", "coordinates": [ [ 77.578688599965275, 13.047612499912059 ], [ 77.578518100424631, 13.047654699831329 ], [ 77.578316400265379, 13.047675500047568 ] ] } },
{ "type": "Feature", "properties": { "OBJECTID": 391635, "SegmentID": 491635 }, "geometry": { "type": "LineString", "coordinates": [ [ 77.577886360158487, 13.047641349977795 ], [ 77.577581999853265, 13.047606900022537 ] ] } },
{ "type": "Feature", "properties": { "OBJECTID": 391694, "SegmentID": 491694 }, "geometry": { "type": "LineString", "coordinates": [ [ 77.578316400265379, 13.047675500047568 ], [ 77.578132199994556, 13.047666699727948 ], [ 77.578036999616657, 13.047658399995459 ], [ 77.577886360158487, 13.047641349977795 ] ] } },
{ "type": "Feature", "properties": { "OBJECTID": 391965, "SegmentID": 491965 }, "geometry": { "type": "LineString", "coordinates": [ [ 77.497376699808513, 13.048669499982692 ], [ 77.497316099694288, 13.048691499606516 ], [ 77.49688279985233, 13.048848500025127 ], [ 77.496842405932739, 13.048864765195336 ], [ 77.496641900177877, 13.048945500407813 ] ] } },
{ "type": "Feature", "properties": { "OBJECTID": 392119, "SegmentID": 492119 }, "geometry": { "type": "LineString", "coordinates": [ [ 77.750392500094605, 13.046240099638569 ], [ 77.750515599717744, 13.046325500195685 ], [ 77.751593299805293, 13.047101400336128 ], [ 77.751795299675706, 13.04724679977825 ], [ 77.752233700008418, 13.04754780001951 ], [ 77.752749499643059, 13.047901999842775 ], [ 77.752946000007228, 13.048036900401719 ], [ 77.753879600093157, 13.048703500235749 ], [ 77.754522300096951, 13.049159100117008 ], [ 77.754936099647992, 13.04945180020364 ], [ 77.755451299903342, 13.049816100450643 ] ] } },
{ "type": "Feature", "properties": { "OBJECTID": 392309, "SegmentID": 492309 }, "geometry": { "type": "LineString", "coordinates": [ [ 77.496641900177877, 13.048945500407813 ], [ 77.496011039111735, 13.049163210113338 ] ] } },
{ "type": "Feature", "properties": { "OBJECTID": 392655, "SegmentID": 492655 }, "geometry": { "type": "LineString", "coordinates": [ [ 77.496011039111735, 13.049163210113338 ], [ 77.495555258068705, 13.04932049869744 ], [ 77.495360550299026, 13.04938650437969 ] ] } },
{ "type": "Feature", "properties": { "OBJECTID": 392904, "SegmentID": 492904 }, "geometry": { "type": "LineString", "coordinates": [ [ 77.495360550299026, 13.04938650437969 ], [ 77.494381365376753, 13.04972492363847 ], [ 77.493959391134553, 13.049870761711157 ] ] } },
{ "type": "Feature", "properties": { "OBJECTID": 393525, "SegmentID": 493525 }, "geometry": { "type": "LineString", "coordinates": [ [ 77.493959391134553, 13.049870761711157 ], [ 77.493813596483079, 13.049921149465481 ] ] } },
{ "type": "Feature", "properties": { "OBJECTID": 393587, "SegmentID": 493587 }, "geometry": { "type": "LineString", "coordinates": [ [ 77.493813596483079, 13.049921149465481 ], [ 77.493263810938544, 13.050111159174687 ] ] } },
{ "type": "Feature", "properties": { "OBJECTID": 393877, "SegmentID": 493877 }, "geometry": { "type": "LineString", "coordinates": [ [ 77.493263810938544, 13.050111159174687 ], [ 77.493078799672332, 13.050175100251586 ] ] } },
{ "type": "Feature", "properties": { "OBJECTID": 393967, "SegmentID": 493967 }, "geometry": { "type": "LineString", "coordinates": [ [ 77.493078799672332, 13.050175100251586 ], [ 77.492175600361449, 13.050520399805309 ] ] } },
{ "type": "Feature", "properties": { "OBJECTID": 394423, "SegmentID": 494423 }, "geometry": { "type": "LineString", "coordinates": [ [ 77.492175600361449, 13.050520399805309 ], [ 77.491816214750386, 13.050653706484159 ], [ 77.491453899801243, 13.050788099841968 ] ] } },
{ "type": "Feature", "properties": { "OBJECTID": 394506, "SegmentID": 494506 }, "geometry": { "type": "LineString", "coordinates": [ [ 77.592827600245144, 13.049616499611263 ], [ 77.592798638843306, 13.049520105623131 ] ] } },
{ "type": "Feature", "properties": { "OBJECTID": 394770, "SegmentID": 494770 }, "geometry": { "type": "LineString", "coordinates": [ [ 77.491453899801243, 13.050788099841968 ], [ 77.49080079988579, 13.051030399739972 ] ] } },
{ "type": "Feature", "properties": { "OBJECTID": 395104, "SegmentID": 495104 }, "geometry": { "type": "LineString", "coordinates": [ [ 77.592926338471869, 13.050003819868113 ], [ 77.592858499616966, 13.04973640041745 ], [ 77.592855103797319, 13.049723222681294 ], [ 77.592827600245144, 13.049616499611263 ] ] } },
{ "type": "Feature", "properties": { "OBJECTID": 395136, "SegmentID": 495136 }, "geometry": { "type": "LineString", "coordinates": [ [ 77.49080079988579, 13.051030399739972 ], [ 77.49016407643488, 13.051246391532645 ] ] } },
{ "type": "Feature", "properties": { "OBJECTID": 395398, "SegmentID": 495398 }, "geometry": { "type": "LineString", "coordinates": [ [ 77.49016407643488, 13.051246391532645 ], [ 77.489968899888353, 13.051312599631126 ] ] } },
{ "type": "Feature", "properties": { "OBJECTID": 395474, "SegmentID": 495474 }, "geometry": { "type": "LineString", "coordinates": [ [ 77.489968899888353, 13.051312599631126 ], [ 77.48987960037995, 13.051344399595177 ] ] } },
{ "type": "Feature", "properties": { "OBJECTID": 395506, "SegmentID": 495506 }, "geometry": { "type": "LineString", "coordinates": [ [ 77.48987960037995, 13.051344399595177 ], [ 77.489697300333262, 13.051409199677645 ] ] } },
{ "type": "Feature", "properties": { "OBJECTID": 395588, "SegmentID": 495588 }, "geometry": { "type": "LineString", "coordinates": [ [ 77.489697300333262, 13.051409199677645 ], [ 77.489677578861176, 13.051416369039693 ] ] } },
{ "type": "Feature", "properties": { "OBJECTID": 395604, "SegmentID": 495604 }, "geometry": { "type": "LineString", "coordinates": [ [ 77.489677578861176, 13.051416369039693 ], [ 77.489413666448044, 13.0515123003228 ] ] } },
{ "type": "Feature", "properties": { "OBJECTID": 395727, "SegmentID": 495727 }, "geometry": { "type": "LineString", "coordinates": [ [ 77.489413666448044, 13.0515123003228 ], [ 77.488589859795098, 13.051811751986136 ] ] } },
{ "type": "Feature", "properties": { "OBJECTID": 396077, "SegmentID": 496077 }, "geometry": { "type": "LineString", "coordinates": [ [ 77.488589859795098, 13.051811751986136 ], [ 77.488520400022836, 13.051837000006412 ], [ 77.488315321130059, 13.051910483285761 ] ] } },
{ "type": "Feature", "properties": { "OBJECTID": 396194, "SegmentID": 496194 }, "geometry": { "type": "LineString", "coordinates": [ [ 77.488315321130059, 13.051910483285761 ], [ 77.48741829988748, 13.052231899923182 ] ] } },
{ "type": "Feature", "properties": { "OBJECTID": 396321, "SegmentID": 496321 }, "geometry": { "type": "LineString", "coordinates": [ [ 77.476516031315228, 13.052111385121332 ], [ 77.476465899924008, 13.051774699857187 ], [ 77.476001499717398, 13.049001200233807 ], [ 77.47545089996872, 13.045624900184794 ], [ 77.475346999727904, 13.044909600376887 ], [ 77.475266500081474, 13.04335629989899 ] ] } },
{ "type": "Feature", "properties": { "OBJECTID": 396616, "SegmentID": 496616 }, "geometry": { "type": "LineString", "coordinates": [ [ 77.48741829988748, 13.052231899923182 ], [ 77.487072407637385, 13.052355842717532 ] ] } },
{ "type": "Feature", "properties": { "OBJECTID": 396773, "SegmentID": 496773 }, "geometry": { "type": "LineString", "coordinates": [ [ 77.487072407637385, 13.052355842717532 ], [ 77.48662740006634, 13.052515299692503 ] ] } },
{ "type": "Feature", "properties": { "OBJECTID": 396969, "SegmentID": 496969 }, "geometry": { "type": "LineString", "coordinates": [ [ 77.48662740006634, 13.052515299692503 ], [ 77.486142223538792, 13.05268913917444 ] ] } },
{ "type": "Feature", "properties": { "OBJECTID": 397015, "SegmentID": 497015 }, "geometry": { "type": "LineString", "coordinates": [ [ 77.755451299903342, 13.049816100450643 ], [ 77.755651700036751, 13.049979799918159 ], [ 77.755775700376546, 13.050066599549666 ], [ 77.756183799741123, 13.050352099599465 ], [ 77.756547499612779, 13.050620899943929 ], [ 77.756755400114713, 13.050750200225885 ], [ 77.757017899906543, 13.05090350029438 ], [ 77.757114299581431, 13.050956599556956 ], [ 77.757811600092907, 13.051339900233392 ], [ 77.75820750008522, 13.051567799595363 ], [ 77.758927099653562, 13.051981100099084 ], [ 77.759770000326256, 13.052453499783338 ] ] } },
{ "type": "Feature", "properties": { "OBJECTID": 397189, "SegmentID": 497189 }, "geometry": { "type": "LineString", "coordinates": [ [ 77.486142223538792, 13.05268913917444 ], [ 77.485813000074657, 13.052807099900802 ], [ 77.485240978592586, 13.053014905800362 ] ] } },
{ "type": "Feature", "properties": { "OBJECTID": 397475, "SegmentID": 497475 }, "geometry": { "type": "LineString", "coordinates": [ [ 77.593399999760777, 13.051875500303805 ], [ 77.593316200426131, 13.051543100262561 ], [ 77.593206599708097, 13.051108600138843 ], [ 77.592926338471869, 13.050003819868113 ] ] } },
{ "type": "Feature", "properties": { "OBJECTID": 397582, "SegmentID": 497582 }, "geometry": { "type": "LineString", "coordinates": [ [ 77.485240978592586, 13.053014905800362 ], [ 77.484429500165419, 13.053309699926855 ], [ 77.484159500161738, 13.053407900376829 ], [ 77.481732399710111, 13.054285600274691 ], [ 77.481057785170179, 13.05452244545774 ] ] } },
{ "type": "Feature", "properties": { "OBJECTID": 399671, "SegmentID": 499671 }, "geometry": { "type": "LineString", "coordinates": [ [ 77.481057785170179, 13.05452244545774 ], [ 77.480762462879611, 13.054626126984324 ] ] } },
{ "type": "Feature", "properties": { "OBJECTID": 399813, "SegmentID": 499813 }, "geometry": { "type": "LineString", "coordinates": [ [ 77.480762462879611, 13.054626126984324 ], [ 77.480656751389759, 13.054663239703942 ], [ 77.480266960555468, 13.054800086574073 ] ] } },
{ "type": "Feature", "properties": { "OBJECTID": 399983, "SegmentID": 499983 }, "geometry": { "type": "LineString", "coordinates": [ [ 77.593599099910222, 13.053625400080131 ], [ 77.59360949978219, 13.053453899623936 ], [ 77.593615499608077, 13.053277199791166 ], [ 77.593618899590211, 13.053176500030974 ], [ 77.59360990022617, 13.052907700439087 ], [ 77.593561900302916, 13.052583700304719 ], [ 77.593474799850384, 13.052172200213342 ], [ 77.593399999760777, 13.051875500303805 ] ] } },
{ "type": "Feature", "properties": { "OBJECTID": 400094, "SegmentID": 500094 }, "geometry": { "type": "LineString", "coordinates": [ [ 77.480266960555468, 13.054800086574073 ], [ 77.479707499839236, 13.054996499992919 ], [ 77.479269199609476, 13.055146299874746 ], [ 77.479202613618696, 13.055167092786229 ] ] } },
{ "type": "Feature", "properties": { "OBJECTID": 400671, "SegmentID": 500671 }, "geometry": { "type": "LineString", "coordinates": [ [ 77.479202613618696, 13.055167092786229 ], [ 77.478791034572808, 13.055295615735893 ] ] } },
{ "type": "Feature", "properties": { "OBJECTID": 400827, "SegmentID": 500827 }, "geometry": { "type": "LineString", "coordinates": [ [ 77.478791034572808, 13.055295615735893 ], [ 77.478625200008523, 13.055347399672719 ], [ 77.477036600041416, 13.055796200166114 ] ] } },
{ "type": "Feature", "properties": { "OBJECTID": 400832, "SegmentID": 500832 }, "geometry": { "type": "LineString", "coordinates": [ [ 77.759770000326256, 13.052453499783338 ], [ 77.759909200404067, 13.052531499840503 ] ] } },
{ "type": "Feature", "properties": { "OBJECTID": 400973, "SegmentID": 500973 }, "geometry": { "type": "LineString", "coordinates": [ [ 77.759909200404067, 13.052531499840503 ], [ 77.760320071564564, 13.052755817252653 ] ] } },
{ "type": "Feature", "properties": { "OBJECTID": 401349, "SegmentID": 501349 }, "geometry": { "type": "LineString", "coordinates": [ [ 77.760320071564564, 13.052755817252653 ], [ 77.761151799722811, 13.053209900258596 ], [ 77.761455599826022, 13.053388399837379 ], [ 77.76174239989308, 13.053545599650821 ] ] } },
{ "type": "Feature", "properties": { "OBJECTID": 401566, "SegmentID": 501566 }, "geometry": { "type": "LineString", "coordinates": [ [ 77.59353719972313, 13.054647900345604 ], [ 77.593584995788831, 13.053858551658214 ], [ 77.593599099910222, 13.053625400080131 ] ] } },
{ "type": "Feature", "properties": { "OBJECTID": 401575, "SegmentID": 501575 }, "geometry": { "type": "LineString", "coordinates": [ [ 77.477036600041416, 13.055796200166114 ], [ 77.476984400232368, 13.055456200309028 ], [ 77.476808200009884, 13.05441879972264 ], [ 77.476752200313257, 13.053996100389599 ], [ 77.476698099699078, 13.053516000346699 ], [ 77.476568400038616, 13.052463100401029 ], [ 77.476516031315228, 13.052111385121332 ] ] } },
{ "type": "Feature", "properties": { "OBJECTID": 401576, "SegmentID": 501576 }, "geometry": { "type": "LineString", "coordinates": [ [ 77.477036600041416, 13.055796200166114 ], [ 77.473610599717148, 13.056763999581712 ] ] } },
{ "type": "Feature", "properties": { "OBJECTID": 402557, "SegmentID": 502557 }, "geometry": { "type": "LineString", "coordinates": [ [ 77.76174239989308, 13.053545599650821 ], [ 77.76179500015273, 13.053586399830266 ], [ 77.762140199953961, 13.053786700393117 ] ] } },
{ "type": "Feature", "properties": { "OBJECTID": 402937, "SegmentID": 502937 }, "geometry": { "type": "LineString", "coordinates": [ [ 77.762140199953961, 13.053786700393117 ], [ 77.762345399730904, 13.053912800000763 ], [ 77.762549499749156, 13.054020599997878 ], [ 77.762602400000205, 13.054048500092021 ], [ 77.76279239992941, 13.054148899687814 ], [ 77.763133400316065, 13.054339899573607 ] ] } },
{ "type": "Feature", "properties": { "OBJECTID": 403020, "SegmentID": 503020 }, "geometry": { "type": "LineString", "coordinates": [ [ 77.473610599717148, 13.056763999581712 ], [ 77.473093627255494, 13.056910051505415 ], [ 77.471245747601785, 13.057432093342245 ] ] } },
{ "type": "Feature", "properties": { "OBJECTID": 403562, "SegmentID": 503562 }, "geometry": { "type": "LineString", "coordinates": [ [ 77.593487299641225, 13.055908599796787 ], [ 77.593495299931277, 13.055339800078251 ], [ 77.59353049999865, 13.054758499570383 ], [ 77.593532299798127, 13.054728399988933 ], [ 77.593535500079085, 13.054675500033436 ], [ 77.59353719972313, 13.054647900345604 ] ] } },
{ "type": "Feature", "properties": { "OBJECTID": 403827, "SegmentID": 503827 }, "geometry": { "type": "LineString", "coordinates": [ [ 77.593484900233122, 13.056078400144887 ], [ 77.593487299641225, 13.055908599796787 ] ] } },
{ "type": "Feature", "properties": { "OBJECTID": 403866, "SegmentID": 503866 }, "geometry": { "type": "LineString", "coordinates": [ [ 77.763133400316065, 13.054339899573607 ], [ 77.763273200301455, 13.05440390041286 ], [ 77.76345619965717, 13.05448769990555 ], [ 77.76362367203059, 13.054570189206025 ] ] } },
{ "type": "Feature", "properties": { "OBJECTID": 404086, "SegmentID": 504086 }, "geometry": { "type": "LineString", "coordinates": [ [ 77.471245747601785, 13.057432093342245 ], [ 77.470545200355872, 13.057630000365313 ], [ 77.470533243749514, 13.057633169391996 ] ] } },
{ "type": "Feature", "properties": { "OBJECTID": 404258, "SegmentID": 504258 }, "geometry": { "type": "LineString", "coordinates": [ [ 77.76362367203059, 13.054570189206025 ], [ 77.763946299687646, 13.054729099637061 ], [ 77.76434079973788, 13.054912599879879 ], [ 77.764891600427461, 13.055166899951763 ], [ 77.765423400087656, 13.055404300316045 ] ] } },
{ "type": "Feature", "properties": { "OBJECTID": 404410, "SegmentID": 504410 }, "geometry": { "type": "LineString", "coordinates": [ [ 77.470533243749514, 13.057633169391996 ], [ 77.469989655238535, 13.05777724110346 ] ] } },
{ "type": "Feature", "properties": { "OBJECTID": 404660, "SegmentID": 504660 }, "geometry": { "type": "LineString", "coordinates": [ [ 77.469989655238535, 13.05777724110346 ], [ 77.469660800099533, 13.057864400267057 ] ] } },
{ "type": "Feature", "properties": { "OBJECTID": 404780, "SegmentID": 504780 }, "geometry": { "type": "LineString", "coordinates": [ [ 77.469660800099533, 13.057864400267057 ], [ 77.46911898200905, 13.058006845151695 ] ] } },
{ "type": "Feature", "properties": { "OBJECTID": 404960, "SegmentID": 504960 }, "geometry": { "type": "LineString", "coordinates": [ [ 77.46911898200905, 13.058006845151695 ], [ 77.468364598539878, 13.058205171573196 ] ] } },
{ "type": "Feature", "properties": { "OBJECTID": 405260, "SegmentID": 505260 }, "geometry": { "type": "LineString", "coordinates": [ [ 77.468364598539878, 13.058205171573196 ], [ 77.468281215288101, 13.058227092713951 ] ] } },
{ "type": "Feature", "properties": { "OBJECTID": 405291, "SegmentID": 505291 }, "geometry": { "type": "LineString", "coordinates": [ [ 77.468281215288101, 13.058227092713951 ], [ 77.468138083172434, 13.058264721707863 ] ] } },
{ "type": "Feature", "properties": { "OBJECTID": 405349, "SegmentID": 505349 }, "geometry": { "type": "LineString", "coordinates": [ [ 77.468138083172434, 13.058264721707863 ], [ 77.467803974425451, 13.058352557722289 ] ] } },
{ "type": "Feature", "properties": { "OBJECTID": 405467, "SegmentID": 505467 }, "geometry": { "type": "LineString", "coordinates": [ [ 77.467803974425451, 13.058352557722289 ], [ 77.467455551577757, 13.058444156664958 ] ] } },
{ "type": "Feature", "properties": { "OBJECTID": 405552, "SegmentID": 505552 }, "geometry": { "type": "LineString", "coordinates": [ [ 77.765423400087656, 13.055404300316045 ], [ 77.765702799780669, 13.055534899942909 ] ] } },
{ "type": "Feature", "properties": { "OBJECTID": 405579, "SegmentID": 505579 }, "geometry": { "type": "LineString", "coordinates": [ [ 77.467455551577757, 13.058444156664958 ], [ 77.467270899735936, 13.058492700199851 ] ] } },
{ "type": "Feature", "properties": { "OBJECTID": 405642, "SegmentID": 505642 }, "geometry": { "type": "LineString", "coordinates": [ [ 77.467270899735936, 13.058492700199851 ], [ 77.467166473559359, 13.058520307068607 ] ] } },
{ "type": "Feature", "properties": { "OBJECTID": 405682, "SegmentID": 505682 }, "geometry": { "type": "LineString", "coordinates": [ [ 77.467166473559359, 13.058520307068607 ], [ 77.466933177123124, 13.058581981867437 ] ] } },
{ "type": "Feature", "properties": { "OBJECTID": 405756, "SegmentID": 505756 }, "geometry": { "type": "LineString", "coordinates": [ [ 77.765702799780669, 13.055534899942909 ], [ 77.765803800184187, 13.05558209976812 ], [ 77.766129000436948, 13.0557178003454 ], [ 77.766212599706023, 13.055757399602138 ] ] } },
{ "type": "Feature", "properties": { "OBJECTID": 405784, "SegmentID": 505784 }, "geometry": { "type": "LineString", "coordinates": [ [ 77.593494900364377, 13.057333000334319 ], [ 77.593477700223588, 13.056585500162431 ], [ 77.593481099777293, 13.056347400375911 ], [ 77.593484900233122, 13.056078400144887 ] ] } },
{ "type": "Feature", "properties": { "OBJECTID": 405803, "SegmentID": 505803 }, "geometry": { "type": "LineString", "coordinates": [ [ 77.466933177123124, 13.058581981867437 ], [ 77.466224359743833, 13.058769367140499 ] ] } },
{ "type": "Feature", "properties": { "OBJECTID": 406088, "SegmentID": 506088 }, "geometry": { "type": "LineString", "coordinates": [ [ 77.466224359743833, 13.058769367140499 ], [ 77.465824400446152, 13.058875099686643 ] ] } },
{ "type": "Feature", "properties": { "OBJECTID": 406140, "SegmentID": 506140 }, "geometry": { "type": "LineString", "coordinates": [ [ 77.766212599706023, 13.055757399602138 ], [ 77.766376400118403, 13.055835099651304 ], [ 77.766837300396716, 13.056053499782902 ], [ 77.767070999633049, 13.056165099585865 ], [ 77.767205299539526, 13.056236199917096 ], [ 77.767622754969423, 13.056457280173207 ] ] } },
{ "type": "Feature", "properties": { "OBJECTID": 406263, "SegmentID": 506263 }, "geometry": { "type": "LineString", "coordinates": [ [ 77.465824400446152, 13.058875099686643 ], [ 77.465749799784788, 13.058895100368986 ] ] } },
{ "type": "Feature", "properties": { "OBJECTID": 406309, "SegmentID": 506309 }, "geometry": { "type": "LineString", "coordinates": [ [ 77.465749799784788, 13.058895100368986 ], [ 77.464851905784187, 13.059135086563543 ] ] } },
{ "type": "Feature", "properties": { "OBJECTID": 406685, "SegmentID": 506685 }, "geometry": { "type": "LineString", "coordinates": [ [ 77.464851905784187, 13.059135086563543 ], [ 77.464820800235302, 13.059143400032626 ], [ 77.464589099987876, 13.059214699958002 ], [ 77.464362199967638, 13.059293500061079 ], [ 77.4642362438059, 13.059343549251381 ] ] } },
{ "type": "Feature", "properties": { "OBJECTID": 407016, "SegmentID": 507016 }, "geometry": { "type": "LineString", "coordinates": [ [ 77.4642362438059, 13.059343549251381 ], [ 77.464135199950874, 13.059383699645778 ], [ 77.463932199725647, 13.059474499706749 ], [ 77.463824499938468, 13.05952980028575 ] ] } },
{ "type": "Feature", "properties": { "OBJECTID": 407061, "SegmentID": 507061 }, "geometry": { "type": "LineString", "coordinates": [ [ 77.593510026669009, 13.058102653497841 ], [ 77.593502000075091, 13.057643599857006 ], [ 77.593494900364377, 13.057333000334319 ] ] } },
{ "type": "Feature", "properties": { "OBJECTID": 407108, "SegmentID": 507108 }, "geometry": { "type": "LineString", "coordinates": [ [ 77.593510499769792, 13.058129700167187 ], [ 77.593510026669009, 13.058102653497841 ] ] } },
{ "type": "Feature", "properties": { "OBJECTID": 407338, "SegmentID": 507338 }, "geometry": { "type": "LineString", "coordinates": [ [ 77.463824499938468, 13.05952980028575 ], [ 77.463671899980824, 13.059608300010407 ], [ 77.463329799776773, 13.05980260004139 ] ] } },
{ "type": "Feature", "properties": { "OBJECTID": 407348, "SegmentID": 507348 }, "geometry": { "type": "LineString", "coordinates": [ [ 77.767622754969423, 13.056457280173207 ], [ 77.767869400399761, 13.056587899789585 ] ] } },
{ "type": "Feature", "properties": { "OBJECTID": 407399, "SegmentID": 507399 }, "geometry": { "type": "LineString", "coordinates": [ [ 77.338239696143319, 13.060720696111268 ], [ 77.337495599660102, 13.060600200417914 ], [ 77.33671069962439, 13.060519500298067 ], [ 77.335938000066051, 13.060567399981641 ], [ 77.335186300017966, 13.060718199918837 ], [ 77.334495500459724, 13.060971699984632 ] ] } },
{ "type": "Feature", "properties": { "OBJECTID": 407434, "SegmentID": 507434 }, "geometry": { "type": "LineString", "coordinates": [ [ 77.593512411730273, 13.058304464046119 ], [ 77.593510499769792, 13.058129700167187 ] ] } },
{ "type": "Feature", "properties": { "OBJECTID": 407580, "SegmentID": 507580 }, "geometry": { "type": "LineString", "coordinates": [ [ 77.767869400399761, 13.056587899789585 ], [ 77.76790670499841, 13.056615781293189 ] ] } },
{ "type": "Feature", "properties": { "OBJECTID": 407625, "SegmentID": 507625 }, "geometry": { "type": "LineString", "coordinates": [ [ 77.76790670499841, 13.056615781293189 ], [ 77.768397500448714, 13.056982600322849 ] ] } },
{ "type": "Feature", "properties": { "OBJECTID": 407769, "SegmentID": 507769 }, "geometry": { "type": "LineString", "coordinates": [ [ 77.334495500459724, 13.060971699984632 ], [ 77.334386599707074, 13.061011600238182 ] ] } },
{ "type": "Feature", "properties": { "OBJECTID": 407784, "SegmentID": 507784 }, "geometry": { "type": "LineString", "coordinates": [ [ 77.593514700177749, 13.058513699951327 ], [ 77.593512411730273, 13.058304464046119 ] ] } },
{ "type": "Feature", "properties": { "OBJECTID": 407807, "SegmentID": 507807 }, "geometry": { "type": "LineString", "coordinates": [ [ 77.463329799776773, 13.05980260004139 ], [ 77.463137099892762, 13.059912200182165 ], [ 77.462981630892017, 13.060004779242211 ] ] } },
{ "type": "Feature", "properties": { "OBJECTID": 407824, "SegmentID": 507824 }, "geometry": { "type": "LineString", "coordinates": [ [ 77.334386599707074, 13.061011600238182 ], [ 77.330114500364388, 13.063061700148166 ] ] } },
{ "type": "Feature", "properties": { "OBJECTID": 407890, "SegmentID": 507890 }, "geometry": { "type": "LineString", "coordinates": [ [ 77.593515500258974, 13.058581600073616 ], [ 77.593514700177749, 13.058513699951327 ] ] } },
{ "type": "Feature", "properties": { "OBJECTID": 408032, "SegmentID": 508032 }, "geometry": { "type": "LineString", "coordinates": [ [ 77.340328700220141, 13.061089599688387 ], [ 77.338534900083332, 13.06076849977098 ], [ 77.338239696143319, 13.060720696111268 ] ] } },
{ "type": "Feature", "properties": { "OBJECTID": 408105, "SegmentID": 508105 }, "geometry": { "type": "LineString", "coordinates": [ [ 77.462981630892017, 13.060004779242211 ], [ 77.462773114653558, 13.0601289472277 ] ] } },
{ "type": "Feature", "properties": { "OBJECTID": 408203, "SegmentID": 508203 }, "geometry": { "type": "LineString", "coordinates": [ [ 77.340952143805552, 13.061197095367373 ], [ 77.340328700220141, 13.061089599688387 ] ] } },
{ "type": "Feature", "properties": { "OBJECTID": 408219, "SegmentID": 508219 }, "geometry": { "type": "LineString", "coordinates": [ [ 77.768397500448714, 13.056982600322849 ], [ 77.768586899641676, 13.057125800191942 ], [ 77.76872649972492, 13.057257699909586 ] ] } },
{ "type": "Feature", "properties": { "OBJECTID": 408269, "SegmentID": 508269 }, "geometry": { "type": "LineString", "coordinates": [ [ 77.341191700071917, 13.061238399742077 ], [ 77.340952143805552, 13.061197095367373 ] ] } },
{ "type": "Feature", "properties": { "OBJECTID": 408325, "SegmentID": 508325 }, "geometry": { "type": "LineString", "coordinates": [ [ 77.462773114653558, 13.0601289472277 ], [ 77.462329198265294, 13.060393291660313 ] ] } },
{ "type": "Feature", "properties": { "OBJECTID": 408345, "SegmentID": 508345 }, "geometry": { "type": "LineString", "coordinates": [ [ 77.593518599927819, 13.058868800197368 ], [ 77.593515500258974, 13.058581600073616 ] ] } },
{ "type": "Feature", "properties": { "OBJECTID": 408411, "SegmentID": 508411 }, "geometry": { "type": "LineString", "coordinates": [ [ 77.341539699983755, 13.061308900290497 ], [ 77.341309600188509, 13.061258699738854 ], [ 77.341191700071917, 13.061238399742077 ] ] } },
{ "type": "Feature", "properties": { "OBJECTID": 408728, "SegmentID": 508728 }, "geometry": { "type": "LineString", "coordinates": [ [ 77.76872649972492, 13.057257699909586 ], [ 77.768933099767537, 13.057452800242261 ], [ 77.769318999934114, 13.057852599558105 ] ] } },
{ "type": "Feature", "properties": { "OBJECTID": 408777, "SegmentID": 508777 }, "geometry": { "type": "LineString", "coordinates": [ [ 77.462329198265294, 13.060393291660313 ], [ 77.461973000140532, 13.060605399974788 ] ] } },
{ "type": "Feature", "properties": { "OBJECTID": 408912, "SegmentID": 508912 }, "geometry": { "type": "LineString", "coordinates": [ [ 77.593522100236811, 13.059185100302544 ], [ 77.593518599927819, 13.058868800197368 ] ] } },
{ "type": "Feature", "properties": { "OBJECTID": 409150, "SegmentID": 509150 }, "geometry": { "type": "LineString", "coordinates": [ [ 77.461973000140532, 13.060605399974788 ], [ 77.461823796178479, 13.060694253247178 ] ] } },
{ "type": "Feature", "properties": { "OBJECTID": 409315, "SegmentID": 509315 }, "geometry": { "type": "LineString", "coordinates": [ [ 77.461823796178479, 13.060694253247178 ], [ 77.461664916964693, 13.060788868148268 ] ] } },
{ "type": "Feature", "properties": { "OBJECTID": 409427, "SegmentID": 509427 }, "geometry": { "type": "LineString", "coordinates": [ [ 77.593525300281399, 13.059480399561798 ], [ 77.593523100162898, 13.059279199702035 ], [ 77.593522100236811, 13.059185100302544 ] ] } },
{ "type": "Feature", "properties": { "OBJECTID": 409458, "SegmentID": 509458 }, "geometry": { "type": "LineString", "coordinates": [ [ 77.461664916964693, 13.060788868148268 ], [ 77.461402399938422, 13.060945199643516 ] ] } },
{ "type": "Feature", "properties": { "OBJECTID": 409717, "SegmentID": 509717 }, "geometry": { "type": "LineString", "coordinates": [ [ 77.461402399938422, 13.060945199643516 ], [ 77.461097379657403, 13.061128239656833 ] ] } },
{ "type": "Feature", "properties": { "OBJECTID": 409773, "SegmentID": 509773 }, "geometry": { "type": "LineString", "coordinates": [ [ 77.769318999934114, 13.057852599558105 ], [ 77.769900099644374, 13.058479300446582 ], [ 77.770189800058276, 13.058814700109886 ], [ 77.770367500338665, 13.059020400013324 ] ] } },
{ "type": "Feature", "properties": { "OBJECTID": 409941, "SegmentID": 509941 }, "geometry": { "type": "LineString", "coordinates": [ [ 77.593528699727401, 13.0597886998855 ], [ 77.593525300281399, 13.059480399561798 ] ] } },
{ "type": "Feature", "properties": { "OBJECTID": 409990, "SegmentID": 509990 }, "geometry": { "type": "LineString", "coordinates": [ [ 77.461097379657403, 13.061128239656833 ], [ 77.460940611440137, 13.061222314579561 ] ] } },
{ "type": "Feature", "properties": { "OBJECTID": 410129, "SegmentID": 510129 }, "geometry": { "type": "LineString", "coordinates": [ [ 77.460940611440137, 13.061222314579561 ], [ 77.460706282957403, 13.061362931531656 ] ] } },
{ "type": "Feature", "properties": { "OBJECTID": 410141, "SegmentID": 510141 }, "geometry": { "type": "LineString", "coordinates": [ [ 77.344736160184382, 13.062313255144662 ], [ 77.342398399973931, 13.061496199705481 ], [ 77.341539699983755, 13.061308900290497 ] ] } },
{ "type": "Feature", "properties": { "OBJECTID": 410266, "SegmentID": 510266 }, "geometry": { "type": "LineString", "coordinates": [ [ 77.344973200009719, 13.062396100000397 ], [ 77.344736160184382, 13.062313255144662 ] ] } },
{ "type": "Feature", "properties": { "OBJECTID": 410337, "SegmentID": 510337 }, "geometry": { "type": "LineString", "coordinates": [ [ 77.460706282957403, 13.061362931531656 ], [ 77.4602999110528, 13.061606789938065 ] ] } },
{ "type": "Feature", "properties": { "OBJECTID": 410498, "SegmentID": 510498 }, "geometry": { "type": "LineString", "coordinates": [ [ 77.34544800004322, 13.06256209960017 ], [ 77.344973200009719, 13.062396100000397 ] ] } },
{ "type": "Feature", "properties": { "OBJECTID": 410686, "SegmentID": 510686 }, "geometry": { "type": "LineString", "coordinates": [ [ 77.4602999110528, 13.061606789938065 ], [ 77.459907723374343, 13.061842134535729 ] ] } },
{ "type": "Feature", "properties": { "OBJECTID": 411109, "SegmentID": 511109 }, "geometry": { "type": "LineString", "coordinates": [ [ 77.459907723374343, 13.061842134535729 ], [ 77.45990282550909, 13.061845073304653 ] ] } },
{ "type": "Feature", "properties": { "OBJECTID": 411118, "SegmentID": 511118 }, "geometry": { "type": "LineString", "coordinates": [ [ 77.45990282550909, 13.061845073304653 ], [ 77.459691300249716, 13.061972006494766 ] ] } },
{ "type": "Feature", "properties": { "OBJECTID": 411134, "SegmentID": 511134 }, "geometry": { "type": "LineString", "coordinates": [ [ 77.330114500364388, 13.063061700148166 ], [ 77.328683100145383, 13.063746499963601 ], [ 77.328604471278624, 13.063782866060924 ] ] } },
{ "type": "Feature", "properties": { "OBJECTID": 411238, "SegmentID": 511238 }, "geometry": { "type": "LineString", "coordinates": [ [ 77.346461899559287, 13.062973300154782 ], [ 77.345881000404432, 13.062713399573596 ], [ 77.34544800004322, 13.06256209960017 ] ] } },
{ "type": "Feature", "properties": { "OBJECTID": 411326, "SegmentID": 511326 }, "geometry": { "type": "LineString", "coordinates": [ [ 77.459691300249716, 13.061972006494766 ], [ 77.459548716002232, 13.062057568359608 ] ] } },
{ "type": "Feature", "properties": { "OBJECTID": 411340, "SegmentID": 511340 }, "geometry": { "type": "LineString", "coordinates": [ [ 77.3465945004275, 13.063032700289369 ], [ 77.346461899559287, 13.062973300154782 ] ] } },
{ "type": "Feature", "properties": { "OBJECTID": 411470, "SegmentID": 511470 }, "geometry": { "type": "LineString", "coordinates": [ [ 77.459548716002232, 13.062057568359608 ], [ 77.459342783582187, 13.062181143038059 ] ] } },
{ "type": "Feature", "properties": { "OBJECTID": 411615, "SegmentID": 511615 }, "geometry": { "type": "LineString", "coordinates": [ [ 77.770367500338665, 13.059020400013324 ], [ 77.770939300161245, 13.059682599785827 ], [ 77.772135599716904, 13.061038999949607 ], [ 77.772210371875616, 13.061124924680216 ] ] } },
{ "type": "Feature", "properties": { "OBJECTID": 411627, "SegmentID": 511627 }, "geometry": { "type": "LineString", "coordinates": [ [ 77.459342783582187, 13.062181143038059 ], [ 77.459052860416165, 13.062355119764376 ] ] } },
{ "type": "Feature", "properties": { "OBJECTID": 411842, "SegmentID": 511842 }, "geometry": { "type": "LineString", "coordinates": [ [ 77.347335245334875, 13.063364280317147 ], [ 77.3465945004275, 13.063032700289369 ] ] } },
{ "type": "Feature", "properties": { "OBJECTID": 411896, "SegmentID": 511896 }, "geometry": { "type": "LineString", "coordinates": [ [ 77.459052860416165, 13.062355119764376 ], [ 77.458737510091623, 13.062544353669175 ] ] } },
{ "type": "Feature", "properties": { "OBJECTID": 412090, "SegmentID": 512090 }, "geometry": { "type": "LineString", "coordinates": [ [ 77.347647409633382, 13.063504013501106 ], [ 77.347335245334875, 13.063364280317147 ] ] } },
{ "type": "Feature", "properties": { "OBJECTID": 412201, "SegmentID": 512201 }, "geometry": { "type": "LineString", "coordinates": [ [ 77.458737510091623, 13.062544353669175 ], [ 77.458474179042554, 13.062702371972934 ] ] } },
{ "type": "Feature", "properties": { "OBJECTID": 412248, "SegmentID": 512248 }, "geometry": { "type": "LineString", "coordinates": [ [ 77.328604471278624, 13.063782866060924 ], [ 77.328416729364363, 13.063869697833317 ] ] } },
{ "type": "Feature", "properties": { "OBJECTID": 412345, "SegmentID": 512345 }, "geometry": { "type": "LineString", "coordinates": [ [ 77.328416729364363, 13.063869697833317 ], [ 77.328284399636502, 13.06393090042617 ] ] } },
{ "type": "Feature", "properties": { "OBJECTID": 412397, "SegmentID": 512397 }, "geometry": { "type": "LineString", "coordinates": [ [ 77.458474179042554, 13.062702371972934 ], [ 77.457898699782945, 13.063047699824978 ] ] } },
{ "type": "Feature", "properties": { "OBJECTID": 412429, "SegmentID": 512429 }, "geometry": { "type": "LineString", "coordinates": [ [ 77.328284399636502, 13.06393090042617 ], [ 77.326663700007316, 13.064680400123674 ], [ 77.326309940009892, 13.064838865918226 ] ] } },
{ "type": "Feature", "properties": { "OBJECTID": 412729, "SegmentID": 512729 }, "geometry": { "type": "LineString", "coordinates": [ [ 77.348628399677551, 13.063903000436897 ], [ 77.3479692996182, 13.063648099886919 ], [ 77.347647409633382, 13.063504013501106 ] ] } },
{ "type": "Feature", "properties": { "OBJECTID": 412736, "SegmentID": 512736 }, "geometry": { "type": "LineString", "coordinates": [ [ 77.348642678696066, 13.063906719009163 ], [ 77.348628399677551, 13.063903000436897 ] ] } },
{ "type": "Feature", "properties": { "OBJECTID": 412873, "SegmentID": 512873 }, "geometry": { "type": "LineString", "coordinates": [ [ 77.348922100077459, 13.063979499934653 ], [ 77.348642678696066, 13.063906719009163 ] ] } },
{ "type": "Feature", "properties": { "OBJECTID": 412996, "SegmentID": 512996 }, "geometry": { "type": "LineString", "coordinates": [ [ 77.34919380024013, 13.064050299596641 ], [ 77.348922100077459, 13.063979499934653 ] ] } },
{ "type": "Feature", "properties": { "OBJECTID": 413012, "SegmentID": 513012 }, "geometry": { "type": "LineString", "coordinates": [ [ 77.457898699782945, 13.063047699824978 ], [ 77.457592100100143, 13.063231799634453 ], [ 77.457580790989041, 13.063238426956573 ] ] } },
{ "type": "Feature", "properties": { "OBJECTID": 413084, "SegmentID": 513084 }, "geometry": { "type": "LineString", "coordinates": [ [ 77.349380813133479, 13.064101386558425 ], [ 77.349319400020789, 13.064083000438275 ], [ 77.34919380024013, 13.064050299596641 ] ] } },
{ "type": "Feature", "properties": { "OBJECTID": 413347, "SegmentID": 513347 }, "geometry": { "type": "LineString", "coordinates": [ [ 77.457580790989041, 13.063238426956573 ], [ 77.457380834278723, 13.063355592743873 ] ] } },
{ "type": "Feature", "properties": { "OBJECTID": 413547, "SegmentID": 513547 }, "geometry": { "type": "LineString", "coordinates": [ [ 77.457380834278723, 13.063355592743873 ], [ 77.457065225722587, 13.063540524027706 ] ] } },
{ "type": "Feature", "properties": { "OBJECTID": 413830, "SegmentID": 513830 }, "geometry": { "type": "LineString", "coordinates": [ [ 77.350822208450509, 13.064523041314475 ], [ 77.350462699889121, 13.064425299657964 ], [ 77.349380813133479, 13.064101386558425 ] ] } },
{ "type": "Feature", "properties": { "OBJECTID": 413844, "SegmentID": 513844 }, "geometry": { "type": "LineString", "coordinates": [ [ 77.457065225722587, 13.063540524027706 ], [ 77.456930377235068, 13.063619539297681 ] ] } },
{ "type": "Feature", "properties": { "OBJECTID": 413949, "SegmentID": 513949 }, "geometry": { "type": "LineString", "coordinates": [ [ 77.351084532434015, 13.064594360527501 ], [ 77.350822208450509, 13.064523041314475 ] ] } },
{ "type": "Feature", "properties": { "OBJECTID": 413974, "SegmentID": 513974 }, "geometry": { "type": "LineString", "coordinates": [ [ 77.456930377235068, 13.063619539297681 ], [ 77.45678759977072, 13.063703199880708 ], [ 77.456674436473193, 13.063766418699569 ] ] } },
{ "type": "Feature", "properties": { "OBJECTID": 413990, "SegmentID": 513990 }, "geometry": { "type": "LineString", "coordinates": [ [ 77.326309940009892, 13.064838865918226 ], [ 77.326057600272165, 13.064951900082647 ] ] } },
{ "type": "Feature", "properties": { "OBJECTID": 414224, "SegmentID": 514224 }, "geometry": { "type": "LineString", "coordinates": [ [ 77.456674436473193, 13.063766418699569 ], [ 77.456561093454951, 13.063829736766458 ] ] } },
{ "type": "Feature", "properties": { "OBJECTID": 414249, "SegmentID": 514249 }, "geometry": { "type": "LineString", "coordinates": [ [ 77.593430099830513, 13.062460999807112 ], [ 77.593523999705866, 13.060891299659744 ], [ 77.593534799776535, 13.0603447000021 ], [ 77.593531199914253, 13.060013600026235 ], [ 77.593528699727401, 13.0597886998855 ] ] } },
{ "type": "Feature", "properties": { "OBJECTID": 414251, "SegmentID": 514251 }, "geometry": { "type": "LineString", "coordinates": [ [ 77.351747890695208, 13.064774708832621 ], [ 77.351084532434015, 13.064594360527501 ] ] } },
{ "type": "Feature", "properties": { "OBJECTID": 414294, "SegmentID": 514294 }, "geometry": { "type": "LineString", "coordinates": [ [ 77.456561093454951, 13.063829736766458 ], [ 77.455996400292875, 13.064145199565646 ], [ 77.455538199818321, 13.064413299850173 ], [ 77.45498320003486, 13.064745800324159 ] ] } },
{ "type": "Feature", "properties": { "OBJECTID": 414736, "SegmentID": 514736 }, "geometry": { "type": "LineString", "coordinates": [ [ 77.352796899543989, 13.065059900207949 ], [ 77.351747890695208, 13.064774708832621 ] ] } },
{ "type": "Feature", "properties": { "OBJECTID": 415094, "SegmentID": 515094 }, "geometry": { "type": "LineString", "coordinates": [ [ 77.353435839217198, 13.065233626929244 ], [ 77.352796899543989, 13.065059900207949 ] ] } },
{ "type": "Feature", "properties": { "OBJECTID": 415172, "SegmentID": 515172 }, "geometry": { "type": "LineString", "coordinates": [ [ 77.772210371875616, 13.061124924680216 ], [ 77.772461003560835, 13.061412941013671 ] ] } },
{ "type": "Feature", "properties": { "OBJECTID": 415173, "SegmentID": 515173 }, "geometry": { "type": "LineString", "coordinates": [ [ 77.593398199710393, 13.062981899936785 ], [ 77.593430099830513, 13.062460999807112 ] ] } },
{ "type": "Feature", "properties": { "OBJECTID": 415177, "SegmentID": 515177 }, "geometry": { "type": "LineString", "coordinates": [ [ 77.353605921134189, 13.065279872480851 ], [ 77.353435839217198, 13.065233626929244 ] ] } },
{ "type": "Feature", "properties": { "OBJECTID": 415262, "SegmentID": 515262 }, "geometry": { "type": "LineString", "coordinates": [ [ 77.353793214954436, 13.065330797063892 ], [ 77.353605921134189, 13.065279872480851 ] ] } },
{ "type": "Feature", "properties": { "OBJECTID": 415383, "SegmentID": 515383 }, "geometry": { "type": "LineString", "coordinates": [ [ 77.35404699991274, 13.065399799904666 ], [ 77.353793214954436, 13.065330797063892 ] ] } },
{ "type": "Feature", "properties": { "OBJECTID": 415406, "SegmentID": 515406 }, "geometry": { "type": "LineString", "coordinates": [ [ 77.59338969376337, 13.063120606732021 ], [ 77.593398199710393, 13.062981899936785 ] ] } },
{ "type": "Feature", "properties": { "OBJECTID": 415678, "SegmentID": 515678 }, "geometry": { "type": "LineString", "coordinates": [ [ 77.772461003560835, 13.061412941013671 ], [ 77.773749400104052, 13.062893500216306 ], [ 77.774646300001393, 13.063787700355878 ], [ 77.775527400441007, 13.064827299770819 ] ] } },
{ "type": "Feature", "properties": { "OBJECTID": 415854, "SegmentID": 515854 }, "geometry": { "type": "LineString", "coordinates": [ [ 77.354980199707981, 13.065653900005888 ], [ 77.35404699991274, 13.065399799904666 ] ] } },
{ "type": "Feature", "properties": { "OBJECTID": 415887, "SegmentID": 515887 }, "geometry": { "type": "LineString", "coordinates": [ [ 77.45498320003486, 13.064745800324159 ], [ 77.454672900241064, 13.064931699791567 ] ] } },
{ "type": "Feature", "properties": { "OBJECTID": 416182, "SegmentID": 516182 }, "geometry": { "type": "LineString", "coordinates": [ [ 77.355651999797828, 13.06583769970347 ], [ 77.354980199707981, 13.065653900005888 ] ] } },
{ "type": "Feature", "properties": { "OBJECTID": 416197, "SegmentID": 516197 }, "geometry": { "type": "LineString", "coordinates": [ [ 77.454672900241064, 13.064931699791567 ], [ 77.454394725868127, 13.065098352456001 ] ] } },
{ "type": "Feature", "properties": { "OBJECTID": 416477, "SegmentID": 516477 }, "geometry": { "type": "LineString", "coordinates": [ [ 77.454394725868127, 13.065098352456001 ], [ 77.454209700262453, 13.06520919979773 ] ] } },
{ "type": "Feature", "properties": { "OBJECTID": 416489, "SegmentID": 516489 }, "geometry": { "type": "LineString", "coordinates": [ [ 77.593354394936227, 13.063752147031485 ], [ 77.593356400283099, 13.063664000000362 ], [ 77.593380599547757, 13.063268900308866 ], [ 77.59338969376337, 13.063120606732021 ] ] } },
{ "type": "Feature", "properties": { "OBJECTID": 416683, "SegmentID": 516683 }, "geometry": { "type": "LineString", "coordinates": [ [ 77.454209700262453, 13.06520919979773 ], [ 77.453792100099449, 13.065459399973632 ] ] } },
{ "type": "Feature", "properties": { "OBJECTID": 416781, "SegmentID": 516781 }, "geometry": { "type": "LineString", "coordinates": [ [ 77.593351171708335, 13.063893894150349 ], [ 77.593354394936227, 13.063752147031485 ] ] } },
{ "type": "Feature", "properties": { "OBJECTID": 416894, "SegmentID": 516894 }, "geometry": { "type": "LineString", "coordinates": [ [ 77.593349400393151, 13.063971800257754 ], [ 77.593351171708335, 13.063893894150349 ] ] } },
{ "type": "Feature", "properties": { "OBJECTID": 417110, "SegmentID": 517110 }, "geometry": { "type": "LineString", "coordinates": [ [ 77.453792100099449, 13.065459399973632 ], [ 77.453736200255179, 13.065492799931482 ] ] } },
{ "type": "Feature", "properties": { "OBJECTID": 417165, "SegmentID": 517165 }, "geometry": { "type": "LineString", "coordinates": [ [ 77.453736200255179, 13.065492799931482 ], [ 77.45369546929534, 13.065517215805365 ], [ 77.45355969996244, 13.065598600202506 ], [ 77.453550697964957, 13.065603785143583 ] ] } },
{ "type": "Feature", "properties": { "OBJECTID": 417352, "SegmentID": 517352 }, "geometry": { "type": "LineString", "coordinates": [ [ 77.453550697964957, 13.065603785143583 ], [ 77.453243577836304, 13.065780687434138 ] ] } },
{ "type": "Feature", "properties": { "OBJECTID": 417588, "SegmentID": 517588 }, "geometry": { "type": "LineString", "coordinates": [ [ 77.593340500171792, 13.064366499754021 ], [ 77.593349400393151, 13.063971800257754 ] ] } },
{ "type": "Feature", "properties": { "OBJECTID": 417650, "SegmentID": 517650 }, "geometry": { "type": "LineString", "coordinates": [ [ 77.453243577836304, 13.065780687434138 ], [ 77.453121667148039, 13.065850908099071 ] ] } },
{ "type": "Feature", "properties": { "OBJECTID": 417744, "SegmentID": 517744 }, "geometry": { "type": "LineString", "coordinates": [ [ 77.453121667148039, 13.065850908099071 ], [ 77.452846118969745, 13.066009624191066 ] ] } },
{ "type": "Feature", "properties": { "OBJECTID": 417848, "SegmentID": 517848 }, "geometry": { "type": "LineString", "coordinates": [ [ 77.593336300151577, 13.06455210013962 ], [ 77.593340500171792, 13.064366499754021 ] ] } },
{ "type": "Feature", "properties": { "OBJECTID": 417997, "SegmentID": 517997 }, "geometry": { "type": "LineString", "coordinates": [ [ 77.452846118969745, 13.066009624191066 ], [ 77.452588991456253, 13.066157729541304 ] ] } },
{ "type": "Feature", "properties": { "OBJECTID": 418238, "SegmentID": 518238 }, "geometry": { "type": "LineString", "coordinates": [ [ 77.452588991456253, 13.066157729541304 ], [ 77.452155300344899, 13.066407535522382 ] ] } },
{ "type": "Feature", "properties": { "OBJECTID": 418699, "SegmentID": 518699 }, "geometry": { "type": "LineString", "coordinates": [ [ 77.452155300344899, 13.066407535522382 ], [ 77.452125499972425, 13.066424699713624 ], [ 77.451692000085117, 13.066664200425357 ] ] } },
{ "type": "Feature", "properties": { "OBJECTID": 418898, "SegmentID": 518898 }, "geometry": { "type": "LineString", "coordinates": [ [ 77.593320900898831, 13.065132844989693 ], [ 77.593325299694968, 13.065037400421632 ], [ 77.593336300151577, 13.06455210013962 ] ] } },
{ "type": "Feature", "properties": { "OBJECTID": 419183, "SegmentID": 519183 }, "geometry": { "type": "LineString", "coordinates": [ [ 77.451692000085117, 13.066664200425357 ], [ 77.451683782380073, 13.066668738179617 ] ] } },
{ "type": "Feature", "properties": { "OBJECTID": 419193, "SegmentID": 519193 }, "geometry": { "type": "LineString", "coordinates": [ [ 77.451683782380073, 13.066668738179617 ], [ 77.450623399910299, 13.067254399554681 ] ] } },
{ "type": "Feature", "properties": { "OBJECTID": 419340, "SegmentID": 519340 }, "geometry": { "type": "LineString", "coordinates": [ [ 77.593310307019266, 13.06536271348385 ], [ 77.593320900898831, 13.065132844989693 ] ] } },
{ "type": "Feature", "properties": { "OBJECTID": 419385, "SegmentID": 519385 }, "geometry": { "type": "LineString", "coordinates": [ [ 77.593309400330341, 13.065382400196432 ], [ 77.593310307019266, 13.06536271348385 ] ] } },
{ "type": "Feature", "properties": { "OBJECTID": 419999, "SegmentID": 519999 }, "geometry": { "type": "LineString", "coordinates": [ [ 77.593292599996531, 13.065748599871361 ], [ 77.593309400330341, 13.065382400196432 ] ] } },
{ "type": "Feature", "properties": { "OBJECTID": 420211, "SegmentID": 520211 }, "geometry": { "type": "LineString", "coordinates": [ [ 77.450623399910299, 13.067254399554681 ], [ 77.449109021636559, 13.068084473414675 ] ] } },
{ "type": "Feature", "properties": { "OBJECTID": 420541, "SegmentID": 520541 }, "geometry": { "type": "LineString", "coordinates": [ [ 77.593278599879667, 13.066028999782908 ], [ 77.593292599996531, 13.065748599871361 ] ] } },
{ "type": "Feature", "properties": { "OBJECTID": 420862, "SegmentID": 520862 }, "geometry": { "type": "LineString", "coordinates": [ [ 77.593262699730104, 13.066210599776593 ], [ 77.593278599879667, 13.066028999782908 ] ] } },
{ "type": "Feature", "properties": { "OBJECTID": 421726, "SegmentID": 521726 }, "geometry": { "type": "LineString", "coordinates": [ [ 77.449109021636559, 13.068084473414675 ], [ 77.448748590257495, 13.068282033439958 ] ] } },
{ "type": "Feature", "properties": { "OBJECTID": 421809, "SegmentID": 521809 }, "geometry": { "type": "LineString", "coordinates": [ [ 77.775527400441007, 13.064827299770819 ], [ 77.776235600137781, 13.065662899962728 ], [ 77.776532968312821, 13.065996859891262 ] ] } },
{ "type": "Feature", "properties": { "OBJECTID": 422068, "SegmentID": 522068 }, "geometry": { "type": "LineString", "coordinates": [ [ 77.448748590257495, 13.068282033439958 ], [ 77.448738799982038, 13.068287400097159 ] ] } },
{ "type": "Feature", "properties": { "OBJECTID": 422093, "SegmentID": 522093 }, "geometry": { "type": "LineString", "coordinates": [ [ 77.448738799982038, 13.068287400097159 ], [ 77.4485471004121, 13.068392499605931 ], [ 77.44851380014471, 13.068410799832726 ], [ 77.448456035109103, 13.068449888852305 ] ] } },
{ "type": "Feature", "properties": { "OBJECTID": 422406, "SegmentID": 522406 }, "geometry": { "type": "LineString", "coordinates": [ [ 77.448456035109103, 13.068449888852305 ], [ 77.448057600071238, 13.068719499987257 ] ] } },
{ "type": "Feature", "properties": { "OBJECTID": 422494, "SegmentID": 522494 }, "geometry": { "type": "LineString", "coordinates": [ [ 77.593185400026456, 13.067094899666859 ], [ 77.593262699730104, 13.066210599776593 ] ] } },
{ "type": "Feature", "properties": { "OBJECTID": 422789, "SegmentID": 522789 }, "geometry": { "type": "LineString", "coordinates": [ [ 77.593171699978825, 13.067251299887504 ], [ 77.593185400026456, 13.067094899666859 ] ] } },
{ "type": "Feature", "properties": { "OBJECTID": 422880, "SegmentID": 522880 }, "geometry": { "type": "LineString", "coordinates": [ [ 77.448057600071238, 13.068719499987257 ], [ 77.447697800375451, 13.068962999608196 ], [ 77.447672965458196, 13.068975984529429 ] ] } },
{ "type": "Feature", "properties": { "OBJECTID": 423035, "SegmentID": 523035 }, "geometry": { "type": "LineString", "coordinates": [ [ 77.593160000353464, 13.067385000318051 ], [ 77.593171699978825, 13.067251299887504 ] ] } },
{ "type": "Feature", "properties": { "OBJECTID": 423302, "SegmentID": 523302 }, "geometry": { "type": "LineString", "coordinates": [ [ 77.447672965458196, 13.068975984529429 ], [ 77.446941355119989, 13.069358508278972 ] ] } },
{ "type": "Feature", "properties": { "OBJECTID": 423890, "SegmentID": 523890 }, "geometry": { "type": "LineString", "coordinates": [ [ 77.776532968312821, 13.065996859891262 ], [ 77.776619999840221, 13.066094599924325 ] ] } },
{ "type": "Feature", "properties": { "OBJECTID": 423955, "SegmentID": 523955 }, "geometry": { "type": "LineString", "coordinates": [ [ 77.446941355119989, 13.069358508278972 ], [ 77.446712011050366, 13.069478420549428 ] ] } },
{ "type": "Feature", "properties": { "OBJECTID": 424012, "SegmentID": 524012 }, "geometry": { "type": "LineString", "coordinates": [ [ 77.36224735029559, 13.070178937118348 ], [ 77.361913900354779, 13.069602399812547 ], [ 77.361659821790525, 13.069279298521892 ], [ 77.361211199760319, 13.068708799587577 ], [ 77.360983900097906, 13.068431700132274 ], [ 77.360946400190116, 13.068392499785963 ], [ 77.360717399573758, 13.068152999673767 ], [ 77.36014613405662, 13.067718732023852 ], [ 77.359716200018838, 13.067391899873865 ], [ 77.359470577661241, 13.067263446671859 ], [ 77.358403900024996, 13.066705600381155 ], [ 77.357347099564421, 13.066278300409765 ], [ 77.355651999797828, 13.06583769970347 ] ] } },
{ "type": "Feature", "properties": { "OBJECTID": 424076, "SegmentID": 524076 }, "geometry": { "type": "LineString", "coordinates": [ [ 77.776619999840221, 13.066094599924325 ], [ 77.776749600264594, 13.066240200237575 ], [ 77.777204830590676, 13.066659028702524 ] ] } },
{ "type": "Feature", "properties": { "OBJECTID": 424120, "SegmentID": 524120 }, "geometry": { "type": "LineString", "coordinates": [ [ 77.362280672711549, 13.070236552253496 ], [ 77.36224735029559, 13.070178937118348 ] ] } },
{ "type": "Feature", "properties": { "OBJECTID": 424185, "SegmentID": 524185 }, "geometry": { "type": "LineString", "coordinates": [ [ 77.446712011050366, 13.069478420549428 ], [ 77.446572750531359, 13.069551232628262 ] ] } },
{ "type": "Feature", "properties": { "OBJECTID": 424317, "SegmentID": 524317 }, "geometry": { "type": "LineString", "coordinates": [ [ 77.446572750531359, 13.069551232628262 ], [ 77.446439515075042, 13.069620894823121 ] ] } },
{ "type": "Feature", "properties": { "OBJECTID": 424435, "SegmentID": 524435 }, "geometry": { "type": "LineString", "coordinates": [ [ 77.446439515075042, 13.069620894823121 ], [ 77.445918699742833, 13.069893200222765 ] ] } },
{ "type": "Feature", "properties": { "OBJECTID": 424789, "SegmentID": 524789 }, "geometry": { "type": "LineString", "coordinates": [ [ 77.593012899668622, 13.068382000106798 ], [ 77.593160000353464, 13.067385000318051 ] ] } },
{ "type": "Feature", "properties": { "OBJECTID": 424923, "SegmentID": 524923 }, "geometry": { "type": "LineString", "coordinates": [ [ 77.445918699742833, 13.069893200222765 ], [ 77.445430100432432, 13.070165300029061 ] ] } },
{ "type": "Feature", "properties": { "OBJECTID": 425125, "SegmentID": 525125 }, "geometry": { "type": "LineString", "coordinates": [ [ 77.777204830590676, 13.066659028702524 ], [ 77.777316100013593, 13.066761400111119 ], [ 77.777642425989882, 13.066992842187529 ] ] } },
{ "type": "Feature", "properties": { "OBJECTID": 425361, "SegmentID": 525361 }, "geometry": { "type": "LineString", "coordinates": [ [ 77.362673299831343, 13.070915400165543 ], [ 77.362280672711549, 13.070236552253496 ] ] } },
{ "type": "Feature", "properties": { "OBJECTID": 425392, "SegmentID": 525392 }, "geometry": { "type": "LineString", "coordinates": [ [ 77.445430100432432, 13.070165300029061 ], [ 77.444440700387162, 13.070740600093732 ] ] } },
{ "type": "Feature", "properties": { "OBJECTID": 425713, "SegmentID": 525713 }, "geometry": { "type": "LineString", "coordinates": [ [ 77.592973900071826, 13.06889720044618 ], [ 77.592991399603179, 13.068629099912249 ], [ 77.59301200024035, 13.068392499766832 ], [ 77.593012899668622, 13.068382000106798 ] ] } },
{ "type": "Feature", "properties": { "OBJECTID": 425751, "SegmentID": 525751 }, "geometry": { "type": "LineString", "coordinates": [ [ 77.777642425989882, 13.066992842187529 ], [ 77.77785639954412, 13.067144600053373 ], [ 77.778631800187014, 13.067563699700054 ] ] } },
{ "type": "Feature", "properties": { "OBJECTID": 426206, "SegmentID": 526206 }, "geometry": { "type": "LineString", "coordinates": [ [ 77.362963817629165, 13.071391162957232 ], [ 77.362772200397075, 13.071049799919679 ], [ 77.362673299831343, 13.070915400165543 ] ] } },
{ "type": "Feature", "properties": { "OBJECTID": 426387, "SegmentID": 526387 }, "geometry": { "type": "LineString", "coordinates": [ [ 77.444440700387162, 13.070740600093732 ], [ 77.443393100287224, 13.071331599822846 ] ] } },
{ "type": "Feature", "properties": { "OBJECTID": 426782, "SegmentID": 526782 }, "geometry": { "type": "LineString", "coordinates": [ [ 77.778631800187014, 13.067563699700054 ], [ 77.779431400239872, 13.067995999854046 ] ] } },
{ "type": "Feature", "properties": { "OBJECTID": 426810, "SegmentID": 526810 }, "geometry": { "type": "LineString", "coordinates": [ [ 77.59293385313606, 13.069509394531423 ], [ 77.592950100264204, 13.06926150003847 ], [ 77.592973900071826, 13.06889720044618 ] ] } },
{ "type": "Feature", "properties": { "OBJECTID": 427124, "SegmentID": 527124 }, "geometry": { "type": "LineString", "coordinates": [ [ 77.592922600287679, 13.069681099601258 ], [ 77.59293385313606, 13.069509394531423 ] ] } },
{ "type": "Feature", "properties": { "OBJECTID": 427473, "SegmentID": 527473 }, "geometry": { "type": "LineString", "coordinates": [ [ 77.443393100287224, 13.071331599822846 ], [ 77.442279299551174, 13.071880999565929 ], [ 77.442147244354373, 13.071959796963741 ] ] } },
{ "type": "Feature", "properties": { "OBJECTID": 427560, "SegmentID": 527560 }, "geometry": { "type": "LineString", "coordinates": [ [ 77.779431400239872, 13.067995999854046 ], [ 77.779751699629998, 13.068169100205454 ] ] } },
{ "type": "Feature", "properties": { "OBJECTID": 427921, "SegmentID": 527921 }, "geometry": { "type": "LineString", "coordinates": [ [ 77.779751699629998, 13.068169100205454 ], [ 77.780087600427692, 13.068350700251035 ], [ 77.780177600025326, 13.068382199857675 ] ] } },
{ "type": "Feature", "properties": { "OBJECTID": 428334, "SegmentID": 528334 }, "geometry": { "type": "LineString", "coordinates": [ [ 77.780177600025326, 13.068382199857675 ], [ 77.780196099753169, 13.068392499829487 ], [ 77.780884999577395, 13.068774000003629 ] ] } },
{ "type": "Feature", "properties": { "OBJECTID": 428649, "SegmentID": 528649 }, "geometry": { "type": "LineString", "coordinates": [ [ 77.442147244354373, 13.071959796963741 ], [ 77.441005356964823, 13.072641145596338 ] ] } },
{ "type": "Feature", "properties": { "OBJECTID": 428729, "SegmentID": 528729 }, "geometry": { "type": "LineString", "coordinates": [ [ 77.363725429834759, 13.072747944974548 ], [ 77.362963817629165, 13.071391162957232 ] ] } },
{ "type": "Feature", "properties": { "OBJECTID": 429046, "SegmentID": 529046 }, "geometry": { "type": "LineString", "coordinates": [ [ 77.780884999577395, 13.068774000003629 ], [ 77.78175007233277, 13.069253237506647 ] ] } },
{ "type": "Feature", "properties": { "OBJECTID": 429246, "SegmentID": 529246 }, "geometry": { "type": "LineString", "coordinates": [ [ 77.363909299539642, 13.073075499812346 ], [ 77.363725429834759, 13.072747944974548 ] ] } },
{ "type": "Feature", "properties": { "OBJECTID": 429701, "SegmentID": 529701 }, "geometry": { "type": "LineString", "coordinates": [ [ 77.441005356964823, 13.072641145596338 ], [ 77.440808608743382, 13.072758541756825 ] ] } },
{ "type": "Feature", "properties": { "OBJECTID": 429821, "SegmentID": 529821 }, "geometry": { "type": "LineString", "coordinates": [ [ 77.78175007233277, 13.069253237506647 ], [ 77.781809322454791, 13.0692860603812 ], [ 77.782241899902814, 13.069525699816989 ] ] } },
{ "type": "Feature", "properties": { "OBJECTID": 429935, "SegmentID": 529935 }, "geometry": { "type": "LineString", "coordinates": [ [ 77.440808608743382, 13.072758541756825 ], [ 77.440667899947229, 13.072842499958888 ], [ 77.440479638549391, 13.072947192554047 ] ] } },
{ "type": "Feature", "properties": { "OBJECTID": 430259, "SegmentID": 530259 }, "geometry": { "type": "LineString", "coordinates": [ [ 77.440479638549391, 13.072947192554047 ], [ 77.440184985808941, 13.073111050351701 ] ] } },
{ "type": "Feature", "properties": { "OBJECTID": 430321, "SegmentID": 530321 }, "geometry": { "type": "LineString", "coordinates": [ [ 77.782241899902814, 13.069525699816989 ], [ 77.782491399883739, 13.069660499910947 ] ] } },
{ "type": "Feature", "properties": { "OBJECTID": 430499, "SegmentID": 530499 }, "geometry": { "type": "LineString", "coordinates": [ [ 77.592790951086272, 13.071594729938019 ], [ 77.592906899718599, 13.069921500076328 ], [ 77.592922600287679, 13.069681099601258 ] ] } },
{ "type": "Feature", "properties": { "OBJECTID": 430563, "SegmentID": 530563 }, "geometry": { "type": "LineString", "coordinates": [ [ 77.440184985808941, 13.073111050351701 ], [ 77.43905560000168, 13.073739099603975 ] ] } },
{ "type": "Feature", "properties": { "OBJECTID": 430584, "SegmentID": 530584 }, "geometry": { "type": "LineString", "coordinates": [ [ 77.782491399883739, 13.069660499910947 ], [ 77.78257677855332, 13.06970665744004 ], [ 77.782822500221556, 13.06983949974704 ], [ 77.783624900036273, 13.070233799795677 ] ] } },
{ "type": "Feature", "properties": { "OBJECTID": 431022, "SegmentID": 531022 }, "geometry": { "type": "LineString", "coordinates": [ [ 77.592770949558656, 13.071883370696817 ], [ 77.592790951086272, 13.071594729938019 ] ] } },
{ "type": "Feature", "properties": { "OBJECTID": 431077, "SegmentID": 531077 }, "geometry": { "type": "LineString", "coordinates": [ [ 77.592769000337867, 13.071911499592044 ], [ 77.592770949558656, 13.071883370696817 ] ] } },
{ "type": "Feature", "properties": { "OBJECTID": 431646, "SegmentID": 531646 }, "geometry": { "type": "LineString", "coordinates": [ [ 77.592749247844438, 13.072193101938511 ], [ 77.592769000337867, 13.071911499592044 ] ] } },
{ "type": "Feature", "properties": { "OBJECTID": 431703, "SegmentID": 531703 }, "geometry": { "type": "LineString", "coordinates": [ [ 77.783624900036273, 13.070233799795677 ], [ 77.784046672005744, 13.070474830186305 ], [ 77.784721199841769, 13.070860300056722 ] ] } },
{ "type": "Feature", "properties": { "OBJECTID": 431743, "SegmentID": 531743 }, "geometry": { "type": "LineString", "coordinates": [ [ 77.43905560000168, 13.073739099603975 ], [ 77.438837199805889, 13.073859699677396 ] ] } },
{ "type": "Feature", "properties": { "OBJECTID": 431984, "SegmentID": 531984 }, "geometry": { "type": "LineString", "coordinates": [ [ 77.438837199805889, 13.073859699677396 ], [ 77.43851138864116, 13.074039628484751 ] ] } },
{ "type": "Feature", "properties": { "OBJECTID": 432161, "SegmentID": 532161 }, "geometry": { "type": "LineString", "coordinates": [ [ 77.592730800393497, 13.072456100398499 ], [ 77.592749247844438, 13.072193101938511 ] ] } },
{ "type": "Feature", "properties": { "OBJECTID": 432326, "SegmentID": 532326 }, "geometry": { "type": "LineString", "coordinates": [ [ 77.43851138864116, 13.074039628484751 ], [ 77.438039779815242, 13.07430007263242 ] ] } },
{ "type": "Feature", "properties": { "OBJECTID": 432729, "SegmentID": 532729 }, "geometry": { "type": "LineString", "coordinates": [ [ 77.438039779815242, 13.07430007263242 ], [ 77.437420800161419, 13.074641900151892 ] ] } },
{ "type": "Feature", "properties": { "OBJECTID": 432855, "SegmentID": 532855 }, "geometry": { "type": "LineString", "coordinates": [ [ 77.784721199841769, 13.070860300056722 ], [ 77.785305800365819, 13.071194399599689 ], [ 77.785639839971097, 13.071384313128412 ], [ 77.786070400221917, 13.071629099917532 ] ] } },
{ "type": "Feature", "properties": { "OBJECTID": 432896, "SegmentID": 532896 }, "geometry": { "type": "LineString", "coordinates": [ [ 77.365073600256949, 13.075066300281708 ], [ 77.364950199627899, 13.074848699644708 ], [ 77.363909299539642, 13.073075499812346 ] ] } },
{ "type": "Feature", "properties": { "OBJECTID": 433337, "SegmentID": 533337 }, "geometry": { "type": "LineString", "coordinates": [ [ 77.365200920331915, 13.075302566112621 ], [ 77.365073600256949, 13.075066300281708 ] ] } },
{ "type": "Feature", "properties": { "OBJECTID": 433362, "SegmentID": 533362 }, "geometry": { "type": "LineString", "coordinates": [ [ 77.437420800161419, 13.074641900151892 ], [ 77.437317939413973, 13.074698724469636 ] ] } },
{ "type": "Feature", "properties": { "OBJECTID": 433452, "SegmentID": 533452 }, "geometry": { "type": "LineString", "coordinates": [ [ 77.437317939413973, 13.074698724469636 ], [ 77.436833400369835, 13.07496639963284 ] ] } },
{ "type": "Feature", "properties": { "OBJECTID": 433508, "SegmentID": 533508 }, "geometry": { "type": "LineString", "coordinates": [ [ 77.592685235664092, 13.073226536918945 ], [ 77.592708399807478, 13.07277549994234 ], [ 77.592730800393497, 13.072456100398499 ] ] } },
{ "type": "Feature", "properties": { "OBJECTID": 433616, "SegmentID": 533616 }, "geometry": { "type": "LineString", "coordinates": [ [ 77.365288656473538, 13.075465375484457 ], [ 77.365200920331915, 13.075302566112621 ] ] } },
{ "type": "Feature", "properties": { "OBJECTID": 433923, "SegmentID": 533923 }, "geometry": { "type": "LineString", "coordinates": [ [ 77.436833400369835, 13.07496639963284 ], [ 77.436711699689226, 13.075033500288107 ] ] } },
{ "type": "Feature", "properties": { "OBJECTID": 433985, "SegmentID": 533985 }, "geometry": { "type": "LineString", "coordinates": [ [ 77.592672300001865, 13.07347840037208 ], [ 77.592685235664092, 13.073226536918945 ] ] } },
{ "type": "Feature", "properties": { "OBJECTID": 434045, "SegmentID": 534045 }, "geometry": { "type": "LineString", "coordinates": [ [ 77.436711699689226, 13.075033500288107 ], [ 77.436505200272038, 13.07514760030551 ] ] } },
{ "type": "Feature", "properties": { "OBJECTID": 434279, "SegmentID": 534279 }, "geometry": { "type": "LineString", "coordinates": [ [ 77.436505200272038, 13.07514760030551 ], [ 77.436346668560219, 13.075234653125095 ] ] } },
{ "type": "Feature", "properties": { "OBJECTID": 434306, "SegmentID": 534306 }, "geometry": { "type": "LineString", "coordinates": [ [ 77.786070400221917, 13.071629099917532 ], [ 77.78701050036706, 13.072164200098511 ] ] } },
{ "type": "Feature", "properties": { "OBJECTID": 434437, "SegmentID": 534437 }, "geometry": { "type": "LineString", "coordinates": [ [ 77.436346668560219, 13.075234653125095 ], [ 77.436164323479701, 13.075334782337645 ] ] } },
{ "type": "Feature", "properties": { "OBJECTID": 434525, "SegmentID": 534525 }, "geometry": { "type": "LineString", "coordinates": [ [ 77.365545663339375, 13.07594229622844 ], [ 77.365288656473538, 13.075465375484457 ] ] } },
{ "type": "Feature", "properties": { "OBJECTID": 434613, "SegmentID": 534613 }, "geometry": { "type": "LineString", "coordinates": [ [ 77.436164323479701, 13.075334782337645 ], [ 77.435875099933853, 13.075493600133397 ] ] } },
{ "type": "Feature", "properties": { "OBJECTID": 434722, "SegmentID": 534722 }, "geometry": { "type": "LineString", "coordinates": [ [ 77.365598800005984, 13.076040900291142 ], [ 77.365545663339375, 13.07594229622844 ] ] } },
{ "type": "Feature", "properties": { "OBJECTID": 434879, "SegmentID": 534879 }, "geometry": { "type": "LineString", "coordinates": [ [ 77.435875099933853, 13.075493600133397 ], [ 77.435818700437451, 13.075524600097916 ] ] } },
{ "type": "Feature", "properties": { "OBJECTID": 434929, "SegmentID": 534929 }, "geometry": { "type": "LineString", "coordinates": [ [ 77.435818700437451, 13.075524600097916 ], [ 77.435389299863843, 13.075760199842685 ] ] } },
{ "type": "Feature", "properties": { "OBJECTID": 435234, "SegmentID": 535234 }, "geometry": { "type": "LineString", "coordinates": [ [ 77.78701050036706, 13.072164200098511 ], [ 77.787671399703413, 13.072541600172764 ] ] } },
{ "type": "Feature", "properties": { "OBJECTID": 435317, "SegmentID": 535317 }, "geometry": { "type": "LineString", "coordinates": [ [ 77.435389299863843, 13.075760199842685 ], [ 77.435227400005516, 13.075848999671624 ] ] } },
{ "type": "Feature", "properties": { "OBJECTID": 435467, "SegmentID": 535467 }, "geometry": { "type": "LineString", "coordinates": [ [ 77.435227400005516, 13.075848999671624 ], [ 77.43511920014403, 13.075908399898928 ] ] } },
{ "type": "Feature", "properties": { "OBJECTID": 435541, "SegmentID": 535541 }, "geometry": { "type": "LineString", "coordinates": [ [ 77.43511920014403, 13.075908399898928 ], [ 77.435033000095444, 13.075955700355511 ] ] } },
{ "type": "Feature", "properties": { "OBJECTID": 435618, "SegmentID": 535618 }, "geometry": { "type": "LineString", "coordinates": [ [ 77.435033000095444, 13.075955700355511 ], [ 77.434801200374494, 13.076068000419633 ] ] } },
{ "type": "Feature", "properties": { "OBJECTID": 435815, "SegmentID": 535815 }, "geometry": { "type": "LineString", "coordinates": [ [ 77.434801200374494, 13.076068000419633 ], [ 77.434727222643701, 13.076103838109775 ] ] } },
{ "type": "Feature", "properties": { "OBJECTID": 435875, "SegmentID": 535875 }, "geometry": { "type": "LineString", "coordinates": [ [ 77.434727222643701, 13.076103838109775 ], [ 77.434496094950575, 13.076215806336236 ] ] } },
{ "type": "Feature", "properties": { "OBJECTID": 435894, "SegmentID": 535894 }, "geometry": { "type": "LineString", "coordinates": [ [ 77.787671399703413, 13.072541600172764 ], [ 77.788115600376912, 13.072795199823744 ] ] } },
{ "type": "Feature", "properties": { "OBJECTID": 436078, "SegmentID": 536078 }, "geometry": { "type": "LineString", "coordinates": [ [ 77.434496094950575, 13.076215806336236 ], [ 77.433452089385526, 13.076721564499808 ] ] } },
{ "type": "Feature", "properties": { "OBJECTID": 436371, "SegmentID": 536371 }, "geometry": { "type": "LineString", "coordinates": [ [ 77.788115600376912, 13.072795199823744 ], [ 77.788690040276293, 13.073123169570907 ], [ 77.789246899977186, 13.073441099621492 ] ] } },
{ "type": "Feature", "properties": { "OBJECTID": 436915, "SegmentID": 536915 }, "geometry": { "type": "LineString", "coordinates": [ [ 77.433452089385526, 13.076721564499808 ], [ 77.433245661378251, 13.076821565735607 ] ] } },
{ "type": "Feature", "properties": { "OBJECTID": 437102, "SegmentID": 537102 }, "geometry": { "type": "LineString", "coordinates": [ [ 77.433245661378251, 13.076821565735607 ], [ 77.432992099702815, 13.076944399599933 ] ] } },
{ "type": "Feature", "properties": { "OBJECTID": 437291, "SegmentID": 537291 }, "geometry": { "type": "LineString", "coordinates": [ [ 77.432992099702815, 13.076944399599933 ], [ 77.432927599693116, 13.076972399769144 ] ] } },
{ "type": "Feature", "properties": { "OBJECTID": 437298, "SegmentID": 537298 }, "geometry": { "type": "LineString", "coordinates": [ [ 77.366449803137101, 13.077567814461384 ], [ 77.365786999863133, 13.076390099830732 ], [ 77.365598800005984, 13.076040900291142 ] ] } },
{ "type": "Feature", "properties": { "OBJECTID": 437327, "SegmentID": 537327 }, "geometry": { "type": "LineString", "coordinates": [ [ 77.432927599693116, 13.076972399769144 ], [ 77.432646499776141, 13.077094900150332 ], [ 77.432297535035744, 13.077218310743667 ] ] } },
{ "type": "Feature", "properties": { "OBJECTID": 437460, "SegmentID": 537460 }, "geometry": { "type": "LineString", "coordinates": [ [ 77.789246899977186, 13.073441099621492 ], [ 77.789374821240642, 13.073514150265838 ], [ 77.789478400270511, 13.073573300124705 ] ] } },
{ "type": "Feature", "properties": { "OBJECTID": 437663, "SegmentID": 537663 }, "geometry": { "type": "LineString", "coordinates": [ [ 77.366578034856317, 13.077795663988219 ], [ 77.366449803137101, 13.077567814461384 ] ] } },
{ "type": "Feature", "properties": { "OBJECTID": 437666, "SegmentID": 537666 }, "geometry": { "type": "LineString", "coordinates": [ [ 77.789478400270511, 13.073573300124705 ], [ 77.789905255563369, 13.073817005282994 ], [ 77.789995099917789, 13.073868300088485 ] ] } },
{ "type": "Feature", "properties": { "OBJECTID": 437733, "SegmentID": 537733 }, "geometry": { "type": "LineString", "coordinates": [ [ 77.432297535035744, 13.077218310743667 ], [ 77.431961045969743, 13.077337308010259 ] ] } },
{ "type": "Feature", "properties": { "OBJECTID": 437950, "SegmentID": 537950 }, "geometry": { "type": "LineString", "coordinates": [ [ 77.431961045969743, 13.077337308010259 ], [ 77.431886700022872, 13.077363599972223 ], [ 77.431713151598686, 13.077420954606351 ] ] } },
{ "type": "Feature", "properties": { "OBJECTID": 438076, "SegmentID": 538076 }, "geometry": { "type": "LineString", "coordinates": [ [ 77.431713151598686, 13.077420954606351 ], [ 77.431673339898254, 13.077434111860603 ] ] } },
{ "type": "Feature", "properties": { "OBJECTID": 438103, "SegmentID": 538103 }, "geometry": { "type": "LineString", "coordinates": [ [ 77.431673339898254, 13.077434111860603 ], [ 77.430828329906305, 13.077713370576765 ] ] } },
{ "type": "Feature", "properties": { "OBJECTID": 438189, "SegmentID": 538189 }, "geometry": { "type": "LineString", "coordinates": [ [ 77.789995099917789, 13.073868300088485 ], [ 77.790231467003025, 13.074003198608276 ], [ 77.790375499943153, 13.074085400152514 ] ] } },
{ "type": "Feature", "properties": { "OBJECTID": 438336, "SegmentID": 538336 }, "geometry": { "type": "LineString", "coordinates": [ [ 77.592749600270778, 13.076013100357136 ], [ 77.592671400367067, 13.075083900342062 ], [ 77.592661699737135, 13.074626000301267 ], [ 77.592676199755147, 13.073542399951474 ], [ 77.592672300001865, 13.07347840037208 ] ] } },
{ "type": "Feature", "properties": { "OBJECTID": 438489, "SegmentID": 538489 }, "geometry": { "type": "LineString", "coordinates": [ [ 77.366854499696885, 13.078286900140249 ], [ 77.366578034856317, 13.077795663988219 ] ] } },
{ "type": "Feature", "properties": { "OBJECTID": 438516, "SegmentID": 538516 }, "geometry": { "type": "LineString", "coordinates": [ [ 77.430828329906305, 13.077713370576765 ], [ 77.430555000452756, 13.07780369967249 ], [ 77.430165999587615, 13.077937200338138 ] ] } },
{ "type": "Feature", "properties": { "OBJECTID": 438527, "SegmentID": 538527 }, "geometry": { "type": "LineString", "coordinates": [ [ 77.790375499943153, 13.074085400152514 ], [ 77.790862899690424, 13.074363700142241 ] ] } },
{ "type": "Feature", "properties": { "OBJECTID": 438704, "SegmentID": 538704 }, "geometry": { "type": "LineString", "coordinates": [ [ 77.366918899754452, 13.078401299681181 ], [ 77.366854499696885, 13.078286900140249 ] ] } },
{ "type": "Feature", "properties": { "OBJECTID": 438844, "SegmentID": 538844 }, "geometry": { "type": "LineString", "coordinates": [ [ 77.592774399728313, 13.07630669998284 ], [ 77.592749600270778, 13.076013100357136 ] ] } },
{ "type": "Feature", "properties": { "OBJECTID": 438923, "SegmentID": 538923 }, "geometry": { "type": "LineString", "coordinates": [ [ 77.430165999587615, 13.077937200338138 ], [ 77.428887400233961, 13.078376300082807 ], [ 77.428735296128153, 13.078420280371329 ] ] } },
{ "type": "Feature", "properties": { "OBJECTID": 439064, "SegmentID": 539064 }, "geometry": { "type": "LineString", "coordinates": [ [ 77.790862899690424, 13.074363700142241 ], [ 77.791727600328826, 13.074863299725076 ] ] } },
{ "type": "Feature", "properties": { "OBJECTID": 439200, "SegmentID": 539200 }, "geometry": { "type": "LineString", "coordinates": [ [ 77.3670745002442, 13.078677499932523 ], [ 77.366918899754452, 13.078401299681181 ] ] } },
{ "type": "Feature", "properties": { "OBJECTID": 439258, "SegmentID": 539258 }, "geometry": { "type": "LineString", "coordinates": [ [ 77.592793999607139, 13.076539800333443 ], [ 77.592774399728313, 13.07630669998284 ] ] } },
{ "type": "Feature", "properties": { "OBJECTID": 439467, "SegmentID": 539467 }, "geometry": { "type": "LineString", "coordinates": [ [ 77.59280521052618, 13.076672927369565 ], [ 77.592793999607139, 13.076539800333443 ] ] } },
{ "type": "Feature", "properties": { "OBJECTID": 439635, "SegmentID": 539635 }, "geometry": { "type": "LineString", "coordinates": [ [ 77.367222100445488, 13.078939600014234 ], [ 77.3670745002442, 13.078677499932523 ] ] } },
{ "type": "Feature", "properties": { "OBJECTID": 439733, "SegmentID": 539733 }, "geometry": { "type": "LineString", "coordinates": [ [ 77.428735296128153, 13.078420280371329 ], [ 77.428237899700562, 13.078564100161644 ] ] } },
{ "type": "Feature", "properties": { "OBJECTID": 439941, "SegmentID": 539941 }, "geometry": { "type": "LineString", "coordinates": [ [ 77.791727600328826, 13.074863299725076 ], [ 77.792096300032227, 13.07507690006217 ] ] } },
{ "type": "Feature", "properties": { "OBJECTID": 439989, "SegmentID": 539989 }, "geometry": { "type": "LineString", "coordinates": [ [ 77.428237899700562, 13.078564100161644 ], [ 77.427726800143972, 13.078760900115354 ] ] } },
{ "type": "Feature", "properties": { "OBJECTID": 440109, "SegmentID": 540109 }, "geometry": { "type": "LineString", "coordinates": [ [ 77.592835796772732, 13.077036168438024 ], [ 77.59280521052618, 13.076672927369565 ] ] } },
{ "type": "Feature", "properties": { "OBJECTID": 440266, "SegmentID": 540266 }, "geometry": { "type": "LineString", "coordinates": [ [ 77.36742090012676, 13.07929260016404 ], [ 77.367222100445488, 13.078939600014234 ] ] } },
{ "type": "Feature", "properties": { "OBJECTID": 440329, "SegmentID": 540329 }, "geometry": { "type": "LineString", "coordinates": [ [ 77.792096300032227, 13.07507690006217 ], [ 77.792414000462998, 13.075260900305237 ] ] } },
{ "type": "Feature", "properties": { "OBJECTID": 440330, "SegmentID": 540330 }, "geometry": { "type": "LineString", "coordinates": [ [ 77.427726800143972, 13.078760900115354 ], [ 77.426772299598369, 13.079052900088906 ], [ 77.425304499935464, 13.079556899884075 ] ] } },
{ "type": "Feature", "properties": { "OBJECTID": 440409, "SegmentID": 540409 }, "geometry": { "type": "LineString", "coordinates": [ [ 77.592850300176494, 13.077208399869626 ], [ 77.592835796772732, 13.077036168438024 ] ] } },
{ "type": "Feature", "properties": { "OBJECTID": 440503, "SegmentID": 540503 }, "geometry": { "type": "LineString", "coordinates": [ [ 77.367517499958836, 13.079435300280288 ], [ 77.36742090012676, 13.07929260016404 ] ] } },
{ "type": "Feature", "properties": { "OBJECTID": 440601, "SegmentID": 540601 }, "geometry": { "type": "LineString", "coordinates": [ [ 77.792414000462998, 13.075260900305237 ], [ 77.792520641373429, 13.075322627866372 ], [ 77.792709187182297, 13.075431766721891 ], [ 77.792758999929589, 13.075460600286982 ] ] } },
{ "type": "Feature", "properties": { "OBJECTID": 440780, "SegmentID": 540780 }, "geometry": { "type": "LineString", "coordinates": [ [ 77.592873499732818, 13.077457600176796 ], [ 77.592850300176494, 13.077208399869626 ] ] } },
{ "type": "Feature", "properties": { "OBJECTID": 440906, "SegmentID": 540906 }, "geometry": { "type": "LineString", "coordinates": [ [ 77.792758999929589, 13.075460600286982 ], [ 77.793445400266378, 13.075858200177276 ] ] } },
{ "type": "Feature", "properties": { "OBJECTID": 441493, "SegmentID": 541493 }, "geometry": { "type": "LineString", "coordinates": [ [ 77.425304499935464, 13.079556899884075 ], [ 77.425202800085657, 13.079591800335388 ] ] } },
{ "type": "Feature", "properties": { "OBJECTID": 441529, "SegmentID": 541529 }, "geometry": { "type": "LineString", "coordinates": [ [ 77.793445400266378, 13.075858200177276 ], [ 77.793563100027313, 13.075926399778229 ] ] } },
{ "type": "Feature", "properties": { "OBJECTID": 441557, "SegmentID": 541557 }, "geometry": { "type": "LineString", "coordinates": [ [ 77.425202800085657, 13.079591800335388 ], [ 77.425064407359457, 13.079639360668226 ] ] } },
{ "type": "Feature", "properties": { "OBJECTID": 441629, "SegmentID": 541629 }, "geometry": { "type": "LineString", "coordinates": [ [ 77.425064407359457, 13.079639360668226 ], [ 77.425012499855981, 13.079657199825162 ], [ 77.424555579350908, 13.079803975148135 ] ] } },
{ "type": "Feature", "properties": { "OBJECTID": 441657, "SegmentID": 541657 }, "geometry": { "type": "LineString", "coordinates": [ [ 77.793563100027313, 13.075926399778229 ], [ 77.793743399667974, 13.076029399622271 ] ] } },
{ "type": "Feature", "properties": { "OBJECTID": 441689, "SegmentID": 541689 }, "geometry": { "type": "LineString", "coordinates": [ [ 77.368129399993052, 13.080201399610637 ], [ 77.367557299630391, 13.079493999711778 ], [ 77.367517499958836, 13.079435300280288 ] ] } },
{ "type": "Feature", "properties": { "OBJECTID": 441720, "SegmentID": 541720 }, "geometry": { "type": "LineString", "coordinates": [ [ 77.592933099978225, 13.078057999958451 ], [ 77.592873499732818, 13.077457600176796 ] ] } },
{ "type": "Feature", "properties": { "OBJECTID": 441837, "SegmentID": 541837 }, "geometry": { "type": "LineString", "coordinates": [ [ 77.793743399667974, 13.076029399622271 ], [ 77.794067988037227, 13.076214932467799 ], [ 77.794534700421323, 13.076481699558267 ], [ 77.794905799861908, 13.076683000401539 ] ] } },
{ "type": "Feature", "properties": { "OBJECTID": 441912, "SegmentID": 541912 }, "geometry": { "type": "LineString", "coordinates": [ [ 77.424555579350908, 13.079803975148135 ], [ 77.424412300097458, 13.07984999988556 ] ] } },
{ "type": "Feature", "properties": { "OBJECTID": 441969, "SegmentID": 541969 }, "geometry": { "type": "LineString", "coordinates": [ [ 77.424412300097458, 13.07984999988556 ], [ 77.424225800255954, 13.079909999780043 ] ] } },
{ "type": "Feature", "properties": { "OBJECTID": 442062, "SegmentID": 542062 }, "geometry": { "type": "LineString", "coordinates": [ [ 77.424225800255954, 13.079909999780043 ], [ 77.423707091386206, 13.08009803665302 ] ] } },
{ "type": "Feature", "properties": { "OBJECTID": 442135, "SegmentID": 542135 }, "geometry": { "type": "LineString", "coordinates": [ [ 77.592959600308149, 13.078324500258541 ], [ 77.592933099978225, 13.078057999958451 ] ] } },
{ "type": "Feature", "properties": { "OBJECTID": 442330, "SegmentID": 542330 }, "geometry": { "type": "LineString", "coordinates": [ [ 77.423707091386206, 13.08009803665302 ], [ 77.423645399680183, 13.080120400186582 ] ] } },
{ "type": "Feature", "properties": { "OBJECTID": 442364, "SegmentID": 542364 }, "geometry": { "type": "LineString", "coordinates": [ [ 77.423645399680183, 13.080120400186582 ], [ 77.423490099977826, 13.080176799695421 ], [ 77.4234296972637, 13.080201571651644 ] ] } },
{ "type": "Feature", "properties": { "OBJECTID": 442453, "SegmentID": 542453 }, "geometry": { "type": "LineString", "coordinates": [ [ 77.4234296972637, 13.080201571651644 ], [ 77.423320364424185, 13.080246410623966 ] ] } },
{ "type": "Feature", "properties": { "OBJECTID": 442504, "SegmentID": 542504 }, "geometry": { "type": "LineString", "coordinates": [ [ 77.423320364424185, 13.080246410623966 ], [ 77.423195300148635, 13.080297700314722 ], [ 77.423081128615138, 13.080364277611636 ] ] } },
{ "type": "Feature", "properties": { "OBJECTID": 442554, "SegmentID": 542554 }, "geometry": { "type": "LineString", "coordinates": [ [ 77.592990000255639, 13.078629900084509 ], [ 77.592959600308149, 13.078324500258541 ] ] } },
{ "type": "Feature", "properties": { "OBJECTID": 442680, "SegmentID": 542680 }, "geometry": { "type": "LineString", "coordinates": [ [ 77.423081128615138, 13.080364277611636 ], [ 77.423023300016112, 13.08039800013899 ] ] } },
{ "type": "Feature", "properties": { "OBJECTID": 442727, "SegmentID": 542727 }, "geometry": { "type": "LineString", "coordinates": [ [ 77.423023300016112, 13.08039800013899 ], [ 77.422798100029141, 13.080529299922619 ], [ 77.422703822852569, 13.080574496999901 ] ] } },
{ "type": "Feature", "properties": { "OBJECTID": 442788, "SegmentID": 542788 }, "geometry": { "type": "LineString", "coordinates": [ [ 77.794905799861908, 13.076683000401539 ], [ 77.795165500348446, 13.076791999775303 ] ] } },
{ "type": "Feature", "properties": { "OBJECTID": 442963, "SegmentID": 542963 }, "geometry": { "type": "LineString", "coordinates": [ [ 77.593015918802237, 13.078890710972596 ], [ 77.592990000255639, 13.078629900084509 ] ] } },
{ "type": "Feature", "properties": { "OBJECTID": 442987, "SegmentID": 542987 }, "geometry": { "type": "LineString", "coordinates": [ [ 77.795165500348446, 13.076791999775303 ], [ 77.795291288320328, 13.076850453700491 ] ] } },
{ "type": "Feature", "properties": { "OBJECTID": 443013, "SegmentID": 543013 }, "geometry": { "type": "LineString", "coordinates": [ [ 77.422703822852569, 13.080574496999901 ], [ 77.422659592448767, 13.080595700728258 ] ] } },
{ "type": "Feature", "properties": { "OBJECTID": 443040, "SegmentID": 543040 }, "geometry": { "type": "LineString", "coordinates": [ [ 77.422659592448767, 13.080595700728258 ], [ 77.422424300192347, 13.08070850020917 ] ] } },
{ "type": "Feature", "properties": { "OBJECTID": 443058, "SegmentID": 543058 }, "geometry": { "type": "LineString", "coordinates": [ [ 77.795291288320328, 13.076850453700491 ], [ 77.795365199753221, 13.076884800422281 ] ] } },
{ "type": "Feature", "properties": { "OBJECTID": 443103, "SegmentID": 543103 }, "geometry": { "type": "LineString", "coordinates": [ [ 77.795365199753221, 13.076884800422281 ], [ 77.795516400258904, 13.076964900135609 ] ] } },
{ "type": "Feature", "properties": { "OBJECTID": 443148, "SegmentID": 543148 }, "geometry": { "type": "LineString", "coordinates": [ [ 77.806025626965976, 13.076805351463566 ], [ 77.806445800318684, 13.076810099779074 ], [ 77.807078200217191, 13.076867300244599 ], [ 77.807105216706063, 13.076872657382992 ], [ 77.807563300336824, 13.076963500106562 ], [ 77.807599142399482, 13.076974554862675 ], [ 77.807802899979762, 13.077037400235776 ] ] } },
{ "type": "Feature", "properties": { "OBJECTID": 443179, "SegmentID": 543179 }, "geometry": { "type": "LineString", "coordinates": [ [ 77.422424300192347, 13.08070850020917 ], [ 77.422024390252787, 13.080900238580572 ] ] } },
{ "type": "Feature", "properties": { "OBJECTID": 443213, "SegmentID": 543213 }, "geometry": { "type": "LineString", "coordinates": [ [ 77.795516400258904, 13.076964900135609 ], [ 77.79587950002356, 13.077100799840167 ], [ 77.795913747298471, 13.077108867434696 ], [ 77.79600128813145, 13.077129488897642 ], [ 77.7962167601532, 13.077180246645504 ], [ 77.796227600323405, 13.077182800246474 ], [ 77.796746599824914, 13.077268099868105 ], [ 77.797185999880057, 13.077274299759759 ] ] } },
{ "type": "Feature", "properties": { "OBJECTID": 443441, "SegmentID": 543441 }, "geometry": { "type": "LineString", "coordinates": [ [ 77.422024390252787, 13.080900238580572 ], [ 77.421744288926163, 13.081034533021448 ] ] } },
{ "type": "Feature", "properties": { "OBJECTID": 443508, "SegmentID": 543508 }, "geometry": { "type": "LineString", "coordinates": [ [ 77.807802899979762, 13.077037400235776 ], [ 77.807934214368942, 13.077077907634338 ], [ 77.808244100435189, 13.077173500127353 ], [ 77.80889334438649, 13.077505516687317 ], [ 77.809133589546789, 13.077628375419483 ], [ 77.809675500364804, 13.07790549995376 ], [ 77.810341428084328, 13.078260730940471 ], [ 77.810488192874388, 13.078339020940327 ], [ 77.81059325906314, 13.078395067247923 ], [ 77.811037799964751, 13.078632199857724 ] ] } },
{ "type": "Feature", "properties": { "OBJECTID": 443548, "SegmentID": 543548 }, "geometry": { "type": "LineString", "coordinates": [ [ 77.593058371182337, 13.07931788670291 ], [ 77.593015918802237, 13.078890710972596 ] ] } },
{ "type": "Feature", "properties": { "OBJECTID": 443614, "SegmentID": 543614 }, "geometry": { "type": "LineString", "coordinates": [ [ 77.421744288926163, 13.081034533021448 ], [ 77.421655846142016, 13.08107693731532 ] ] } },
{ "type": "Feature", "properties": { "OBJECTID": 443659, "SegmentID": 543659 }, "geometry": { "type": "LineString", "coordinates": [ [ 77.369960900345987, 13.081533899775755 ], [ 77.369783500027822, 13.081427300370725 ], [ 77.36857650033113, 13.080617400247077 ], [ 77.368129399993052, 13.080201399610637 ] ] } },
{ "type": "Feature", "properties": { "OBJECTID": 443681, "SegmentID": 543681 }, "geometry": { "type": "LineString", "coordinates": [ [ 77.797185999880057, 13.077274299759759 ], [ 77.797676599819667, 13.077288799810091 ] ] } },
{ "type": "Feature", "properties": { "OBJECTID": 443688, "SegmentID": 543688 }, "geometry": { "type": "LineString", "coordinates": [ [ 77.421655846142016, 13.08107693731532 ], [ 77.421409599895114, 13.081194999799006 ], [ 77.421176347226094, 13.081304420741246 ] ] } },
{ "type": "Feature", "properties": { "OBJECTID": 443708, "SegmentID": 543708 }, "geometry": { "type": "LineString", "coordinates": [ [ 77.797676599819667, 13.077288799810091 ], [ 77.797863699854176, 13.077294400013947 ] ] } },
{ "type": "Feature", "properties": { "OBJECTID": 443716, "SegmentID": 543716 }, "geometry": { "type": "LineString", "coordinates": [ [ 77.797863699854176, 13.077294400013947 ], [ 77.798314699678613, 13.077307700362837 ] ] } },
{ "type": "Feature", "properties": { "OBJECTID": 443742, "SegmentID": 543742 }, "geometry": { "type": "LineString", "coordinates": [ [ 77.798314699678613, 13.077307700362837 ], [ 77.798368224561997, 13.077309063033137 ], [ 77.798427233640695, 13.077310564955599 ], [ 77.798770300348906, 13.07731929970811 ] ] } },
{ "type": "Feature", "properties": { "OBJECTID": 443760, "SegmentID": 543760 }, "geometry": { "type": "LineString", "coordinates": [ [ 77.798770300348906, 13.07731929970811 ], [ 77.799371700013552, 13.077332699783465 ] ] } },
{ "type": "Feature", "properties": { "OBJECTID": 443773, "SegmentID": 543773 }, "geometry": { "type": "LineString", "coordinates": [ [ 77.799371700013552, 13.077332699783465 ], [ 77.79993939992147, 13.077345500209551 ], [ 77.800545900127659, 13.077366800171429 ] ] } },
{ "type": "Feature", "properties": { "OBJECTID": 443828, "SegmentID": 543828 }, "geometry": { "type": "LineString", "coordinates": [ [ 77.801698314554869, 13.077347135677579 ], [ 77.802296599895769, 13.077313999923911 ], [ 77.802571848035072, 13.077270042670353 ], [ 77.803644100332448, 13.077098800152186 ], [ 77.804008799608681, 13.077036899722176 ], [ 77.804470341394165, 13.076982979470799 ], [ 77.804683299743033, 13.076958099572183 ], [ 77.805897200171401, 13.076803900440357 ], [ 77.806025626965976, 13.076805351463566 ] ] } },
{ "type": "Feature", "properties": { "OBJECTID": 443833, "SegmentID": 543833 }, "geometry": { "type": "LineString", "coordinates": [ [ 77.801671239095469, 13.077348635470351 ], [ 77.801698314554869, 13.077347135677579 ] ] } },
{ "type": "Feature", "properties": { "OBJECTID": 443841, "SegmentID": 543841 }, "geometry": { "type": "LineString", "coordinates": [ [ 77.800545900127659, 13.077366800171429 ], [ 77.801032700125234, 13.0773839996827 ], [ 77.801671239095469, 13.077348635470351 ] ] } },
{ "type": "Feature", "properties": { "OBJECTID": 443865, "SegmentID": 543865 }, "geometry": { "type": "LineString", "coordinates": [ [ 77.593081581197637, 13.079551437576557 ], [ 77.593058371182337, 13.07931788670291 ] ] } },
{ "type": "Feature", "properties": { "OBJECTID": 443913, "SegmentID": 543913 }, "geometry": { "type": "LineString", "coordinates": [ [ 77.370283457346389, 13.081727669411281 ], [ 77.369960900345987, 13.081533899775755 ] ] } },
{ "type": "Feature", "properties": { "OBJECTID": 443984, "SegmentID": 543984 }, "geometry": { "type": "LineString", "coordinates": [ [ 77.421176347226094, 13.081304420741246 ], [ 77.420737899690053, 13.081510100024182 ], [ 77.419951600107851, 13.081879099602354 ], [ 77.419271351016704, 13.082195298664073 ] ] } },
{ "type": "Feature", "properties": { "OBJECTID": 444094, "SegmentID": 544094 }, "geometry": { "type": "LineString", "coordinates": [ [ 77.593098681480029, 13.07972350007806 ], [ 77.593081581197637, 13.079551437576557 ] ] } },
{ "type": "Feature", "properties": { "OBJECTID": 444223, "SegmentID": 544223 }, "geometry": { "type": "LineString", "coordinates": [ [ 77.59310983489874, 13.079835729468254 ], [ 77.593098681480029, 13.07972350007806 ] ] } },
{ "type": "Feature", "properties": { "OBJECTID": 444251, "SegmentID": 544251 }, "geometry": { "type": "LineString", "coordinates": [ [ 77.370736673457387, 13.081999928406281 ], [ 77.370283457346389, 13.081727669411281 ] ] } },
{ "type": "Feature", "properties": { "OBJECTID": 444275, "SegmentID": 544275 }, "geometry": { "type": "LineString", "coordinates": [ [ 77.593113258542445, 13.079876442447638 ], [ 77.593111700175868, 13.079854500252628 ], [ 77.59310983489874, 13.079835729468254 ] ] } },
{ "type": "Feature", "properties": { "OBJECTID": 444683, "SegmentID": 544683 }, "geometry": { "type": "LineString", "coordinates": [ [ 77.37123333035214, 13.082298280765135 ], [ 77.370736673457387, 13.081999928406281 ] ] } },
{ "type": "Feature", "properties": { "OBJECTID": 444870, "SegmentID": 544870 }, "geometry": { "type": "LineString", "coordinates": [ [ 77.371507200123588, 13.082462800186031 ], [ 77.37123333035214, 13.082298280765135 ] ] } },
{ "type": "Feature", "properties": { "OBJECTID": 444932, "SegmentID": 544932 }, "geometry": { "type": "LineString", "coordinates": [ [ 77.593149088740532, 13.080380895304872 ], [ 77.593113258542445, 13.079876442447638 ] ] } },
{ "type": "Feature", "properties": { "OBJECTID": 445122, "SegmentID": 545122 }, "geometry": { "type": "LineString", "coordinates": [ [ 77.419271351016704, 13.082195298664073 ], [ 77.418936599870861, 13.082350899574809 ] ] } },
{ "type": "Feature", "properties": { "OBJECTID": 445323, "SegmentID": 545323 }, "geometry": { "type": "LineString", "coordinates": [ [ 77.418936599870861, 13.082350899574809 ], [ 77.417321751303177, 13.08306400128412 ] ] } },
{ "type": "Feature", "properties": { "OBJECTID": 445330, "SegmentID": 545330 }, "geometry": { "type": "LineString", "coordinates": [ [ 77.372008899858841, 13.082794599583176 ], [ 77.371507200123588, 13.082462800186031 ] ] } },
{ "type": "Feature", "properties": { "OBJECTID": 445362, "SegmentID": 545362 }, "geometry": { "type": "LineString", "coordinates": [ [ 77.59317132198818, 13.080693921583533 ], [ 77.593149088740532, 13.080380895304872 ] ] } },
{ "type": "Feature", "properties": { "OBJECTID": 445484, "SegmentID": 545484 }, "geometry": { "type": "LineString", "coordinates": [ [ 77.593177277679345, 13.0807777668368 ], [ 77.59317132198818, 13.080693921583533 ] ] } },
{ "type": "Feature", "properties": { "OBJECTID": 445678, "SegmentID": 545678 }, "geometry": { "type": "LineString", "coordinates": [ [ 77.811037799964751, 13.078632199857724 ], [ 77.811208700403711, 13.078723399945334 ], [ 77.811481200358571, 13.078868800180963 ] ] } },
{ "type": "Feature", "properties": { "OBJECTID": 445980, "SegmentID": 545980 }, "geometry": { "type": "LineString", "coordinates": [ [ 77.811481200358571, 13.078868800180963 ], [ 77.812341200374149, 13.079361100052129 ], [ 77.812425155883957, 13.079409170993854 ], [ 77.812465947893728, 13.079432528815634 ] ] } },
{ "type": "Feature", "properties": { "OBJECTID": 446350, "SegmentID": 546350 }, "geometry": { "type": "LineString", "coordinates": [ [ 77.417321751303177, 13.08306400128412 ], [ 77.417156252060366, 13.08313708292588 ] ] } },
{ "type": "Feature", "properties": { "OBJECTID": 446356, "SegmentID": 546356 }, "geometry": { "type": "LineString", "coordinates": [ [ 77.593224317892179, 13.081361088365481 ], [ 77.593206699933134, 13.08119199979576 ], [ 77.593177277679345, 13.0807777668368 ] ] } },
{ "type": "Feature", "properties": { "OBJECTID": 446469, "SegmentID": 546469 }, "geometry": { "type": "LineString", "coordinates": [ [ 77.417156252060366, 13.08313708292588 ], [ 77.417029049575859, 13.083193253841268 ] ] } },
{ "type": "Feature", "properties": { "OBJECTID": 446473, "SegmentID": 546473 }, "geometry": { "type": "LineString", "coordinates": [ [ 77.373032714554512, 13.083552510916405 ], [ 77.372674899631221, 13.083235199880676 ], [ 77.372008899858841, 13.082794599583176 ] ] } },
{ "type": "Feature", "properties": { "OBJECTID": 446532, "SegmentID": 546532 }, "geometry": { "type": "LineString", "coordinates": [ [ 77.417029049575859, 13.083193253841268 ], [ 77.416245399874242, 13.083539299845842 ] ] } },
{ "type": "Feature", "properties": { "OBJECTID": 446698, "SegmentID": 546698 }, "geometry": { "type": "LineString", "coordinates": [ [ 77.593249660122879, 13.081604316019352 ], [ 77.593224317892179, 13.081361088365481 ] ] } },
{ "type": "Feature", "properties": { "OBJECTID": 446848, "SegmentID": 546848 }, "geometry": { "type": "LineString", "coordinates": [ [ 77.812465947893728, 13.079432528815634 ], [ 77.813421400043254, 13.07997960044213 ] ] } },
{ "type": "Feature", "properties": { "OBJECTID": 447018, "SegmentID": 547018 }, "geometry": { "type": "LineString", "coordinates": [ [ 77.416245399874242, 13.083539299845842 ], [ 77.415770734840038, 13.083757358895705 ] ] } },
{ "type": "Feature", "properties": { "OBJECTID": 447396, "SegmentID": 547396 }, "geometry": { "type": "LineString", "coordinates": [ [ 77.415770734840038, 13.083757358895705 ], [ 77.415183999664109, 13.084026899990929 ] ] } },
{ "type": "Feature", "properties": { "OBJECTID": 447770, "SegmentID": 547770 }, "geometry": { "type": "LineString", "coordinates": [ [ 77.813421400043254, 13.07997960044213 ], [ 77.813683100381326, 13.080129399824422 ], [ 77.81420809692699, 13.08046537157173 ], [ 77.814810104231682, 13.080850623120986 ] ] } },
{ "type": "Feature", "properties": { "OBJECTID": 447776, "SegmentID": 547776 }, "geometry": { "type": "LineString", "coordinates": [ [ 77.373769732859742, 13.084401083627856 ], [ 77.37333480009093, 13.083820400160636 ], [ 77.373032714554512, 13.083552510916405 ] ] } },
{ "type": "Feature", "properties": { "OBJECTID": 447802, "SegmentID": 547802 }, "geometry": { "type": "LineString", "coordinates": [ [ 77.415183999664109, 13.084026899990929 ], [ 77.41488291736583, 13.084165197452629 ] ] } },
{ "type": "Feature", "properties": { "OBJECTID": 447903, "SegmentID": 547903 }, "geometry": { "type": "LineString", "coordinates": [ [ 77.373816723400921, 13.084475163796926 ], [ 77.373769732859742, 13.084401083627856 ] ] } },
{ "type": "Feature", "properties": { "OBJECTID": 448032, "SegmentID": 548032 }, "geometry": { "type": "LineString", "coordinates": [ [ 77.41488291736583, 13.084165197452629 ], [ 77.414708270531378, 13.084245418208628 ] ] } },
{ "type": "Feature", "properties": { "OBJECTID": 448145, "SegmentID": 548145 }, "geometry": { "type": "LineString", "coordinates": [ [ 77.414708270531378, 13.084245418208628 ], [ 77.414259059845875, 13.084451755403451 ] ] } },
{ "type": "Feature", "properties": { "OBJECTID": 448443, "SegmentID": 548443 }, "geometry": { "type": "LineString", "coordinates": [ [ 77.593479000192175, 13.082712399652099 ], [ 77.593329200453098, 13.082117299581899 ], [ 77.593249660122879, 13.081604316019352 ] ] } },
{ "type": "Feature", "properties": { "OBJECTID": 448445, "SegmentID": 548445 }, "geometry": { "type": "LineString", "coordinates": [ [ 77.414259059845875, 13.084451755403451 ], [ 77.413965702783983, 13.084586502850586 ] ] } },
{ "type": "Feature", "properties": { "OBJECTID": 448665, "SegmentID": 548665 }, "geometry": { "type": "LineString", "coordinates": [ [ 77.413965702783983, 13.084586502850586 ], [ 77.413789799959574, 13.084667300445997 ], [ 77.413766253481867, 13.084678385799506 ] ] } },
{ "type": "Feature", "properties": { "OBJECTID": 448805, "SegmentID": 548805 }, "geometry": { "type": "LineString", "coordinates": [ [ 77.413766253481867, 13.084678385799506 ], [ 77.413625511319353, 13.084744645291732 ] ] } },
{ "type": "Feature", "properties": { "OBJECTID": 448843, "SegmentID": 548843 }, "geometry": { "type": "LineString", "coordinates": [ [ 77.374201200155426, 13.085081300216789 ], [ 77.374052891438012, 13.084847489596791 ], [ 77.374031718001859, 13.084814108855323 ], [ 77.373964125707246, 13.084707547206072 ], [ 77.373939500774313, 13.08466872622078 ], [ 77.373816723400921, 13.084475163796926 ] ] } },
{ "type": "Feature", "properties": { "OBJECTID": 448884, "SegmentID": 548884 }, "geometry": { "type": "LineString", "coordinates": [ [ 77.413625511319353, 13.084744645291732 ], [ 77.41236919981786, 13.085336100224806 ], [ 77.412137000371629, 13.085435800358949 ] ] } },
{ "type": "Feature", "properties": { "OBJECTID": 449046, "SegmentID": 549046 }, "geometry": { "type": "LineString", "coordinates": [ [ 77.374267075030886, 13.085223818651677 ], [ 77.374201200155426, 13.085081300216789 ] ] } },
{ "type": "Feature", "properties": { "OBJECTID": 449120, "SegmentID": 549120 }, "geometry": { "type": "LineString", "coordinates": [ [ 77.814810104231682, 13.080850623120986 ], [ 77.814893199901391, 13.080903799653354 ] ] } },
{ "type": "Feature", "properties": { "OBJECTID": 449213, "SegmentID": 549213 }, "geometry": { "type": "LineString", "coordinates": [ [ 77.814893199901391, 13.080903799653354 ], [ 77.815065755021052, 13.081014222922404 ] ] } },
{ "type": "Feature", "properties": { "OBJECTID": 449303, "SegmentID": 549303 }, "geometry": { "type": "LineString", "coordinates": [ [ 77.374350191981989, 13.085403638358244 ], [ 77.374267075030886, 13.085223818651677 ] ] } },
{ "type": "Feature", "properties": { "OBJECTID": 449347, "SegmentID": 549347 }, "geometry": { "type": "LineString", "coordinates": [ [ 77.815065755021052, 13.081014222922404 ], [ 77.815330309345015, 13.081183517089 ] ] } },
{ "type": "Feature", "properties": { "OBJECTID": 449579, "SegmentID": 549579 }, "geometry": { "type": "LineString", "coordinates": [ [ 77.815330309345015, 13.081183517089 ], [ 77.81544383983973, 13.081256167543449 ] ] } },
{ "type": "Feature", "properties": { "OBJECTID": 449668, "SegmentID": 549668 }, "geometry": { "type": "LineString", "coordinates": [ [ 77.81544383983973, 13.081256167543449 ], [ 77.815521399975552, 13.081305800133222 ], [ 77.816795000094359, 13.082064299947314 ], [ 77.818047898640145, 13.082636604965074 ] ] } },
{ "type": "Feature", "properties": { "OBJECTID": 449774, "SegmentID": 549774 }, "geometry": { "type": "LineString", "coordinates": [ [ 77.412137000371629, 13.085435800358949 ], [ 77.412104000289361, 13.085449999927443 ] ] } },
{ "type": "Feature", "properties": { "OBJECTID": 449795, "SegmentID": 549795 }, "geometry": { "type": "LineString", "coordinates": [ [ 77.412104000289361, 13.085449999927443 ], [ 77.41182895622093, 13.085568151329419 ] ] } },
{ "type": "Feature", "properties": { "OBJECTID": 449934, "SegmentID": 549934 }, "geometry": { "type": "LineString", "coordinates": [ [ 77.41182895622093, 13.085568151329419 ], [ 77.411717436813689, 13.085616055987865 ] ] } },
{ "type": "Feature", "properties": { "OBJECTID": 450015, "SegmentID": 550015 }, "geometry": { "type": "LineString", "coordinates": [ [ 77.411717436813689, 13.085616055987865 ], [ 77.411572648037719, 13.085678252986343 ] ] } },
{ "type": "Feature", "properties": { "OBJECTID": 450127, "SegmentID": 550127 }, "geometry": { "type": "LineString", "coordinates": [ [ 77.411572648037719, 13.085678252986343 ], [ 77.41146105968113, 13.085726188010993 ] ] } },
{ "type": "Feature", "properties": { "OBJECTID": 450219, "SegmentID": 550219 }, "geometry": { "type": "LineString", "coordinates": [ [ 77.41146105968113, 13.085726188010993 ], [ 77.410784882844851, 13.086016650439552 ] ] } },
{ "type": "Feature", "properties": { "OBJECTID": 450551, "SegmentID": 550551 }, "geometry": { "type": "LineString", "coordinates": [ [ 77.410784882844851, 13.086016650439552 ], [ 77.410725242939563, 13.086042270182825 ] ] } },
{ "type": "Feature", "properties": { "OBJECTID": 450586, "SegmentID": 550586 }, "geometry": { "type": "LineString", "coordinates": [ [ 77.410725242939563, 13.086042270182825 ], [ 77.410262498461194, 13.086241047804533 ] ] } },
{ "type": "Feature", "properties": { "OBJECTID": 450867, "SegmentID": 550867 }, "geometry": { "type": "LineString", "coordinates": [ [ 77.410262498461194, 13.086241047804533 ], [ 77.409675499593092, 13.086493200156044 ], [ 77.409641520586788, 13.086507903739118 ] ] } },
{ "type": "Feature", "properties": { "OBJECTID": 450892, "SegmentID": 550892 }, "geometry": { "type": "LineString", "coordinates": [ [ 77.374897391836029, 13.086587477352273 ], [ 77.374350191981989, 13.085403638358244 ] ] } },
{ "type": "Feature", "properties": { "OBJECTID": 451079, "SegmentID": 551079 }, "geometry": { "type": "LineString", "coordinates": [ [ 77.594188699677986, 13.084633200139685 ], [ 77.593983399670947, 13.084127800358011 ], [ 77.593612300192504, 13.083149599606047 ], [ 77.593479000192175, 13.082712399652099 ] ] } },
{ "type": "Feature", "properties": { "OBJECTID": 451182, "SegmentID": 551182 }, "geometry": { "type": "LineString", "coordinates": [ [ 77.409641520586788, 13.086507903739118 ], [ 77.409638166655895, 13.086509355434959 ] ] } },
{ "type": "Feature", "properties": { "OBJECTID": 451185, "SegmentID": 551185 }, "geometry": { "type": "LineString", "coordinates": [ [ 77.409638166655895, 13.086509355434959 ], [ 77.409510900692723, 13.086564426878484 ] ] } },
{ "type": "Feature", "properties": { "OBJECTID": 451256, "SegmentID": 551256 }, "geometry": { "type": "LineString", "coordinates": [ [ 77.409510900692723, 13.086564426878484 ], [ 77.409325839358971, 13.086644508686398 ] ] } },
{ "type": "Feature", "properties": { "OBJECTID": 451350, "SegmentID": 551350 }, "geometry": { "type": "LineString", "coordinates": [ [ 77.409325839358971, 13.086644508686398 ], [ 77.409116782604286, 13.086734972994668 ] ] } },
{ "type": "Feature", "properties": { "OBJECTID": 451454, "SegmentID": 551454 }, "geometry": { "type": "LineString", "coordinates": [ [ 77.409116782604286, 13.086734972994668 ], [ 77.408975451659799, 13.08679613080791 ] ] } },
{ "type": "Feature", "properties": { "OBJECTID": 451517, "SegmentID": 551517 }, "geometry": { "type": "LineString", "coordinates": [ [ 77.818047898640145, 13.082636604965074 ], [ 77.818244700325522, 13.082726500230709 ], [ 77.818507884844649, 13.082847934303425 ], [ 77.818635705231927, 13.082906911164322 ], [ 77.818669712121476, 13.082922601716716 ], [ 77.818720043473604, 13.082945824289917 ], [ 77.819379261316286, 13.083249988051405 ] ] } },
{ "type": "Feature", "properties": { "OBJECTID": 451547, "SegmentID": 551547 }, "geometry": { "type": "LineString", "coordinates": [ [ 77.408975451659799, 13.08679613080791 ], [ 77.408943186244244, 13.086810092765621 ] ] } },
{ "type": "Feature", "properties": { "OBJECTID": 451566, "SegmentID": 551566 }, "geometry": { "type": "LineString", "coordinates": [ [ 77.408943186244244, 13.086810092765621 ], [ 77.40840497865976, 13.087042989719436 ] ] } },
{ "type": "Feature", "properties": { "OBJECTID": 451722, "SegmentID": 551722 }, "geometry": { "type": "LineString", "coordinates": [ [ 77.375202907257759, 13.087226188734144 ], [ 77.375019199903463, 13.086850999956063 ], [ 77.374897391836029, 13.086587477352273 ] ] } },
{ "type": "Feature", "properties": { "OBJECTID": 451911, "SegmentID": 551911 }, "geometry": { "type": "LineString", "coordinates": [ [ 77.40840497865976, 13.087042989719436 ], [ 77.408250210380032, 13.08710996134997 ] ] } },
{ "type": "Feature", "properties": { "OBJECTID": 452002, "SegmentID": 552002 }, "geometry": { "type": "LineString", "coordinates": [ [ 77.408250210380032, 13.08710996134997 ], [ 77.407421089545579, 13.087468739601734 ] ] } },
{ "type": "Feature", "properties": { "OBJECTID": 452024, "SegmentID": 552024 }, "geometry": { "type": "LineString", "coordinates": [ [ 77.375304112051552, 13.087432881400556 ], [ 77.375202907257759, 13.087226188734144 ] ] } },
{ "type": "Feature", "properties": { "OBJECTID": 452418, "SegmentID": 552418 }, "geometry": { "type": "LineString", "coordinates": [ [ 77.819379261316286, 13.083249988051405 ], [ 77.819585400384483, 13.083345100359768 ], [ 77.820373013514981, 13.08368906170853 ] ] } },
{ "type": "Feature", "properties": { "OBJECTID": 452472, "SegmentID": 552472 }, "geometry": { "type": "LineString", "coordinates": [ [ 77.407421089545579, 13.087468739601734 ], [ 77.407353144678694, 13.087498140710702 ] ] } },
{ "type": "Feature", "properties": { "OBJECTID": 452505, "SegmentID": 552505 }, "geometry": { "type": "LineString", "coordinates": [ [ 77.407353144678694, 13.087498140710702 ], [ 77.407173859833662, 13.087575720490484 ] ] } },
{ "type": "Feature", "properties": { "OBJECTID": 452589, "SegmentID": 552589 }, "geometry": { "type": "LineString", "coordinates": [ [ 77.407173859833662, 13.087575720490484 ], [ 77.407147099681538, 13.087587299739614 ] ] } },
{ "type": "Feature", "properties": { "OBJECTID": 452601, "SegmentID": 552601 }, "geometry": { "type": "LineString", "coordinates": [ [ 77.407147099681538, 13.087587299739614 ], [ 77.40668546784886, 13.087785632287392 ] ] } },
{ "type": "Feature", "properties": { "OBJECTID": 452795, "SegmentID": 552795 }, "geometry": { "type": "LineString", "coordinates": [ [ 77.40668546784886, 13.087785632287392 ], [ 77.406468764620342, 13.087878734869928 ] ] } },
{ "type": "Feature", "properties": { "OBJECTID": 452910, "SegmentID": 552910 }, "geometry": { "type": "LineString", "coordinates": [ [ 77.406468764620342, 13.087878734869928 ], [ 77.405162599546586, 13.088439899919392 ] ] } },
{ "type": "Feature", "properties": { "OBJECTID": 452916, "SegmentID": 552916 }, "geometry": { "type": "LineString", "coordinates": [ [ 77.820373013514981, 13.08368906170853 ], [ 77.820476716386011, 13.083734350043004 ] ] } },
{ "type": "Feature", "properties": { "OBJECTID": 452923, "SegmentID": 552923 }, "geometry": { "type": "LineString", "coordinates": [ [ 77.375668353474182, 13.088176772543799 ], [ 77.375304112051552, 13.087432881400556 ] ] } },
{ "type": "Feature", "properties": { "OBJECTID": 452970, "SegmentID": 552970 }, "geometry": { "type": "LineString", "coordinates": [ [ 77.820476716386011, 13.083734350043004 ], [ 77.820941210386621, 13.083937199181982 ] ] } },
{ "type": "Feature", "properties": { "OBJECTID": 453262, "SegmentID": 553262 }, "geometry": { "type": "LineString", "coordinates": [ [ 77.820941210386621, 13.083937199181982 ], [ 77.821171800440794, 13.084037900363079 ], [ 77.821912099722411, 13.084173699843729 ] ] } },
{ "type": "Feature", "properties": { "OBJECTID": 453534, "SegmentID": 553534 }, "geometry": { "type": "LineString", "coordinates": [ [ 77.375892077809667, 13.088633681559529 ], [ 77.375668353474182, 13.088176772543799 ] ] } },
{ "type": "Feature", "properties": { "OBJECTID": 453583, "SegmentID": 553583 }, "geometry": { "type": "LineString", "coordinates": [ [ 77.821912099722411, 13.084173699843729 ], [ 77.822415907180513, 13.084254881958827 ], [ 77.822918700224562, 13.084335899790752 ], [ 77.823705600422414, 13.084422600311122 ], [ 77.823909063028751, 13.084470651180142 ], [ 77.824121274505117, 13.084520767627851 ], [ 77.824273000016078, 13.084556599635819 ], [ 77.824489654159322, 13.084636495904423 ] ] } },
{ "type": "Feature", "properties": { "OBJECTID": 453645, "SegmentID": 553645 }, "geometry": { "type": "LineString", "coordinates": [ [ 77.405162599546586, 13.088439899919392 ], [ 77.404420511408148, 13.088759913985857 ] ] } },
{ "type": "Feature", "properties": { "OBJECTID": 453760, "SegmentID": 553760 }, "geometry": { "type": "LineString", "coordinates": [ [ 77.375978315358765, 13.088809802211948 ], [ 77.375892077809667, 13.088633681559529 ] ] } },
{ "type": "Feature", "properties": { "OBJECTID": 454072, "SegmentID": 554072 }, "geometry": { "type": "LineString", "coordinates": [ [ 77.404420511408148, 13.088759913985857 ], [ 77.404019599875269, 13.088932800003972 ] ] } },
{ "type": "Feature", "properties": { "OBJECTID": 454160, "SegmentID": 554160 }, "geometry": { "type": "LineString", "coordinates": [ [ 77.376121754206579, 13.089099453572599 ], [ 77.376092499847857, 13.089043000073593 ], [ 77.375978315358765, 13.088809802211948 ] ] } },
{ "type": "Feature", "properties": { "OBJECTID": 454225, "SegmentID": 554225 }, "geometry": { "type": "LineString", "coordinates": [ [ 77.824489654159322, 13.084636495904423 ], [ 77.82476680020936, 13.084738699806008 ], [ 77.824951300164173, 13.084825699683417 ], [ 77.82508320042291, 13.084904600425629 ], [ 77.825193899539741, 13.08497619998592 ] ] } },
{ "type": "Feature", "properties": { "OBJECTID": 454278, "SegmentID": 554278 }, "geometry": { "type": "LineString", "coordinates": [ [ 77.404019599875269, 13.088932800003972 ], [ 77.403667259539063, 13.089084775676726 ] ] } },
{ "type": "Feature", "properties": { "OBJECTID": 454459, "SegmentID": 554459 }, "geometry": { "type": "LineString", "coordinates": [ [ 77.403667259539063, 13.089084775676726 ], [ 77.403341699816124, 13.089225199847673 ] ] } },
{ "type": "Feature", "properties": { "OBJECTID": 454625, "SegmentID": 554625 }, "geometry": { "type": "LineString", "coordinates": [ [ 77.403341699816124, 13.089225199847673 ], [ 77.403277004357463, 13.089252932532094 ] ] } },
{ "type": "Feature", "properties": { "OBJECTID": 454651, "SegmentID": 554651 }, "geometry": { "type": "LineString", "coordinates": [ [ 77.825193899539741, 13.08497619998592 ], [ 77.825285699818636, 13.085059300093812 ], [ 77.825544126436128, 13.085271626350895 ], [ 77.825641099662519, 13.085351300417509 ], [ 77.825927399646034, 13.085641900096585 ], [ 77.826680999651074, 13.086477900287223 ], [ 77.827023859781633, 13.086820759496687 ] ] } },
{ "type": "Feature", "properties": { "OBJECTID": 454652, "SegmentID": 554652 }, "geometry": { "type": "LineString", "coordinates": [ [ 77.403277004357463, 13.089252932532094 ], [ 77.403086525370824, 13.08933458254872 ] ] } },
{ "type": "Feature", "properties": { "OBJECTID": 454757, "SegmentID": 554757 }, "geometry": { "type": "LineString", "coordinates": [ [ 77.403086525370824, 13.08933458254872 ], [ 77.403003899697808, 13.089369999731304 ] ] } },
{ "type": "Feature", "properties": { "OBJECTID": 454803, "SegmentID": 554803 }, "geometry": { "type": "LineString", "coordinates": [ [ 77.403003899697808, 13.089369999731304 ], [ 77.402432168868401, 13.089612984612939 ] ] } },
{ "type": "Feature", "properties": { "OBJECTID": 455121, "SegmentID": 555121 }, "geometry": { "type": "LineString", "coordinates": [ [ 77.402432168868401, 13.089612984612939 ], [ 77.402152600276992, 13.089731799972725 ] ] } },
{ "type": "Feature", "properties": { "OBJECTID": 455283, "SegmentID": 555283 }, "geometry": { "type": "LineString", "coordinates": [ [ 77.402152600276992, 13.089731799972725 ], [ 77.401591151017868, 13.08997139767988 ] ] } },
{ "type": "Feature", "properties": { "OBJECTID": 455413, "SegmentID": 555413 }, "geometry": { "type": "LineString", "coordinates": [ [ 77.376617799695765, 13.090056700011347 ], [ 77.376121754206579, 13.089099453572599 ] ] } },
{ "type": "Feature", "properties": { "OBJECTID": 455632, "SegmentID": 555632 }, "geometry": { "type": "LineString", "coordinates": [ [ 77.401591151017868, 13.08997139767988 ], [ 77.401158099863977, 13.090156199658709 ] ] } },
{ "type": "Feature", "properties": { "OBJECTID": 455888, "SegmentID": 555888 }, "geometry": { "type": "LineString", "coordinates": [ [ 77.401158099863977, 13.090156199658709 ], [ 77.400747399751822, 13.090333200451298 ] ] } },
{ "type": "Feature", "properties": { "OBJECTID": 456153, "SegmentID": 556153 }, "geometry": { "type": "LineString", "coordinates": [ [ 77.400747399751822, 13.090333200451298 ], [ 77.400143200235973, 13.090593600006985 ] ] } },
{ "type": "Feature", "properties": { "OBJECTID": 456183, "SegmentID": 556183 }, "geometry": { "type": "LineString", "coordinates": [ [ 77.376857415641638, 13.090570501235018 ], [ 77.376617799695765, 13.090056700011347 ] ] } },
{ "type": "Feature", "properties": { "OBJECTID": 456263, "SegmentID": 556263 }, "geometry": { "type": "LineString", "coordinates": [ [ 77.595827364830129, 13.088522236257987 ], [ 77.595715399654154, 13.088255599866397 ], [ 77.595393399913775, 13.087512599944743 ], [ 77.594879600298256, 13.086386699992635 ], [ 77.594601999782654, 13.085699600152653 ], [ 77.594337700258322, 13.085000100112117 ], [ 77.594188699677986, 13.084633200139685 ] ] } },
{ "type": "Feature", "properties": { "OBJECTID": 456496, "SegmentID": 556496 }, "geometry": { "type": "LineString", "coordinates": [ [ 77.400143200235973, 13.090593600006985 ], [ 77.399960695494045, 13.090672268018933 ] ] } },
{ "type": "Feature", "properties": { "OBJECTID": 456607, "SegmentID": 556607 }, "geometry": { "type": "LineString", "coordinates": [ [ 77.399960695494045, 13.090672268018933 ], [ 77.399397799568845, 13.09091490016432 ] ] } },
{ "type": "Feature", "properties": { "OBJECTID": 456852, "SegmentID": 556852 }, "geometry": { "type": "LineString", "coordinates": [ [ 77.399397799568845, 13.09091490016432 ], [ 77.399269599599677, 13.090970200039498 ] ] } },
{ "type": "Feature", "properties": { "OBJECTID": 456880, "SegmentID": 556880 }, "geometry": { "type": "LineString", "coordinates": [ [ 77.377125199974998, 13.091144700381891 ], [ 77.376857415641638, 13.090570501235018 ] ] } },
{ "type": "Feature", "properties": { "OBJECTID": 456928, "SegmentID": 556928 }, "geometry": { "type": "LineString", "coordinates": [ [ 77.399269599599677, 13.090970200039498 ], [ 77.398449199760961, 13.091319799859965 ] ] } },
{ "type": "Feature", "properties": { "OBJECTID": 457180, "SegmentID": 557180 }, "geometry": { "type": "LineString", "coordinates": [ [ 77.827023859781633, 13.086820759496687 ], [ 77.827030500040351, 13.086827399828154 ], [ 77.82716989975556, 13.086955400077411 ], [ 77.827430800044255, 13.087170199569771 ], [ 77.827561499701616, 13.087266300140799 ], [ 77.82777340020435, 13.087394400254507 ], [ 77.828113399898328, 13.087562100397115 ], [ 77.828196099757704, 13.08759400033107 ], [ 77.828404099973213, 13.087674199694483 ], [ 77.828735599675781, 13.087778999820795 ], [ 77.829561800416514, 13.087948700099313 ], [ 77.829907399740748, 13.088026599856869 ] ] } },
{ "type": "Feature", "properties": { "OBJECTID": 457364, "SegmentID": 557364 }, "geometry": { "type": "LineString", "coordinates": [ [ 77.398449199760961, 13.091319799859965 ], [ 77.398124949606782, 13.091457947319695 ] ] } },
{ "type": "Feature", "properties": { "OBJECTID": 457509, "SegmentID": 557509 }, "geometry": { "type": "LineString", "coordinates": [ [ 77.398124949606782, 13.091457947319695 ], [ 77.39806380008875, 13.091483999639651 ], [ 77.39668100040943, 13.091989800298721 ] ] } },
{ "type": "Feature", "properties": { "OBJECTID": 457713, "SegmentID": 557713 }, "geometry": { "type": "LineString", "coordinates": [ [ 77.596311299588251, 13.089689620496715 ], [ 77.595997500359843, 13.088927400391915 ], [ 77.595827364830129, 13.088522236257987 ] ] } },
{ "type": "Feature", "properties": { "OBJECTID": 458137, "SegmentID": 558137 }, "geometry": { "type": "LineString", "coordinates": [ [ 77.39668100040943, 13.091989800298721 ], [ 77.396341141859452, 13.092114059622283 ] ] } },
{ "type": "Feature", "properties": { "OBJECTID": 458158, "SegmentID": 558158 }, "geometry": { "type": "LineString", "coordinates": [ [ 77.37763179327743, 13.092184758876865 ], [ 77.377125199974998, 13.091144700381891 ] ] } },
{ "type": "Feature", "properties": { "OBJECTID": 458296, "SegmentID": 558296 }, "geometry": { "type": "LineString", "coordinates": [ [ 77.396341141859452, 13.092114059622283 ], [ 77.396323800158783, 13.092120400147522 ] ] } },
{ "type": "Feature", "properties": { "OBJECTID": 458307, "SegmentID": 558307 }, "geometry": { "type": "LineString", "coordinates": [ [ 77.396323800158783, 13.092120400147522 ], [ 77.396035899649817, 13.092225699602645 ] ] } },
{ "type": "Feature", "properties": { "OBJECTID": 458457, "SegmentID": 558457 }, "geometry": { "type": "LineString", "coordinates": [ [ 77.396035899649817, 13.092225699602645 ], [ 77.395756100030098, 13.092326300046064 ] ] } },
{ "type": "Feature", "properties": { "OBJECTID": 458502, "SegmentID": 558502 }, "geometry": { "type": "LineString", "coordinates": [ [ 77.377748178678701, 13.092423701688897 ], [ 77.37763179327743, 13.092184758876865 ] ] } },
{ "type": "Feature", "properties": { "OBJECTID": 458582, "SegmentID": 558582 }, "geometry": { "type": "LineString", "coordinates": [ [ 77.395756100030098, 13.092326300046064 ], [ 77.394916699710066, 13.092624399738119 ] ] } },
{ "type": "Feature", "properties": { "OBJECTID": 458636, "SegmentID": 558636 }, "geometry": { "type": "LineString", "coordinates": [ [ 77.596563438403464, 13.09043014422376 ], [ 77.596486699640721, 13.090175099835593 ], [ 77.596331300185611, 13.089738199683914 ], [ 77.596311299588251, 13.089689620496715 ] ] } },
{ "type": "Feature", "properties": { "OBJECTID": 458707, "SegmentID": 558707 }, "geometry": { "type": "LineString", "coordinates": [ [ 77.829907399740748, 13.088026599856869 ], [ 77.830762999999209, 13.088219300270403 ], [ 77.831238799987446, 13.08834790016798 ], [ 77.831828399678855, 13.08853520032393 ], [ 77.833269099736214, 13.088984900436335 ], [ 77.83470159978981, 13.089440000013644 ], [ 77.835548999778965, 13.089700799658928 ], [ 77.836156800136251, 13.089899099798803 ] ] } },
{ "type": "Feature", "properties": { "OBJECTID": 458973, "SegmentID": 558973 }, "geometry": { "type": "LineString", "coordinates": [ [ 77.394916699710066, 13.092624399738119 ], [ 77.394134258613846, 13.092909110659141 ] ] } },
{ "type": "Feature", "properties": { "OBJECTID": 459357, "SegmentID": 559357 }, "geometry": { "type": "LineString", "coordinates": [ [ 77.394134258613846, 13.092909110659141 ], [ 77.393774967751867, 13.093039846977973 ] ] } },
{ "type": "Feature", "properties": { "OBJECTID": 459543, "SegmentID": 559543 }, "geometry": { "type": "LineString", "coordinates": [ [ 77.393774967751867, 13.093039846977973 ], [ 77.393206170439967, 13.093246814688602 ] ] } },
{ "type": "Feature", "properties": { "OBJECTID": 459803, "SegmentID": 559803 }, "geometry": { "type": "LineString", "coordinates": [ [ 77.378396198678331, 13.093372661311536 ], [ 77.378039399837334, 13.09293819978209 ], [ 77.37779259973334, 13.092514899735971 ], [ 77.377748178678701, 13.092423701688897 ] ] } },
{ "type": "Feature", "properties": { "OBJECTID": 459817, "SegmentID": 559817 }, "geometry": { "type": "LineString", "coordinates": [ [ 77.393206170439967, 13.093246814688602 ], [ 77.392474899796781, 13.0935129002218 ], [ 77.39237878306318, 13.093547340003871 ] ] } },
{ "type": "Feature", "properties": { "OBJECTID": 459901, "SegmentID": 559901 }, "geometry": { "type": "LineString", "coordinates": [ [ 77.378456875595475, 13.093446545185394 ], [ 77.378396198678331, 13.093372661311536 ] ] } },
{ "type": "Feature", "properties": { "OBJECTID": 460049, "SegmentID": 560049 }, "geometry": { "type": "LineString", "coordinates": [ [ 77.378588623820235, 13.09356812214074 ], [ 77.378468499687884, 13.093460699782746 ], [ 77.378456875595475, 13.093446545185394 ] ] } },
{ "type": "Feature", "properties": { "OBJECTID": 460183, "SegmentID": 560183 }, "geometry": { "type": "LineString", "coordinates": [ [ 77.39237878306318, 13.093547340003871 ], [ 77.391639599745815, 13.093812200259652 ], [ 77.391610804351401, 13.09382252027245 ] ] } },
{ "type": "Feature", "properties": { "OBJECTID": 460330, "SegmentID": 560330 }, "geometry": { "type": "LineString", "coordinates": [ [ 77.378846479438536, 13.09379871139717 ], [ 77.378588623820235, 13.09356812214074 ] ] } },
{ "type": "Feature", "properties": { "OBJECTID": 460376, "SegmentID": 560376 }, "geometry": { "type": "LineString", "coordinates": [ [ 77.596861500297152, 13.091727900000452 ], [ 77.596753700155958, 13.091272499548664 ], [ 77.596651099963168, 13.090789699888969 ], [ 77.596565200178773, 13.090435999662068 ], [ 77.596563438403464, 13.09043014422376 ] ] } },
{ "type": "Feature", "properties": { "OBJECTID": 460516, "SegmentID": 560516 }, "geometry": { "type": "LineString", "coordinates": [ [ 77.391610804351401, 13.09382252027245 ], [ 77.391183399979539, 13.093975699638927 ], [ 77.389987599824224, 13.094482500330978 ], [ 77.389455400154191, 13.094756599927939 ] ] } },
{ "type": "Feature", "properties": { "OBJECTID": 460689, "SegmentID": 560689 }, "geometry": { "type": "LineString", "coordinates": [ [ 77.379172786251516, 13.094090512068107 ], [ 77.378918739304424, 13.093863329768645 ], [ 77.378889716327421, 13.093837451173883 ], [ 77.378846479438536, 13.09379871139717 ] ] } },
{ "type": "Feature", "properties": { "OBJECTID": 461303, "SegmentID": 561303 }, "geometry": { "type": "LineString", "coordinates": [ [ 77.836156800136251, 13.089899099798803 ], [ 77.836696818030703, 13.090062964536944 ] ] } },
{ "type": "Feature", "properties": { "OBJECTID": 461572, "SegmentID": 561572 }, "geometry": { "type": "LineString", "coordinates": [ [ 77.836696818030703, 13.090062964536944 ], [ 77.836848199637402, 13.090108900314064 ] ] } },
{ "type": "Feature", "properties": { "OBJECTID": 461643, "SegmentID": 561643 }, "geometry": { "type": "LineString", "coordinates": [ [ 77.836848199637402, 13.090108900314064 ], [ 77.837758700110697, 13.090402000113828 ], [ 77.839360799616969, 13.090910399578508 ] ] } },
{ "type": "Feature", "properties": { "OBJECTID": 461824, "SegmentID": 561824 }, "geometry": { "type": "LineString", "coordinates": [ [ 77.389455400154191, 13.094756599927939 ], [ 77.38934780034468, 13.094817200045204 ] ] } },
{ "type": "Feature", "properties": { "OBJECTID": 461915, "SegmentID": 561915 }, "geometry": { "type": "LineString", "coordinates": [ [ 77.38934780034468, 13.094817200045204 ], [ 77.389262399976872, 13.094865200353459 ], [ 77.38885549973719, 13.095130900354745 ], [ 77.388670000205408, 13.095258499558996 ] ] } },
{ "type": "Feature", "properties": { "OBJECTID": 462557, "SegmentID": 562557 }, "geometry": { "type": "LineString", "coordinates": [ [ 77.388670000205408, 13.095258499558996 ], [ 77.388074200365409, 13.095668400398383 ], [ 77.387747599618947, 13.095924500418324 ] ] } },
{ "type": "Feature", "properties": { "OBJECTID": 462715, "SegmentID": 562715 }, "geometry": { "type": "LineString", "coordinates": [ [ 77.381353900088783, 13.095436799801204 ], [ 77.380507000199316, 13.094939299978265 ], [ 77.379321499650061, 13.094223500284404 ], [ 77.379172786251516, 13.094090512068107 ] ] } },
{ "type": "Feature", "properties": { "OBJECTID": 462924, "SegmentID": 562924 }, "geometry": { "type": "LineString", "coordinates": [ [ 77.381580483529461, 13.095571394711596 ], [ 77.381353900088783, 13.095436799801204 ] ] } },
{ "type": "Feature", "properties": { "OBJECTID": 463030, "SegmentID": 563030 }, "geometry": { "type": "LineString", "coordinates": [ [ 77.381694799760481, 13.09563930019533 ], [ 77.381580483529461, 13.095571394711596 ] ] } },
{ "type": "Feature", "properties": { "OBJECTID": 463442, "SegmentID": 563442 }, "geometry": { "type": "LineString", "coordinates": [ [ 77.382245970817948, 13.095944255367623 ], [ 77.381694799760481, 13.09563930019533 ] ] } },
{ "type": "Feature", "properties": { "OBJECTID": 463497, "SegmentID": 563497 }, "geometry": { "type": "LineString", "coordinates": [ [ 77.387747599618947, 13.095924500418324 ], [ 77.387561999813698, 13.096086200133573 ], [ 77.387392899613133, 13.096256199731044 ], [ 77.38710540038339, 13.096562200091807 ], [ 77.386506300316157, 13.097238099626219 ] ] } },
{ "type": "Feature", "properties": { "OBJECTID": 463840, "SegmentID": 563840 }, "geometry": { "type": "LineString", "coordinates": [ [ 77.382742630317267, 13.096219048864077 ], [ 77.382245970817948, 13.095944255367623 ] ] } },
{ "type": "Feature", "properties": { "OBJECTID": 464326, "SegmentID": 564326 }, "geometry": { "type": "LineString", "coordinates": [ [ 77.383443396090314, 13.096606767693947 ], [ 77.382742630317267, 13.096219048864077 ] ] } },
{ "type": "Feature", "properties": { "OBJECTID": 464378, "SegmentID": 564378 }, "geometry": { "type": "LineString", "coordinates": [ [ 77.383522800019534, 13.096650700089677 ], [ 77.383443396090314, 13.096606767693947 ] ] } },
{ "type": "Feature", "properties": { "OBJECTID": 464941, "SegmentID": 564941 }, "geometry": { "type": "LineString", "coordinates": [ [ 77.597700109952314, 13.095011871998461 ], [ 77.59768899977577, 13.09498509980447 ], [ 77.597555000003695, 13.094621599655593 ], [ 77.597451600041538, 13.094277399939674 ], [ 77.59737969972204, 13.093983399663827 ], [ 77.597293599656382, 13.093553300316062 ], [ 77.59729058411277, 13.093540561670029 ], [ 77.59693652499034, 13.092044844255692 ], [ 77.596861500297152, 13.091727900000452 ] ] } },
{ "type": "Feature", "properties": { "OBJECTID": 465049, "SegmentID": 565049 }, "geometry": { "type": "LineString", "coordinates": [ [ 77.38438990023208, 13.097146599739247 ], [ 77.383763199895284, 13.096783700287345 ], [ 77.383522800019534, 13.096650700089677 ] ] } },
{ "type": "Feature", "properties": { "OBJECTID": 465156, "SegmentID": 565156 }, "geometry": { "type": "LineString", "coordinates": [ [ 77.384519273850643, 13.097221528757883 ], [ 77.38438990023208, 13.097146599739247 ] ] } },
{ "type": "Feature", "properties": { "OBJECTID": 465210, "SegmentID": 565210 }, "geometry": { "type": "LineString", "coordinates": [ [ 77.386506300316157, 13.097238099626219 ], [ 77.386100599593149, 13.097707999883562 ], [ 77.38585550012148, 13.09796570030613 ] ] } },
{ "type": "Feature", "properties": { "OBJECTID": 465291, "SegmentID": 565291 }, "geometry": { "type": "LineString", "coordinates": [ [ 77.38465742774514, 13.09730154211778 ], [ 77.384519273850643, 13.097221528757883 ] ] } },
{ "type": "Feature", "properties": { "OBJECTID": 465325, "SegmentID": 565325 }, "geometry": { "type": "LineString", "coordinates": [ [ 77.384706646817023, 13.097330048556314 ], [ 77.38465742774514, 13.09730154211778 ] ] } },
{ "type": "Feature", "properties": { "OBJECTID": 465378, "SegmentID": 565378 }, "geometry": { "type": "LineString", "coordinates": [ [ 77.384758196528225, 13.097359833642882 ], [ 77.384755599853534, 13.097358400225499 ], [ 77.384706646817023, 13.097330048556314 ] ] } },
{ "type": "Feature", "properties": { "OBJECTID": 465647, "SegmentID": 565647 }, "geometry": { "type": "LineString", "coordinates": [ [ 77.597914373093687, 13.095528157250738 ], [ 77.597700109952314, 13.095011871998461 ] ] } },
{ "type": "Feature", "properties": { "OBJECTID": 465804, "SegmentID": 565804 }, "geometry": { "type": "LineString", "coordinates": [ [ 77.597962389131141, 13.095643855694902 ], [ 77.597914373093687, 13.095528157250738 ] ] } },
{ "type": "Feature", "properties": { "OBJECTID": 465871, "SegmentID": 565871 }, "geometry": { "type": "LineString", "coordinates": [ [ 77.385450800161635, 13.097742300394669 ], [ 77.384758196528225, 13.097359833642882 ] ] } },
{ "type": "Feature", "properties": { "OBJECTID": 466007, "SegmentID": 566007 }, "geometry": { "type": "LineString", "coordinates": [ [ 77.598018600319676, 13.095779299912691 ], [ 77.597962389131141, 13.095643855694902 ] ] } },
{ "type": "Feature", "properties": { "OBJECTID": 466206, "SegmentID": 566206 }, "geometry": { "type": "LineString", "coordinates": [ [ 77.38585550012148, 13.09796570030613 ], [ 77.385450800161635, 13.097742300394669 ] ] } },
{ "type": "Feature", "properties": { "OBJECTID": 466208, "SegmentID": 566208 }, "geometry": { "type": "LineString", "coordinates": [ [ 77.38585550012148, 13.09796570030613 ], [ 77.385761899698153, 13.09809889971085 ], [ 77.38333270040269, 13.100860900146001 ], [ 77.38277269994137, 13.101513599648712 ] ] } },
{ "type": "Feature", "properties": { "OBJECTID": 466580, "SegmentID": 566580 }, "geometry": { "type": "LineString", "coordinates": [ [ 77.598188400017719, 13.096188600163467 ], [ 77.598018600319676, 13.095779299912691 ] ] } },
{ "type": "Feature", "properties": { "OBJECTID": 467069, "SegmentID": 567069 }, "geometry": { "type": "LineString", "coordinates": [ [ 77.598331500035584, 13.096542999853385 ], [ 77.598188400017719, 13.096188600163467 ] ] } },
{ "type": "Feature", "properties": { "OBJECTID": 467652, "SegmentID": 567652 }, "geometry": { "type": "LineString", "coordinates": [ [ 77.598508000245218, 13.096994000197318 ], [ 77.598331500035584, 13.096542999853385 ] ] } },
{ "type": "Feature", "properties": { "OBJECTID": 468868, "SegmentID": 568868 }, "geometry": { "type": "LineString", "coordinates": [ [ 77.598866082258269, 13.097909610495137 ], [ 77.598508000245218, 13.096994000197318 ] ] } },
{ "type": "Feature", "properties": { "OBJECTID": 469668, "SegmentID": 569668 }, "geometry": { "type": "LineString", "coordinates": [ [ 77.59907425149359, 13.098507539916621 ], [ 77.59900849957782, 13.098302800324667 ], [ 77.598920399934968, 13.098048500099715 ], [ 77.598866082258269, 13.097909610495137 ] ] } },
{ "type": "Feature", "properties": { "OBJECTID": 469763, "SegmentID": 569763 }, "geometry": { "type": "LineString", "coordinates": [ [ 77.599098100163715, 13.098581800332939 ], [ 77.59907425149359, 13.098507539916621 ] ] } },
{ "type": "Feature", "properties": { "OBJECTID": 470622, "SegmentID": 570622 }, "geometry": { "type": "LineString", "coordinates": [ [ 77.599261415112736, 13.099142765480876 ], [ 77.599186600408899, 13.098860700244666 ], [ 77.599098100163715, 13.098581800332939 ] ] } },
{ "type": "Feature", "properties": { "OBJECTID": 470927, "SegmentID": 570927 }, "geometry": { "type": "LineString", "coordinates": [ [ 77.38277269994137, 13.101513599648712 ], [ 77.382673294196039, 13.101638884481837 ] ] } },
{ "type": "Feature", "properties": { "OBJECTID": 471100, "SegmentID": 571100 }, "geometry": { "type": "LineString", "coordinates": [ [ 77.382673294196039, 13.101638884481837 ], [ 77.382610599622211, 13.101717900209671 ] ] } },
{ "type": "Feature", "properties": { "OBJECTID": 471194, "SegmentID": 571194 }, "geometry": { "type": "LineString", "coordinates": [ [ 77.382610599622211, 13.101717900209671 ], [ 77.382202199942469, 13.102232700383597 ] ] } },
{ "type": "Feature", "properties": { "OBJECTID": 471332, "SegmentID": 571332 }, "geometry": { "type": "LineString", "coordinates": [ [ 77.599414877993823, 13.099721340815906 ], [ 77.599261415112736, 13.099142765480876 ] ] } },
{ "type": "Feature", "properties": { "OBJECTID": 471610, "SegmentID": 571610 }, "geometry": { "type": "LineString", "coordinates": [ [ 77.588974100184942, 13.100049299662153 ], [ 77.588438999544962, 13.100489499696405 ] ] } },
{ "type": "Feature", "properties": { "OBJECTID": 471846, "SegmentID": 571846 }, "geometry": { "type": "LineString", "coordinates": [ [ 77.382202199942469, 13.102232700383597 ], [ 77.381985599883066, 13.102514700030444 ], [ 77.381754399648059, 13.102856500122124 ], [ 77.38166039985623, 13.10301250003794 ] ] } },
{ "type": "Feature", "properties": { "OBJECTID": 472203, "SegmentID": 572203 }, "geometry": { "type": "LineString", "coordinates": [ [ 77.588438999544962, 13.100489499696405 ], [ 77.588254600098637, 13.100619300208884 ] ] } },
{ "type": "Feature", "properties": { "OBJECTID": 472398, "SegmentID": 572398 }, "geometry": { "type": "LineString", "coordinates": [ [ 77.588254600098637, 13.100619300208884 ], [ 77.587995199561178, 13.100831899868583 ], [ 77.587957600024211, 13.100853900190796 ], [ 77.587868599772364, 13.100906200112711 ] ] } },
{ "type": "Feature", "properties": { "OBJECTID": 472940, "SegmentID": 572940 }, "geometry": { "type": "LineString", "coordinates": [ [ 77.599727299747428, 13.100899199621123 ], [ 77.599414877993823, 13.099721340815906 ] ] } },
{ "type": "Feature", "properties": { "OBJECTID": 472947, "SegmentID": 572947 }, "geometry": { "type": "LineString", "coordinates": [ [ 77.38166039985623, 13.10301250003794 ], [ 77.381565600419734, 13.103170000006843 ], [ 77.381372000424832, 13.10353769990907 ] ] } },
{ "type": "Feature", "properties": { "OBJECTID": 473579, "SegmentID": 573579 }, "geometry": { "type": "LineString", "coordinates": [ [ 77.599840607408709, 13.101298033921895 ], [ 77.599727299747428, 13.100899199621123 ] ] } },
{ "type": "Feature", "properties": { "OBJECTID": 473770, "SegmentID": 573770 }, "geometry": { "type": "LineString", "coordinates": [ [ 77.381372000424832, 13.10353769990907 ], [ 77.381157900211264, 13.103976299928284 ] ] } },
{ "type": "Feature", "properties": { "OBJECTID": 474073, "SegmentID": 574073 }, "geometry": { "type": "LineString", "coordinates": [ [ 77.599932692910073, 13.101622166702654 ], [ 77.599840607408709, 13.101298033921895 ] ] } },
{ "type": "Feature", "properties": { "OBJECTID": 474250, "SegmentID": 574250 }, "geometry": { "type": "LineString", "coordinates": [ [ 77.599973999343774, 13.101767563444787 ], [ 77.599932692910073, 13.101622166702654 ] ] } },
{ "type": "Feature", "properties": { "OBJECTID": 474365, "SegmentID": 574365 }, "geometry": { "type": "LineString", "coordinates": [ [ 77.381157900211264, 13.103976299928284 ], [ 77.381021099787617, 13.104264699837584 ], [ 77.380800300461686, 13.10478630026574 ], [ 77.380665721745345, 13.105093765467837 ] ] } },
{ "type": "Feature", "properties": { "OBJECTID": 474904, "SegmentID": 574904 }, "geometry": { "type": "LineString", "coordinates": [ [ 77.60010768251729, 13.102244750889261 ], [ 77.600071199837089, 13.102109700320947 ], [ 77.599973999343774, 13.101767563444787 ] ] } },
{ "type": "Feature", "properties": { "OBJECTID": 475397, "SegmentID": 575397 }, "geometry": { "type": "LineString", "coordinates": [ [ 77.60019706452627, 13.102575620439532 ], [ 77.60010768251729, 13.102244750889261 ] ] } },
{ "type": "Feature", "properties": { "OBJECTID": 475755, "SegmentID": 575755 }, "geometry": { "type": "LineString", "coordinates": [ [ 77.600257040455645, 13.102794155045478 ], [ 77.600246900039693, 13.102760099836292 ], [ 77.60019706452627, 13.102575620439532 ] ] } },
{ "type": "Feature", "properties": { "OBJECTID": 476015, "SegmentID": 576015 }, "geometry": { "type": "LineString", "coordinates": [ [ 77.380665721745345, 13.105093765467837 ], [ 77.380476399693805, 13.105526300252963 ], [ 77.380042952459789, 13.106529863102402 ] ] } },
{ "type": "Feature", "properties": { "OBJECTID": 476241, "SegmentID": 576241 }, "geometry": { "type": "LineString", "coordinates": [ [ 77.600361009904645, 13.103143310695797 ], [ 77.600257040455645, 13.102794155045478 ] ] } },
{ "type": "Feature", "properties": { "OBJECTID": 476836, "SegmentID": 576836 }, "geometry": { "type": "LineString", "coordinates": [ [ 77.600511899669783, 13.103632299746792 ], [ 77.600471599647022, 13.103514700432875 ], [ 77.600361009904645, 13.103143310695797 ] ] } },
{ "type": "Feature", "properties": { "OBJECTID": 477547, "SegmentID": 577547 }, "geometry": { "type": "LineString", "coordinates": [ [ 77.60073861342552, 13.104241808668375 ], [ 77.600671600344526, 13.104081700180965 ], [ 77.600511899669783, 13.103632299746792 ] ] } },
{ "type": "Feature", "properties": { "OBJECTID": 477756, "SegmentID": 577756 }, "geometry": { "type": "LineString", "coordinates": [ [ 77.380042952459789, 13.106529863102402 ], [ 77.379973454860377, 13.106690769526473 ] ] } },
{ "type": "Feature", "properties": { "OBJECTID": 477964, "SegmentID": 577964 }, "geometry": { "type": "LineString", "coordinates": [ [ 77.379973454860377, 13.106690769526473 ], [ 77.379799900392484, 13.107092600101705 ], [ 77.378800200309954, 13.109420300313483 ], [ 77.378561499675513, 13.109912399785154 ] ] } },
{ "type": "Feature", "properties": { "OBJECTID": 478091, "SegmentID": 578091 }, "geometry": { "type": "LineString", "coordinates": [ [ 77.600911735881809, 13.104655430554935 ], [ 77.60073861342552, 13.104241808668375 ] ] } },
{ "type": "Feature", "properties": { "OBJECTID": 478355, "SegmentID": 578355 }, "geometry": { "type": "LineString", "coordinates": [ [ 77.601025661537022, 13.104913612476368 ], [ 77.60096940002984, 13.104793200407675 ], [ 77.600911735881809, 13.104655430554935 ] ] } },
{ "type": "Feature", "properties": { "OBJECTID": 478514, "SegmentID": 578514 }, "geometry": { "type": "LineString", "coordinates": [ [ 77.601094983174306, 13.105061978272854 ], [ 77.601025661537022, 13.104913612476368 ] ] } },
{ "type": "Feature", "properties": { "OBJECTID": 478762, "SegmentID": 578762 }, "geometry": { "type": "LineString", "coordinates": [ [ 77.601211798982874, 13.10528606459061 ], [ 77.60110560016274, 13.105084699671746 ], [ 77.601094983174306, 13.105061978272854 ] ] } },
{ "type": "Feature", "properties": { "OBJECTID": 479281, "SegmentID": 579281 }, "geometry": { "type": "LineString", "coordinates": [ [ 77.601457237457296, 13.105709877983735 ], [ 77.601239399668344, 13.10533840034322 ], [ 77.601211798982874, 13.10528606459061 ] ] } },
{ "type": "Feature", "properties": { "OBJECTID": 479664, "SegmentID": 579664 }, "geometry": { "type": "LineString", "coordinates": [ [ 77.601668299892353, 13.106069800308694 ], [ 77.601457237457296, 13.105709877983735 ] ] } },
{ "type": "Feature", "properties": { "OBJECTID": 479997, "SegmentID": 579997 }, "geometry": { "type": "LineString", "coordinates": [ [ 77.601835471437184, 13.106352255418814 ], [ 77.601668299892353, 13.106069800308694 ] ] } },
{ "type": "Feature", "properties": { "OBJECTID": 480152, "SegmentID": 580152 }, "geometry": { "type": "LineString", "coordinates": [ [ 77.601922499758075, 13.106499300051626 ], [ 77.601835471437184, 13.106352255418814 ] ] } },
{ "type": "Feature", "properties": { "OBJECTID": 480699, "SegmentID": 580699 }, "geometry": { "type": "LineString", "coordinates": [ [ 77.602222342816845, 13.107003120852385 ], [ 77.601922499758075, 13.106499300051626 ] ] } },
{ "type": "Feature", "properties": { "OBJECTID": 480919, "SegmentID": 580919 }, "geometry": { "type": "LineString", "coordinates": [ [ 77.602331190008755, 13.1071860130565 ], [ 77.602222342816845, 13.107003120852385 ] ] } },
{ "type": "Feature", "properties": { "OBJECTID": 481243, "SegmentID": 581243 }, "geometry": { "type": "LineString", "coordinates": [ [ 77.602542100271904, 13.10754039955064 ], [ 77.602331190008755, 13.1071860130565 ] ] } },
{ "type": "Feature", "properties": { "OBJECTID": 481494, "SegmentID": 581494 }, "geometry": { "type": "LineString", "coordinates": [ [ 77.378561499675513, 13.109912399785154 ], [ 77.378453829633898, 13.110119255862255 ], [ 77.378443500249958, 13.110139100369345 ] ] } },
{ "type": "Feature", "properties": { "OBJECTID": 481707, "SegmentID": 581707 }, "geometry": { "type": "LineString", "coordinates": [ [ 77.378443500249958, 13.110139100369345 ], [ 77.378396500310743, 13.11022939979817 ], [ 77.378194799561072, 13.110583099745741 ], [ 77.378038399626675, 13.110804500341759 ], [ 77.37792609971541, 13.110990199727597 ], [ 77.377793099922698, 13.111195899870346 ] ] } },
{ "type": "Feature", "properties": { "OBJECTID": 482242, "SegmentID": 582242 }, "geometry": { "type": "LineString", "coordinates": [ [ 77.603134379130452, 13.108526479699696 ], [ 77.602542100271904, 13.10754039955064 ] ] } },
{ "type": "Feature", "properties": { "OBJECTID": 482781, "SegmentID": 582781 }, "geometry": { "type": "LineString", "coordinates": [ [ 77.377793099922698, 13.111195899870346 ], [ 77.37768709986338, 13.111365699812179 ], [ 77.376996900251442, 13.112245899649981 ], [ 77.376281799731331, 13.112970000267063 ], [ 77.376044899842881, 13.113227200270503 ], [ 77.375615573249675, 13.113662239924563 ], [ 77.375556400338425, 13.113722199548784 ], [ 77.375490800094269, 13.113778599692406 ] ] } },
{ "type": "Feature", "properties": { "OBJECTID": 483073, "SegmentID": 583073 }, "geometry": { "type": "LineString", "coordinates": [ [ 77.603604199732388, 13.109308599766511 ], [ 77.603384799589378, 13.108943399857024 ], [ 77.603134379130452, 13.108526479699696 ] ] } },
{ "type": "Feature", "properties": { "OBJECTID": 483388, "SegmentID": 583388 }, "geometry": { "type": "LineString", "coordinates": [ [ 77.603822799785576, 13.109672500204633 ], [ 77.603604199732388, 13.109308599766511 ] ] } },
{ "type": "Feature", "properties": { "OBJECTID": 484332, "SegmentID": 584332 }, "geometry": { "type": "LineString", "coordinates": [ [ 77.604525399795648, 13.110834200361525 ], [ 77.604211199727686, 13.110308200263699 ], [ 77.603822799785576, 13.109672500204633 ] ] } },
{ "type": "Feature", "properties": { "OBJECTID": 484581, "SegmentID": 584581 }, "geometry": { "type": "LineString", "coordinates": [ [ 77.604682948002278, 13.111097606242357 ], [ 77.604679100234705, 13.111091600376547 ], [ 77.604525399795648, 13.110834200361525 ] ] } },
{ "type": "Feature", "properties": { "OBJECTID": 484792, "SegmentID": 584792 }, "geometry": { "type": "LineString", "coordinates": [ [ 77.604818500102724, 13.111309200174153 ], [ 77.604682948002278, 13.111097606242357 ] ] } },
{ "type": "Feature", "properties": { "OBJECTID": 484919, "SegmentID": 584919 }, "geometry": { "type": "LineString", "coordinates": [ [ 77.604923399803056, 13.11147280000659 ], [ 77.604818500102724, 13.111309200174153 ] ] } },
{ "type": "Feature", "properties": { "OBJECTID": 484962, "SegmentID": 584962 }, "geometry": { "type": "LineString", "coordinates": [ [ 77.60494764750419, 13.111510641100065 ], [ 77.604923399803056, 13.11147280000659 ] ] } },
{ "type": "Feature", "properties": { "OBJECTID": 485007, "SegmentID": 585007 }, "geometry": { "type": "LineString", "coordinates": [ [ 77.375490800094269, 13.113778599692406 ], [ 77.374940000424843, 13.114251499800455 ], [ 77.374574399556394, 13.11465559982237 ], [ 77.374018299583611, 13.115302400115791 ], [ 77.373612400069362, 13.115756000251187 ], [ 77.373494818028831, 13.115890584789057 ], [ 77.373308800004182, 13.116103500272486 ], [ 77.373287880274788, 13.116124672046896 ], [ 77.372792209595744, 13.116626317262623 ] ] } },
{ "type": "Feature", "properties": { "OBJECTID": 485010, "SegmentID": 585010 }, "geometry": { "type": "LineString", "coordinates": [ [ 77.604980300158914, 13.111561599744075 ], [ 77.60494764750419, 13.111510641100065 ] ] } },
{ "type": "Feature", "properties": { "OBJECTID": 485176, "SegmentID": 585176 }, "geometry": { "type": "LineString", "coordinates": [ [ 77.605095299885093, 13.111741099567855 ], [ 77.604980300158914, 13.111561599744075 ] ] } },
{ "type": "Feature", "properties": { "OBJECTID": 485606, "SegmentID": 585606 }, "geometry": { "type": "LineString", "coordinates": [ [ 77.605378614083662, 13.112195891171547 ], [ 77.605197699931807, 13.111900900331326 ], [ 77.605095299885093, 13.111741099567855 ] ] } },
{ "type": "Feature", "properties": { "OBJECTID": 487512, "SegmentID": 587512 }, "geometry": { "type": "LineString", "coordinates": [ [ 77.372792209595744, 13.116626317262623 ], [ 77.372495699888304, 13.116926400061024 ], [ 77.372221499924805, 13.1171769 ] ] } },
{ "type": "Feature", "properties": { "OBJECTID": 488409, "SegmentID": 588409 }, "geometry": { "type": "LineString", "coordinates": [ [ 77.607294299914045, 13.115347599609647 ], [ 77.606684299616575, 13.114329700287168 ], [ 77.605820800284889, 13.112916900400849 ], [ 77.605378614083662, 13.112195891171547 ] ] } },
{ "type": "Feature", "properties": { "OBJECTID": 488607, "SegmentID": 588607 }, "geometry": { "type": "LineString", "coordinates": [ [ 77.607417393907653, 13.115549440408651 ], [ 77.60736719978965, 13.115469200369676 ], [ 77.607294299914045, 13.115347599609647 ] ] } },
{ "type": "Feature", "properties": { "OBJECTID": 488892, "SegmentID": 588892 }, "geometry": { "type": "LineString", "coordinates": [ [ 77.607593914084347, 13.115831622964404 ], [ 77.607417393907653, 13.115549440408651 ] ] } },
{ "type": "Feature", "properties": { "OBJECTID": 489860, "SegmentID": 589860 }, "geometry": { "type": "LineString", "coordinates": [ [ 77.608276558827455, 13.116926103428106 ], [ 77.608238100259598, 13.116861400074889 ], [ 77.607593914084347, 13.115831622964404 ] ] } },
{ "type": "Feature", "properties": { "OBJECTID": 490012, "SegmentID": 590012 }, "geometry": { "type": "LineString", "coordinates": [ [ 77.608377900211025, 13.117096600282451 ], [ 77.608276558827455, 13.116926103428106 ] ] } },
{ "type": "Feature", "properties": { "OBJECTID": 490210, "SegmentID": 590210 }, "geometry": { "type": "LineString", "coordinates": [ [ 77.608507588970056, 13.117317110274049 ], [ 77.608476000110286, 13.117261600100905 ], [ 77.608377900211025, 13.117096600282451 ] ] } },
{ "type": "Feature", "properties": { "OBJECTID": 491066, "SegmentID": 591066 }, "geometry": { "type": "LineString", "coordinates": [ [ 77.609008175894687, 13.118241024197168 ], [ 77.608998046571358, 13.118221942813491 ], [ 77.608768592553673, 13.117789695106536 ], [ 77.608708330329293, 13.117676170854793 ], [ 77.60865850026569, 13.11758230039375 ], [ 77.608594400186448, 13.117469660590059 ], [ 77.608507588970056, 13.117317110274049 ] ] } },
{ "type": "Feature", "properties": { "OBJECTID": 491888, "SegmentID": 591888 }, "geometry": { "type": "LineString", "coordinates": [ [ 77.609500999689729, 13.119169400323575 ], [ 77.609354756762357, 13.118893909947364 ], [ 77.609121890413448, 13.118455238862616 ], [ 77.609013099965651, 13.118250300257564 ], [ 77.609008175894687, 13.118241024197168 ] ] } },
{ "type": "Feature", "properties": { "OBJECTID": 492153, "SegmentID": 592153 }, "geometry": { "type": "LineString", "coordinates": [ [ 77.609627699755634, 13.119413399574814 ], [ 77.609604627005496, 13.11936896590303 ], [ 77.609500999689729, 13.119169400323575 ] ] } },
{ "type": "Feature", "properties": { "OBJECTID": 492934, "SegmentID": 592934 }, "geometry": { "type": "LineString", "coordinates": [ [ 77.610076046465636, 13.120306401556617 ], [ 77.6098289956971, 13.11981433449928 ], [ 77.609627699755634, 13.119413399574814 ] ] } },
{ "type": "Feature", "properties": { "OBJECTID": 493786, "SegmentID": 593786 }, "geometry": { "type": "LineString", "coordinates": [ [ 77.610492199847371, 13.121147500438761 ], [ 77.610234900321956, 13.120622800066194 ], [ 77.610076046465636, 13.120306401556617 ] ] } },
{ "type": "Feature", "properties": { "OBJECTID": 493966, "SegmentID": 593966 }, "geometry": { "type": "LineString", "coordinates": [ [ 77.610614399890764, 13.121396599985351 ], [ 77.610492199847371, 13.121147500438761 ] ] } },
{ "type": "Feature", "properties": { "OBJECTID": 494010, "SegmentID": 594010 }, "geometry": { "type": "LineString", "coordinates": [ [ 77.610647882430357, 13.121464871113171 ], [ 77.610614399890764, 13.121396599985351 ] ] } },
{ "type": "Feature", "properties": { "OBJECTID": 494331, "SegmentID": 594331 }, "geometry": { "type": "LineString", "coordinates": [ [ 77.610852799677062, 13.121882699668582 ], [ 77.610647882430357, 13.121464871113171 ] ] } },
{ "type": "Feature", "properties": { "OBJECTID": 494530, "SegmentID": 594530 }, "geometry": { "type": "LineString", "coordinates": [ [ 77.610942799608608, 13.122066199791163 ], [ 77.610852799677062, 13.121882699668582 ] ] } },
{ "type": "Feature", "properties": { "OBJECTID": 495373, "SegmentID": 595373 }, "geometry": { "type": "LineString", "coordinates": [ [ 77.611411199818875, 13.123046700359309 ], [ 77.611203099919578, 13.122596899621509 ], [ 77.610942799608608, 13.122066199791163 ] ] } },
{ "type": "Feature", "properties": { "OBJECTID": 495812, "SegmentID": 595812 }, "geometry": { "type": "LineString", "coordinates": [ [ 77.611693608361861, 13.123657342141593 ], [ 77.611411199818875, 13.123046700359309 ] ] } },
{ "type": "Feature", "properties": { "OBJECTID": 496732, "SegmentID": 596732 }, "geometry": { "type": "LineString", "coordinates": [ [ 77.61226610021977, 13.124895100198803 ], [ 77.6117254996268, 13.123726300402296 ], [ 77.611693608361861, 13.123657342141593 ] ] } },
{ "type": "Feature", "properties": { "OBJECTID": 497806, "SegmentID": 597806 }, "geometry": { "type": "LineString", "coordinates": [ [ 77.61287421551998, 13.126199537290116 ], [ 77.612867719106788, 13.126185603972056 ], [ 77.61226610021977, 13.124895100198803 ] ] } },
{ "type": "Feature", "properties": { "OBJECTID": 497860, "SegmentID": 597860 }, "geometry": { "type": "LineString", "coordinates": [ [ 77.612911400249899, 13.126279299641091 ], [ 77.61287421551998, 13.126199537290116 ] ] } },
{ "type": "Feature", "properties": { "OBJECTID": 497916, "SegmentID": 597916 }, "geometry": { "type": "LineString", "coordinates": [ [ 77.612938937433498, 13.126337316331909 ], [ 77.612911400249899, 13.126279299641091 ] ] } },
{ "type": "Feature", "properties": { "OBJECTID": 498142, "SegmentID": 598142 }, "geometry": { "type": "LineString", "coordinates": [ [ 77.613081985034825, 13.126638690309422 ], [ 77.613018854621686, 13.126505686875413 ], [ 77.612938937433498, 13.126337316331909 ] ] } },
{ "type": "Feature", "properties": { "OBJECTID": 499272, "SegmentID": 599272 }, "geometry": { "type": "LineString", "coordinates": [ [ 77.613787342225265, 13.128124121023641 ], [ 77.61362589990695, 13.127784600146144 ], [ 77.613601948680085, 13.12773414034416 ], [ 77.613081985034825, 13.126638690309422 ] ] } },
{ "type": "Feature", "properties": { "OBJECTID": 499818, "SegmentID": 599818 }, "geometry": { "type": "LineString", "coordinates": [ [ 77.614145428806125, 13.128878155395029 ], [ 77.614069399938003, 13.12871730032056 ], [ 77.613787342225265, 13.128124121023641 ] ] } },
{ "type": "Feature", "properties": { "OBJECTID": 500413, "SegmentID": 600413 }, "geometry": { "type": "LineString", "coordinates": [ [ 77.614557699939681, 13.129750399727859 ], [ 77.614145428806125, 13.128878155395029 ] ] } },
{ "type": "Feature", "properties": { "OBJECTID": 501450, "SegmentID": 601450 }, "geometry": { "type": "LineString", "coordinates": [ [ 77.615221799771064, 13.131155300413136 ], [ 77.614557699939681, 13.129750399727859 ] ] } },
{ "type": "Feature", "properties": { "OBJECTID": 501849, "SegmentID": 601849 }, "geometry": { "type": "LineString", "coordinates": [ [ 77.61543170004208, 13.131621700446479 ], [ 77.615221799771064, 13.131155300413136 ] ] } },
{ "type": "Feature", "properties": { "OBJECTID": 502668, "SegmentID": 602668 }, "geometry": { "type": "LineString", "coordinates": [ [ 77.61589220002989, 13.132577300445451 ], [ 77.61543170004208, 13.131621700446479 ] ] } },
{ "type": "Feature", "properties": { "OBJECTID": 506490, "SegmentID": 606490 }, "geometry": { "type": "LineString", "coordinates": [ [ 77.617596899753238, 13.136790800257833 ], [ 77.617563200260349, 13.136565999996039 ], [ 77.617515699758101, 13.136337199918263 ], [ 77.617441299682554, 13.13607180010848 ], [ 77.617328900042949, 13.135749200136871 ], [ 77.617090600069204, 13.135133799901926 ], [ 77.616963199740383, 13.134843500179054 ], [ 77.61589220002989, 13.132577300445451 ] ] } },
{ "type": "Feature", "properties": { "OBJECTID": 506523, "SegmentID": 606523 }, "geometry": { "type": "LineString", "coordinates": [ [ 77.617598394870754, 13.136840007349115 ], [ 77.617596899753238, 13.136790800257833 ] ] } },
{ "type": "Feature", "properties": { "OBJECTID": 507109, "SegmentID": 607109 }, "geometry": { "type": "LineString", "coordinates": [ [ 77.617599599606464, 13.137568400428933 ], [ 77.617610000082692, 13.137222100425955 ], [ 77.617598394870754, 13.136840007349115 ] ] } },
{ "type": "Feature", "properties": { "OBJECTID": 508315, "SegmentID": 608315 }, "geometry": { "type": "LineString", "coordinates": [ [ 77.617545298891471, 13.139485810422443 ], [ 77.617547899896394, 13.13933799955562 ], [ 77.617556784998143, 13.13902685856505 ], [ 77.617574299701758, 13.138413500356425 ], [ 77.617598900049629, 13.137593099565606 ], [ 77.617599599606464, 13.137568400428933 ] ] } },
{ "type": "Feature", "properties": { "OBJECTID": 508625, "SegmentID": 608625 }, "geometry": { "type": "LineString", "coordinates": [ [ 77.617536900145822, 13.139963200147728 ], [ 77.617545298891471, 13.139485810422443 ] ] } },
{ "type": "Feature", "properties": { "OBJECTID": 508964, "SegmentID": 608964 }, "geometry": { "type": "LineString", "coordinates": [ [ 77.617525899596259, 13.140592299852091 ], [ 77.617529605230587, 13.140380378071388 ], [ 77.617536900145822, 13.139963200147728 ] ] } },
{ "type": "Feature", "properties": { "OBJECTID": 509902, "SegmentID": 609902 }, "geometry": { "type": "LineString", "coordinates": [ [ 77.617471200143967, 13.14235159980797 ], [ 77.61750470001526, 13.14149819991616 ], [ 77.61752362428696, 13.14068953900566 ], [ 77.617525899596259, 13.140592299852091 ] ] } },
{ "type": "Feature", "properties": { "OBJECTID": 509906, "SegmentID": 609906 }, "geometry": { "type": "LineString", "coordinates": [ [ 77.617470953661567, 13.142359648993478 ], [ 77.617471200143967, 13.14235159980797 ] ] } },
{ "type": "Feature", "properties": { "OBJECTID": 510012, "SegmentID": 610012 }, "geometry": { "type": "LineString", "coordinates": [ [ 77.617465047163975, 13.142552989256137 ], [ 77.617470953661567, 13.142359648993478 ] ] } },
{ "type": "Feature", "properties": { "OBJECTID": 510072, "SegmentID": 610072 }, "geometry": { "type": "LineString", "coordinates": [ [ 77.617462600428425, 13.142633099687364 ], [ 77.617465047163975, 13.142552989256137 ] ] } },
{ "type": "Feature", "properties": { "OBJECTID": 510249, "SegmentID": 610249 }, "geometry": { "type": "LineString", "coordinates": [ [ 77.617463424683095, 13.142925913630974 ], [ 77.617460499728921, 13.142866900153162 ], [ 77.617462600428425, 13.142633099687364 ] ] } },
{ "type": "Feature", "properties": { "OBJECTID": 510476, "SegmentID": 610476 }, "geometry": { "type": "LineString", "coordinates": [ [ 77.617481000138866, 13.143280500134924 ], [ 77.617463424683095, 13.142925913630974 ] ] } },
{ "type": "Feature", "properties": { "OBJECTID": 511007, "SegmentID": 611007 }, "geometry": { "type": "LineString", "coordinates": [ [ 77.617530700156692, 13.143979199784855 ], [ 77.617494700180515, 13.143557199754142 ], [ 77.617481000138866, 13.143280500134924 ] ] } },
{ "type": "Feature", "properties": { "OBJECTID": 511233, "SegmentID": 611233 }, "geometry": { "type": "LineString", "coordinates": [ [ 77.617568899843022, 13.144346800212917 ], [ 77.617530700156692, 13.143979199784855 ] ] } },
{ "type": "Feature", "properties": { "OBJECTID": 514119, "SegmentID": 614119 }, "geometry": { "type": "LineString", "coordinates": [ [ 77.618570200188003, 13.148480500204062 ], [ 77.618252900069919, 13.147878100280243 ], [ 77.618157199937357, 13.147671599713384 ], [ 77.618144846855927, 13.147642458780252 ], [ 77.618062499667744, 13.147448199647053 ], [ 77.618026329732345, 13.147333729608285 ], [ 77.617983600072492, 13.147198500115822 ], [ 77.617922899934314, 13.146935200310326 ], [ 77.617873300305476, 13.146639200440472 ], [ 77.617618299718004, 13.144822299988407 ], [ 77.617568899843022, 13.144346800212917 ] ] } },
{ "type": "Feature", "properties": { "OBJECTID": 515139, "SegmentID": 615139 }, "geometry": { "type": "LineString", "coordinates": [ [ 77.619564608474377, 13.150402806345005 ], [ 77.619544799860321, 13.150365400421078 ], [ 77.619266259674163, 13.149823768976244 ], [ 77.619142699587641, 13.149583500145726 ], [ 77.619076100360559, 13.14945399996385 ], [ 77.61869729995253, 13.148722000012416 ], [ 77.618570200188003, 13.148480500204062 ] ] } },
{ "type": "Feature", "properties": { "OBJECTID": 515566, "SegmentID": 615566 }, "geometry": { "type": "LineString", "coordinates": [ [ 77.619971692745864, 13.151171534395823 ], [ 77.619564608474377, 13.150402806345005 ] ] } },
{ "type": "Feature", "properties": { "OBJECTID": 515758, "SegmentID": 615758 }, "geometry": { "type": "LineString", "coordinates": [ [ 77.620170099626236, 13.15154620036615 ], [ 77.619971692745864, 13.151171534395823 ] ] } },
{ "type": "Feature", "properties": { "OBJECTID": 515944, "SegmentID": 615944 }, "geometry": { "type": "LineString", "coordinates": [ [ 77.620333000206074, 13.151853799858101 ], [ 77.620170099626236, 13.15154620036615 ] ] } },
{ "type": "Feature", "properties": { "OBJECTID": 515987, "SegmentID": 615987 }, "geometry": { "type": "LineString", "coordinates": [ [ 77.620379999897594, 13.151942900333966 ], [ 77.620333000206074, 13.151853799858101 ] ] } },
{ "type": "Feature", "properties": { "OBJECTID": 516338, "SegmentID": 616338 }, "geometry": { "type": "LineString", "coordinates": [ [ 77.620719322833594, 13.15258630958011 ], [ 77.620379999897594, 13.151942900333966 ] ] } },
{ "type": "Feature", "properties": { "OBJECTID": 516444, "SegmentID": 616444 }, "geometry": { "type": "LineString", "coordinates": [ [ 77.620795508498418, 13.152730551428274 ], [ 77.620791200055436, 13.152722600249991 ], [ 77.620719322833594, 13.15258630958011 ] ] } },
{ "type": "Feature", "properties": { "OBJECTID": 516538, "SegmentID": 616538 }, "geometry": { "type": "LineString", "coordinates": [ [ 77.620870987108603, 13.152869840747449 ], [ 77.620795508498418, 13.152730551428274 ] ] } },
{ "type": "Feature", "properties": { "OBJECTID": 516868, "SegmentID": 616868 }, "geometry": { "type": "LineString", "coordinates": [ [ 77.621176957392578, 13.153423928009774 ], [ 77.621033799955171, 13.153170299821973 ], [ 77.620870987108603, 13.152869840747449 ] ] } },
{ "type": "Feature", "properties": { "OBJECTID": 516989, "SegmentID": 616989 }, "geometry": { "type": "LineString", "coordinates": [ [ 77.642080499581184, 13.153419699764168 ], [ 77.642451399908992, 13.153284299768675 ] ] } },
{ "type": "Feature", "properties": { "OBJECTID": 517036, "SegmentID": 617036 }, "geometry": { "type": "LineString", "coordinates": [ [ 77.621346199902462, 13.153708499732423 ], [ 77.621232200235127, 13.153521800155463 ], [ 77.621176957392578, 13.153423928009774 ] ] } },
{ "type": "Feature", "properties": { "OBJECTID": 517247, "SegmentID": 617247 }, "geometry": { "type": "LineString", "coordinates": [ [ 77.621592729664073, 13.154100499373316 ], [ 77.621443900458743, 13.153868500135426 ], [ 77.621346199902462, 13.153708499732423 ] ] } },
{ "type": "Feature", "properties": { "OBJECTID": 517316, "SegmentID": 617316 }, "geometry": { "type": "LineString", "coordinates": [ [ 77.64109109817521, 13.153992365366085 ], [ 77.641029000028439, 13.153803300448043 ], [ 77.642080499581184, 13.153419699764168 ] ] } },
{ "type": "Feature", "properties": { "OBJECTID": 517518, "SegmentID": 617518 }, "geometry": { "type": "LineString", "coordinates": [ [ 77.639385213913911, 13.154410470683242 ], [ 77.640098400110688, 13.15414279978458 ] ] } },
{ "type": "Feature", "properties": { "OBJECTID": 517542, "SegmentID": 617542 }, "geometry": { "type": "LineString", "coordinates": [ [ 77.639295555021036, 13.154456888346383 ], [ 77.639348100093855, 13.154424399565407 ], [ 77.639385213913911, 13.154410470683242 ] ] } },
{ "type": "Feature", "properties": { "OBJECTID": 517630, "SegmentID": 617630 }, "geometry": { "type": "LineString", "coordinates": [ [ 77.622073400270978, 13.154794800133288 ], [ 77.621850699866641, 13.154469200374811 ], [ 77.621647900101451, 13.154186500439273 ], [ 77.621592729664073, 13.154100499373316 ] ] } },
{ "type": "Feature", "properties": { "OBJECTID": 517747, "SegmentID": 617747 }, "geometry": { "type": "LineString", "coordinates": [ [ 77.622191299998661, 13.154967300177358 ], [ 77.622073400270978, 13.154794800133288 ] ] } },
{ "type": "Feature", "properties": { "OBJECTID": 517772, "SegmentID": 617772 }, "geometry": { "type": "LineString", "coordinates": [ [ 77.638691299790452, 13.154830500008538 ], [ 77.639295555021036, 13.154456888346383 ] ] } },
{ "type": "Feature", "properties": { "OBJECTID": 517931, "SegmentID": 617931 }, "geometry": { "type": "LineString", "coordinates": [ [ 77.622370199719668, 13.155228999992099 ], [ 77.622191299998661, 13.154967300177358 ] ] } },
{ "type": "Feature", "properties": { "OBJECTID": 517955, "SegmentID": 617955 }, "geometry": { "type": "LineString", "coordinates": [ [ 77.638008899864772, 13.155105200366195 ], [ 77.638691299790452, 13.154830500008538 ] ] } },
{ "type": "Feature", "properties": { "OBJECTID": 518114, "SegmentID": 618114 }, "geometry": { "type": "LineString", "coordinates": [ [ 77.622581547300385, 13.155537987555856 ], [ 77.622370199719668, 13.155228999992099 ] ] } },
{ "type": "Feature", "properties": { "OBJECTID": 518176, "SegmentID": 618176 }, "geometry": { "type": "LineString", "coordinates": [ [ 77.637046499795744, 13.155492599797096 ], [ 77.638008899864772, 13.155105200366195 ] ] } },
{ "type": "Feature", "properties": { "OBJECTID": 518238, "SegmentID": 618238 }, "geometry": { "type": "LineString", "coordinates": [ [ 77.636788899730306, 13.155598000089466 ], [ 77.637046499795744, 13.155492599797096 ] ] } },
{ "type": "Feature", "properties": { "OBJECTID": 518295, "SegmentID": 618295 }, "geometry": { "type": "LineString", "coordinates": [ [ 77.622781225972801, 13.155824570352275 ], [ 77.622609599856432, 13.155579000170603 ], [ 77.622581547300385, 13.155537987555856 ] ] } },
{ "type": "Feature", "properties": { "OBJECTID": 518377, "SegmentID": 618377 }, "geometry": { "type": "LineString", "coordinates": [ [ 77.636121700182485, 13.15586479971296 ], [ 77.636788899730306, 13.155598000089466 ] ] } },
{ "type": "Feature", "properties": { "OBJECTID": 518682, "SegmentID": 618682 }, "geometry": { "type": "LineString", "coordinates": [ [ 77.623412799854648, 13.156662000359136 ], [ 77.62304989973012, 13.156209000421343 ], [ 77.622781225972801, 13.155824570352275 ] ] } },
{ "type": "Feature", "properties": { "OBJECTID": 519024, "SegmentID": 619024 }, "geometry": { "type": "LineString", "coordinates": [ [ 77.623958300079039, 13.157366800035639 ], [ 77.623412799854648, 13.156662000359136 ] ] } },
{ "type": "Feature", "properties": { "OBJECTID": 519209, "SegmentID": 619209 }, "geometry": { "type": "LineString", "coordinates": [ [ 77.624255999926348, 13.157754000298628 ], [ 77.623958300079039, 13.157366800035639 ] ] } },
{ "type": "Feature", "properties": { "OBJECTID": 519324, "SegmentID": 619324 }, "geometry": { "type": "LineString", "coordinates": [ [ 77.624459200021519, 13.158020800260728 ], [ 77.624255999926348, 13.157754000298628 ] ] } },
{ "type": "Feature", "properties": { "OBJECTID": 519394, "SegmentID": 619394 }, "geometry": { "type": "LineString", "coordinates": [ [ 77.624585099797642, 13.158186399699177 ], [ 77.624459200021519, 13.158020800260728 ] ] } },
{ "type": "Feature", "properties": { "OBJECTID": 519449, "SegmentID": 619449 }, "geometry": { "type": "LineString", "coordinates": [ [ 77.624660799915631, 13.158286100430153 ], [ 77.624585099797642, 13.158186399699177 ] ] } },
{ "type": "Feature", "properties": { "OBJECTID": 519505, "SegmentID": 619505 }, "geometry": { "type": "LineString", "coordinates": [ [ 77.624773300275137, 13.158434100213054 ], [ 77.624660799915631, 13.158286100430153 ] ] } },
{ "type": "Feature", "properties": { "OBJECTID": 519530, "SegmentID": 619530 }, "geometry": { "type": "LineString", "coordinates": [ [ 77.624832599939623, 13.158512200157373 ], [ 77.624773300275137, 13.158434100213054 ] ] } },
{ "type": "Feature", "properties": { "OBJECTID": 519617, "SegmentID": 619617 }, "geometry": { "type": "LineString", "coordinates": [ [ 77.625003599600973, 13.158737299696867 ], [ 77.624832599939623, 13.158512200157373 ] ] } },
{ "type": "Feature", "properties": { "OBJECTID": 519687, "SegmentID": 619687 }, "geometry": { "type": "LineString", "coordinates": [ [ 77.625107600354085, 13.158874099960929 ], [ 77.625003599600973, 13.158737299696867 ] ] } },
{ "type": "Feature", "properties": { "OBJECTID": 519937, "SegmentID": 619937 }, "geometry": { "type": "LineString", "coordinates": [ [ 77.625543899692914, 13.159448299647197 ], [ 77.62536730010315, 13.159215899714315 ], [ 77.625107600354085, 13.158874099960929 ] ] } },
{ "type": "Feature", "properties": { "OBJECTID": 520097, "SegmentID": 620097 }, "geometry": { "type": "LineString", "coordinates": [ [ 77.625778005915251, 13.159762168981723 ], [ 77.625543899692914, 13.159448299647197 ] ] } },
{ "type": "Feature", "properties": { "OBJECTID": 520515, "SegmentID": 620515 }, "geometry": { "type": "LineString", "coordinates": [ [ 77.626425599776127, 13.160630399711021 ], [ 77.625778005915251, 13.159762168981723 ] ] } },
{ "type": "Feature", "properties": { "OBJECTID": 520770, "SegmentID": 620770 }, "geometry": { "type": "LineString", "coordinates": [ [ 77.626849899578858, 13.161227300290033 ], [ 77.626519100000337, 13.16075620013652 ], [ 77.626425599776127, 13.160630399711021 ] ] } },
{ "type": "Feature", "properties": { "OBJECTID": 521088, "SegmentID": 621088 }, "geometry": { "type": "LineString", "coordinates": [ [ 77.627451409864719, 13.161987697062219 ], [ 77.627231599656753, 13.161728500355617 ], [ 77.626986699712404, 13.161418000322886 ], [ 77.626849899578858, 13.161227300290033 ] ] } },
{ "type": "Feature", "properties": { "OBJECTID": 521345, "SegmentID": 621345 }, "geometry": { "type": "LineString", "coordinates": [ [ 77.627869500393828, 13.162480699607332 ], [ 77.627451409864719, 13.161987697062219 ] ] } },
{ "type": "Feature", "properties": { "OBJECTID": 521716, "SegmentID": 621716 }, "geometry": { "type": "LineString", "coordinates": [ [ 77.62843775893684, 13.163184731455901 ], [ 77.628135000413621, 13.162793799668401 ], [ 77.627869500393828, 13.162480699607332 ] ] } },
{ "type": "Feature", "properties": { "OBJECTID": 522137, "SegmentID": 622137 }, "geometry": { "type": "LineString", "coordinates": [ [ 77.62928950513961, 13.164288812075828 ], [ 77.628564900093892, 13.163348899588961 ], [ 77.628471251560669, 13.163227978375273 ], [ 77.62843775893684, 13.163184731455901 ] ] } },
{ "type": "Feature", "properties": { "OBJECTID": 522271, "SegmentID": 622271 }, "geometry": { "type": "LineString", "coordinates": [ [ 77.629578299599316, 13.164661400453191 ], [ 77.62928950513961, 13.164288812075828 ] ] } },
{ "type": "Feature", "properties": { "OBJECTID": 523888, "SegmentID": 623888 }, "geometry": { "type": "LineString", "coordinates": [ [ 77.631318700206805, 13.168009699635153 ], [ 77.630625800358374, 13.166539299989985 ], [ 77.630414499896219, 13.166078800339029 ], [ 77.630114499552988, 13.165463000096215 ], [ 77.630018499735925, 13.165302300014101 ], [ 77.629971899655786, 13.165224399624931 ], [ 77.629789199947837, 13.16494620027944 ], [ 77.629756899676835, 13.164896900355108 ], [ 77.629578299599316, 13.164661400453191 ] ] } },
{ "type": "Feature", "properties": { "OBJECTID": 523976, "SegmentID": 623976 }, "geometry": { "type": "LineString", "coordinates": [ [ 77.631411600048907, 13.168206300152649 ], [ 77.631318700206805, 13.168009699635153 ] ] } },
{ "type": "Feature", "properties": { "OBJECTID": 524121, "SegmentID": 624121 }, "geometry": { "type": "LineString", "coordinates": [ [ 77.631558546615281, 13.168540152434042 ], [ 77.631411600048907, 13.168206300152649 ] ] } },
{ "type": "Feature", "properties": { "OBJECTID": 524502, "SegmentID": 624502 }, "geometry": { "type": "LineString", "coordinates": [ [ 77.631982600437198, 13.169489799615352 ], [ 77.631897399974633, 13.169309999585035 ], [ 77.631558546615281, 13.168540152434042 ] ] } },
{ "type": "Feature", "properties": { "OBJECTID": 524670, "SegmentID": 624670 }, "geometry": { "type": "LineString", "coordinates": [ [ 77.632135709845301, 13.169813032697636 ], [ 77.631982600437198, 13.169489799615352 ] ] } },
{ "type": "Feature", "properties": { "OBJECTID": 524839, "SegmentID": 624839 }, "geometry": { "type": "LineString", "coordinates": [ [ 77.63227870014191, 13.170114900203053 ], [ 77.632135709845301, 13.169813032697636 ] ] } },
{ "type": "Feature", "properties": { "OBJECTID": 524930, "SegmentID": 624930 }, "geometry": { "type": "LineString", "coordinates": [ [ 77.632373449595349, 13.170312560643204 ], [ 77.63227870014191, 13.170114900203053 ] ] } },
{ "type": "Feature", "properties": { "OBJECTID": 525139, "SegmentID": 625139 }, "geometry": { "type": "LineString", "coordinates": [ [ 77.632581512800442, 13.170746609162096 ], [ 77.632529213325, 13.170637505085695 ], [ 77.632373449595349, 13.170312560643204 ] ] } },
{ "type": "Feature", "properties": { "OBJECTID": 525172, "SegmentID": 625172 }, "geometry": { "type": "LineString", "coordinates": [ [ 77.632617700198395, 13.170822099652886 ], [ 77.632581512800442, 13.170746609162096 ] ] } },
{ "type": "Feature", "properties": { "OBJECTID": 525311, "SegmentID": 625311 }, "geometry": { "type": "LineString", "coordinates": [ [ 77.632742037275946, 13.171078561841908 ], [ 77.632617700198395, 13.170822099652886 ] ] } },
{ "type": "Feature", "properties": { "OBJECTID": 525782, "SegmentID": 625782 }, "geometry": { "type": "LineString", "coordinates": [ [ 77.633229099991709, 13.172110099930965 ], [ 77.633117500400161, 13.171852999664534 ], [ 77.632888848815455, 13.17138137960948 ], [ 77.632742037275946, 13.171078561841908 ] ] } },
{ "type": "Feature", "properties": { "OBJECTID": 526156, "SegmentID": 626156 }, "geometry": { "type": "LineString", "coordinates": [ [ 77.633484202185045, 13.172705665883571 ], [ 77.633229099991709, 13.172110099930965 ] ] } },
{ "type": "Feature", "properties": { "OBJECTID": 526220, "SegmentID": 626220 }, "geometry": { "type": "LineString", "coordinates": [ [ 77.633541999814497, 13.172840599992529 ], [ 77.633484202185045, 13.172705665883571 ] ] } },
{ "type": "Feature", "properties": { "OBJECTID": 526450, "SegmentID": 626450 }, "geometry": { "type": "LineString", "coordinates": [ [ 77.633754899603318, 13.173345299686122 ], [ 77.633541999814497, 13.172840599992529 ] ] } },
{ "type": "Feature", "properties": { "OBJECTID": 526516, "SegmentID": 626516 }, "geometry": { "type": "LineString", "coordinates": [ [ 77.633813099936788, 13.173483199910304 ], [ 77.633754899603318, 13.173345299686122 ] ] } },
{ "type": "Feature", "properties": { "OBJECTID": 527587, "SegmentID": 627587 }, "geometry": { "type": "LineString", "coordinates": [ [ 77.635273800448132, 13.175779799670885 ], [ 77.634886100313409, 13.17522090014578 ], [ 77.634625499607324, 13.174891700305075 ], [ 77.634421699611579, 13.174627200382417 ], [ 77.634295899931686, 13.174439400285078 ], [ 77.634164100141959, 13.174225800179725 ], [ 77.634058400341615, 13.174030900440135 ], [ 77.633959400056156, 13.173830199735791 ], [ 77.633813099936788, 13.173483199910304 ] ] } },
{ "type": "Feature", "properties": { "OBJECTID": 527766, "SegmentID": 627766 }, "geometry": { "type": "LineString", "coordinates": [ [ 77.635590205616225, 13.176188107017074 ], [ 77.635439499596245, 13.175987700421144 ], [ 77.635273800448132, 13.175779799670885 ] ] } },
{ "type": "Feature", "properties": { "OBJECTID": 529274, "SegmentID": 629274 }, "geometry": { "type": "LineString", "coordinates": [ [ 77.638184400430518, 13.179743400141971 ], [ 77.638016699588704, 13.179511199690747 ], [ 77.637451451342088, 13.17873651864176 ], [ 77.637375700197211, 13.178632700392335 ], [ 77.636614499916348, 13.177599399761128 ], [ 77.635655999545037, 13.176275600199677 ], [ 77.635600117396237, 13.176201287742142 ], [ 77.635590205616225, 13.176188107017074 ] ] } },
{ "type": "Feature", "properties": { "OBJECTID": 529611, "SegmentID": 629611 }, "geometry": { "type": "LineString", "coordinates": [ [ 77.638887707041633, 13.180717443564292 ], [ 77.638184400430518, 13.179743400141971 ] ] } },
{ "type": "Feature", "properties": { "OBJECTID": 529719, "SegmentID": 629719 }, "geometry": { "type": "LineString", "coordinates": [ [ 77.639062764175463, 13.180959885935994 ], [ 77.638887707041633, 13.180717443564292 ] ] } },
{ "type": "Feature", "properties": { "OBJECTID": 529852, "SegmentID": 629852 }, "geometry": { "type": "LineString", "coordinates": [ [ 77.639279275266674, 13.181259739127803 ], [ 77.639062764175463, 13.180959885935994 ] ] } },
{ "type": "Feature", "properties": { "OBJECTID": 529995, "SegmentID": 629995 }, "geometry": { "type": "LineString", "coordinates": [ [ 77.639493402361481, 13.181556289395544 ], [ 77.639279275266674, 13.181259739127803 ] ] } },
{ "type": "Feature", "properties": { "OBJECTID": 530177, "SegmentID": 630177 }, "geometry": { "type": "LineString", "coordinates": [ [ 77.639737900461, 13.181894900165702 ], [ 77.639493402361481, 13.181556289395544 ] ] } },
{ "type": "Feature", "properties": { "OBJECTID": 530439, "SegmentID": 630439 }, "geometry": { "type": "LineString", "coordinates": [ [ 77.640091440769709, 13.182407340864762 ], [ 77.639737900461, 13.181894900165702 ] ] } },
{ "type": "Feature", "properties": { "OBJECTID": 530592, "SegmentID": 630592 }, "geometry": { "type": "LineString", "coordinates": [ [ 77.640265360269566, 13.182659427466824 ], [ 77.640091440769709, 13.182407340864762 ] ] } },
{ "type": "Feature", "properties": { "OBJECTID": 530855, "SegmentID": 630855 }, "geometry": { "type": "LineString", "coordinates": [ [ 77.640645744720757, 13.18321077048752 ], [ 77.640265360269566, 13.182659427466824 ] ] } },
{ "type": "Feature", "properties": { "OBJECTID": 530988, "SegmentID": 630988 }, "geometry": { "type": "LineString", "coordinates": [ [ 77.640917994982146, 13.183576140141012 ], [ 77.640769400077701, 13.183390000143264 ], [ 77.640645744720757, 13.18321077048752 ] ] } },
{ "type": "Feature", "properties": { "OBJECTID": 531051, "SegmentID": 631051 }, "geometry": { "type": "LineString", "coordinates": [ [ 77.641046700214915, 13.183753300258861 ], [ 77.640966099659451, 13.183636400123266 ], [ 77.640917994982146, 13.183576140141012 ] ] } },
{ "type": "Feature", "properties": { "OBJECTID": 531250, "SegmentID": 631250 }, "geometry": { "type": "LineString", "coordinates": [ [ 77.641334700193042, 13.184171000292148 ], [ 77.641046700214915, 13.183753300258861 ] ] } },
{ "type": "Feature", "properties": { "OBJECTID": 531569, "SegmentID": 631569 }, "geometry": { "type": "LineString", "coordinates": [ [ 77.679738044214403, 13.184483578449997 ], [ 77.679654500259119, 13.183880699691228 ], [ 77.679617799762724, 13.183486900273868 ] ] } },
{ "type": "Feature", "properties": { "OBJECTID": 531766, "SegmentID": 631766 }, "geometry": { "type": "LineString", "coordinates": [ [ 77.679783476607213, 13.18481142465253 ], [ 77.679738044214403, 13.184483578449997 ] ] } },
{ "type": "Feature", "properties": { "OBJECTID": 531901, "SegmentID": 631901 }, "geometry": { "type": "LineString", "coordinates": [ [ 77.642279407476764, 13.185477714978784 ], [ 77.641759617761309, 13.184758747206653 ], [ 77.641569814515535, 13.184496212024099 ], [ 77.641334700193042, 13.184171000292148 ] ] } },
{ "type": "Feature", "properties": { "OBJECTID": 532020, "SegmentID": 632020 }, "geometry": { "type": "LineString", "coordinates": [ [ 77.67987314647948, 13.185412733219751 ], [ 77.6798135999138, 13.185028800156543 ], [ 77.679783476607213, 13.18481142465253 ] ] } },
{ "type": "Feature", "properties": { "OBJECTID": 532259, "SegmentID": 632259 }, "geometry": { "type": "LineString", "coordinates": [ [ 77.679970103597228, 13.186036839557323 ], [ 77.679953899924612, 13.185933400160287 ], [ 77.67987314647948, 13.185412733219751 ] ] } },
{ "type": "Feature", "properties": { "OBJECTID": 532389, "SegmentID": 632389 }, "geometry": { "type": "LineString", "coordinates": [ [ 77.680019300393496, 13.186350899662534 ], [ 77.679970103597228, 13.186036839557323 ] ] } },
{ "type": "Feature", "properties": { "OBJECTID": 533006, "SegmentID": 633006 }, "geometry": { "type": "LineString", "coordinates": [ [ 77.64439719992366, 13.188380399917088 ], [ 77.643045799714258, 13.186529399557001 ], [ 77.642422400057427, 13.185675500142036 ], [ 77.642279407476764, 13.185477714978784 ] ] } },
{ "type": "Feature", "properties": { "OBJECTID": 533520, "SegmentID": 633520 }, "geometry": { "type": "LineString", "coordinates": [ [ 77.645436599846434, 13.189825099970312 ], [ 77.645240490576384, 13.189569201782462 ], [ 77.644969199590165, 13.189215200263325 ], [ 77.64439719992366, 13.188380399917088 ] ] } },
{ "type": "Feature", "properties": { "OBJECTID": 533648, "SegmentID": 633648 }, "geometry": { "type": "LineString", "coordinates": [ [ 77.645635800146565, 13.190105599610915 ], [ 77.645436599846434, 13.189825099970312 ] ] } },
{ "type": "Feature", "properties": { "OBJECTID": 533850, "SegmentID": 633850 }, "geometry": { "type": "LineString", "coordinates": [ [ 77.646101012866836, 13.190665858078356 ], [ 77.645959200129752, 13.190521999823657 ], [ 77.645771300350603, 13.190296299928205 ], [ 77.645635800146565, 13.190105599610915 ] ] } },
{ "type": "Feature", "properties": { "OBJECTID": 533881, "SegmentID": 633881 }, "geometry": { "type": "LineString", "coordinates": [ [ 77.646174200279333, 13.190740100207346 ], [ 77.646101012866836, 13.190665858078356 ] ] } },
{ "type": "Feature", "properties": { "OBJECTID": 534316, "SegmentID": 634316 }, "geometry": { "type": "LineString", "coordinates": [ [ 77.647302300345231, 13.191762899614762 ], [ 77.647229639431984, 13.191715434326678 ], [ 77.647116000428525, 13.191641199776203 ], [ 77.646643200334267, 13.191244100230005 ], [ 77.646371600211509, 13.190977899946612 ], [ 77.646174200279333, 13.190740100207346 ] ] } },
{ "type": "Feature", "properties": { "OBJECTID": 535113, "SegmentID": 635113 }, "geometry": { "type": "LineString", "coordinates": [ [ 77.650949356307791, 13.194168869211463 ], [ 77.649955199822202, 13.193435600172661 ], [ 77.649515105146023, 13.193155603726879 ], [ 77.649241013667336, 13.192981220938224 ], [ 77.648987220005765, 13.192819751273543 ], [ 77.647644699783527, 13.191965599983183 ], [ 77.647404153002412, 13.19182319650206 ], [ 77.647302300345231, 13.191762899614762 ] ] } },
{ "type": "Feature", "properties": { "OBJECTID": 535361, "SegmentID": 635361 }, "geometry": { "type": "LineString", "coordinates": [ [ 77.701447905894483, 13.194536135528541 ], [ 77.700157439913554, 13.194551073927089 ], [ 77.699932466607152, 13.194553677184604 ], [ 77.68205840006992, 13.19475990044095 ], [ 77.681025699859944, 13.194753600365281 ] ] } },
{ "type": "Feature", "properties": { "OBJECTID": 535366, "SegmentID": 635366 }, "geometry": { "type": "LineString", "coordinates": [ [ 77.681025699859944, 13.194753600365281 ], [ 77.681034699736145, 13.194385500304547 ], [ 77.681018400351306, 13.192888300161053 ], [ 77.680733000346848, 13.190584400358865 ], [ 77.680568899958971, 13.189327300275902 ], [ 77.680366099933565, 13.187823300057827 ], [ 77.68034110042575, 13.187669700338807 ], [ 77.680019300393496, 13.186350899662534 ] ] } },
{ "type": "Feature", "properties": { "OBJECTID": 535462, "SegmentID": 635462 }, "geometry": { "type": "LineString", "coordinates": [ [ 77.704375389770973, 13.194807105729291 ], [ 77.704289900250387, 13.19476100035576 ], [ 77.704081900187489, 13.194661500291764 ], [ 77.703761099713887, 13.194590300091948 ], [ 77.702409499971751, 13.194524999598505 ], [ 77.701447905894483, 13.194536135528541 ] ] } },
{ "type": "Feature", "properties": { "OBJECTID": 536020, "SegmentID": 636020 }, "geometry": { "type": "LineString", "coordinates": [ [ 77.705472321709422, 13.19641619523768 ], [ 77.705416199677103, 13.196380399739679 ], [ 77.705267800153877, 13.196226999609626 ], [ 77.704666199605967, 13.195092699557149 ], [ 77.704544299727431, 13.194898200012362 ], [ 77.704375389770973, 13.194807105729291 ] ] } },
{ "type": "Feature", "properties": { "OBJECTID": 536034, "SegmentID": 636034 }, "geometry": { "type": "LineString", "coordinates": [ [ 77.705692325359934, 13.196510627381279 ], [ 77.7055664000832, 13.196476200345062 ], [ 77.705472321709422, 13.19641619523768 ] ] } },
{ "type": "Feature", "properties": { "OBJECTID": 536058, "SegmentID": 636058 }, "geometry": { "type": "LineString", "coordinates": [ [ 77.706270684493447, 13.196552329819903 ], [ 77.706183900216914, 13.196551400056045 ], [ 77.70581109961573, 13.196543100121348 ], [ 77.705692325359934, 13.196510627381279 ] ] } },
{ "type": "Feature", "properties": { "OBJECTID": 536061, "SegmentID": 636061 }, "geometry": { "type": "LineString", "coordinates": [ [ 77.706501400117517, 13.19655479998217 ], [ 77.706270684493447, 13.196552329819903 ] ] } },
{ "type": "Feature", "properties": { "OBJECTID": 536318, "SegmentID": 636318 }, "geometry": { "type": "LineString", "coordinates": [ [ 77.666536243313573, 13.198156767520009 ], [ 77.665902099774385, 13.198143799559634 ], [ 77.665204700438053, 13.198156899809348 ], [ 77.664901600392724, 13.198175200254724 ], [ 77.664641499637639, 13.198203900399267 ], [ 77.664351800303635, 13.198256099905974 ], [ 77.664099900132058, 13.198323799640287 ], [ 77.663893399986222, 13.198391600236135 ], [ 77.6636678001626, 13.198485900387572 ], [ 77.663461299647082, 13.198587800451328 ], [ 77.663214799918478, 13.19872330038014 ], [ 77.662984100387845, 13.198879999675579 ], [ 77.66282320003522, 13.19900790010256 ], [ 77.662611299767192, 13.199188100033345 ], [ 77.662450100425872, 13.199350300133132 ], [ 77.662291799898199, 13.199525200407857 ], [ 77.662185100128099, 13.199652300000578 ], [ 77.661728900450441, 13.20027969966651 ], [ 77.661227300100151, 13.200990100119142 ] ] } },
{ "type": "Feature", "properties": { "OBJECTID": 536335, "SegmentID": 636335 }, "geometry": { "type": "LineString", "coordinates": [ [ 77.674213445227409, 13.198126128337043 ], [ 77.674067399808422, 13.198126499824619 ], [ 77.672524100419977, 13.198144299672242 ], [ 77.670961799678878, 13.198172200324613 ], [ 77.668848299648602, 13.198182899770382 ], [ 77.667819299572812, 13.198183000020528 ], [ 77.666536243313573, 13.198156767520009 ] ] } },
{ "type": "Feature", "properties": { "OBJECTID": 536359, "SegmentID": 636359 }, "geometry": { "type": "LineString", "coordinates": [ [ 77.680036600025858, 13.198181700204728 ], [ 77.679561800101808, 13.198131000058812 ], [ 77.679481199986597, 13.198138000369445 ], [ 77.67931490007237, 13.198144800273138 ], [ 77.677034200434647, 13.198134700187454 ], [ 77.675440599609672, 13.198122999560985 ], [ 77.674213445227409, 13.198126128337043 ] ] } },
{ "type": "Feature", "properties": { "OBJECTID": 536360, "SegmentID": 636360 }, "geometry": { "type": "LineString", "coordinates": [ [ 77.680036600025858, 13.198181700204728 ], [ 77.680163399966332, 13.197251300271738 ], [ 77.680461699640276, 13.196446600103394 ], [ 77.680872000103818, 13.195283799957714 ], [ 77.680945799624922, 13.194994100039391 ], [ 77.680978799719483, 13.194828699610509 ], [ 77.681025699859944, 13.194753600365281 ] ] } },
{ "type": "Feature", "properties": { "OBJECTID": 536578, "SegmentID": 636578 }, "geometry": { "type": "LineString", "coordinates": [ [ 77.658510700378656, 13.199263099693955 ], [ 77.657808800359021, 13.198804000250353 ], [ 77.656987200088125, 13.198247600301366 ], [ 77.655260599727114, 13.197120899773129 ], [ 77.65267299968751, 13.195387899656707 ], [ 77.651590900191309, 13.194633400025886 ], [ 77.651538005265252, 13.194595598308341 ], [ 77.651213099653148, 13.194363400274893 ], [ 77.650949356307791, 13.194168869211463 ] ] } },
{ "type": "Feature", "properties": { "OBJECTID": 537064, "SegmentID": 637064 }, "geometry": { "type": "LineString", "coordinates": [ [ 77.661227300100151, 13.200990100119142 ], [ 77.660752000448312, 13.200696199893567 ], [ 77.660291099665699, 13.200396999619141 ], [ 77.658510700378656, 13.199263099693955 ] ] } },
{ "type": "Feature", "properties": { "OBJECTID": 537748, "SegmentID": 637748 }, "geometry": { "type": "LineString", "coordinates": [ [ 77.664854600152069, 13.203318699768319 ], [ 77.664533799933182, 13.20309400009635 ], [ 77.664262562747169, 13.202921116368717 ], [ 77.66322672390055, 13.202260876391332 ], [ 77.662709301250942, 13.201931070871689 ], [ 77.661416300256036, 13.201106899702578 ], [ 77.661227300100151, 13.200990100119142 ] ] } },
{ "type": "Feature", "properties": { "OBJECTID": 538468, "SegmentID": 638468 }, "geometry": { "type": "LineString", "coordinates": [ [ 77.667627343118909, 13.206099535219867 ], [ 77.667512002322994, 13.205974659631758 ], [ 77.667330186689355, 13.205777814277981 ], [ 77.666618600407858, 13.205007400100424 ], [ 77.665891999993093, 13.204234099702205 ], [ 77.665641600016045, 13.203978300326146 ], [ 77.665423400431962, 13.20377689972881 ], [ 77.665167599634216, 13.203561400453335 ], [ 77.664854600152069, 13.203318699768319 ] ] } },
{ "type": "Feature", "properties": { "OBJECTID": 538474, "SegmentID": 638474 }, "geometry": { "type": "LineString", "coordinates": [ [ 77.667684299814951, 13.206161199914659 ], [ 77.667627343118909, 13.206099535219867 ] ] } },
{ "type": "Feature", "properties": { "OBJECTID": 538548, "SegmentID": 638548 }, "geometry": { "type": "LineString", "coordinates": [ [ 77.667963100404293, 13.206463299850027 ], [ 77.667888834744232, 13.206382827774419 ], [ 77.667789888280751, 13.206275613056544 ], [ 77.667684299814951, 13.206161199914659 ] ] } },
{ "type": "Feature", "properties": { "OBJECTID": 539104, "SegmentID": 639104 }, "geometry": { "type": "LineString", "coordinates": [ [ 77.6702460325657, 13.208885583326602 ], [ 77.669913399594705, 13.208541399843847 ], [ 77.669753120645495, 13.208373734155767 ], [ 77.669562947143461, 13.208174797573298 ], [ 77.669218058931293, 13.20781401479803 ], [ 77.669019500054105, 13.207606303977363 ], [ 77.668978200228324, 13.207563100253909 ], [ 77.668903990901939, 13.207482699377849 ], [ 77.668865923855023, 13.207441456541337 ], [ 77.668814705959377, 13.207385964709228 ], [ 77.668716147873823, 13.207279184586341 ], [ 77.668677957734715, 13.207237808391685 ], [ 77.6686151341694, 13.207169742495815 ], [ 77.668458900197464, 13.207000471522871 ], [ 77.667963100404293, 13.206463299850027 ] ] } },
{ "type": "Feature", "properties": { "OBJECTID": 539209, "SegmentID": 639209 }, "geometry": { "type": "LineString", "coordinates": [ [ 77.670847909672716, 13.209508358165429 ], [ 77.6702460325657, 13.208885583326602 ] ] } },
{ "type": "Feature", "properties": { "OBJECTID": 539313, "SegmentID": 639313 }, "geometry": { "type": "LineString", "coordinates": [ [ 77.671459548863439, 13.210141228082319 ], [ 77.670847909672716, 13.209508358165429 ] ] } },
{ "type": "Feature", "properties": { "OBJECTID": 539331, "SegmentID": 639331 }, "geometry": { "type": "LineString", "coordinates": [ [ 77.671558100352129, 13.210243199936032 ], [ 77.671459548863439, 13.210141228082319 ] ] } },
{ "type": "Feature", "properties": { "OBJECTID": 539795, "SegmentID": 639795 }, "geometry": { "type": "LineString", "coordinates": [ [ 77.673440195054482, 13.212213784887476 ], [ 77.67325429978014, 13.212007699733933 ], [ 77.672291199878416, 13.211001599706149 ], [ 77.671558100352129, 13.210243199936032 ] ] } },
{ "type": "Feature", "properties": { "OBJECTID": 540163, "SegmentID": 640163 }, "geometry": { "type": "LineString", "coordinates": [ [ 77.674784200173221, 13.213762599932133 ], [ 77.674370499989465, 13.213374200175641 ], [ 77.673685799706874, 13.212657300438925 ], [ 77.673631799742907, 13.212426199673613 ], [ 77.673440195054482, 13.212213784887476 ] ] } },
{ "type": "Feature", "properties": { "OBJECTID": 540216, "SegmentID": 640216 }, "geometry": { "type": "LineString", "coordinates": [ [ 77.674959795178879, 13.213927406138549 ], [ 77.674784200173221, 13.213762599932133 ] ] } },
{ "type": "Feature", "properties": { "OBJECTID": 540256, "SegmentID": 640256 }, "geometry": { "type": "LineString", "coordinates": [ [ 77.675151999553023, 13.214107800342799 ], [ 77.675009253621639, 13.213973824934643 ], [ 77.674959795178879, 13.213927406138549 ] ] } },
{ "type": "Feature", "properties": { "OBJECTID": 540367, "SegmentID": 640367 }, "geometry": { "type": "LineString", "coordinates": [ [ 77.675601100421375, 13.214529499986421 ], [ 77.675151999553023, 13.214107800342799 ] ] } },
{ "type": "Feature", "properties": { "OBJECTID": 540435, "SegmentID": 640435 }, "geometry": { "type": "LineString", "coordinates": [ [ 77.675835899971162, 13.214749899573148 ], [ 77.675601100421375, 13.214529499986421 ] ] } },
{ "type": "Feature", "properties": { "OBJECTID": 540622, "SegmentID": 640622 }, "geometry": { "type": "LineString", "coordinates": [ [ 77.676590398162887, 13.215471624241866 ], [ 77.6764216997191, 13.215299799563958 ], [ 77.675835899971162, 13.214749899573148 ] ] } },
{ "type": "Feature", "properties": { "OBJECTID": 541243, "SegmentID": 641243 }, "geometry": { "type": "LineString", "coordinates": [ [ 77.679751099795709, 13.21868729956581 ], [ 77.678859153756278, 13.217781332762764 ], [ 77.67861250025426, 13.217530800304999 ], [ 77.677835075695356, 13.216739135274006 ], [ 77.677405404227727, 13.216301588506287 ], [ 77.67666449979825, 13.215547099727223 ], [ 77.676590398162887, 13.215471624241866 ] ] } },
{ "type": "Feature", "properties": { "OBJECTID": 541710, "SegmentID": 641710 }, "geometry": { "type": "LineString", "coordinates": [ [ 77.682143499611016, 13.221154900403219 ], [ 77.681606400123087, 13.220635500128394 ], [ 77.680870000272051, 13.219821200178757 ], [ 77.679751099795709, 13.21868729956581 ] ] } },
{ "type": "Feature", "properties": { "OBJECTID": 541743, "SegmentID": 641743 }, "geometry": { "type": "LineString", "coordinates": [ [ 77.682286500310184, 13.221316400325017 ], [ 77.682143499611016, 13.221154900403219 ] ] } },
{ "type": "Feature", "properties": { "OBJECTID": 541749, "SegmentID": 641749 }, "geometry": { "type": "LineString", "coordinates": [ [ 77.68231489296582, 13.221345172491734 ], [ 77.682286500310184, 13.221316400325017 ] ] } },
{ "type": "Feature", "properties": { "OBJECTID": 542187, "SegmentID": 642187 }, "geometry": { "type": "LineString", "coordinates": [ [ 77.68424650042158, 13.223323100316822 ], [ 77.683922999627157, 13.222973800378975 ], [ 77.683776299585077, 13.222825300255193 ], [ 77.682458900134435, 13.221491100376557 ], [ 77.68231489296582, 13.221345172491734 ] ] } },
{ "type": "Feature", "properties": { "OBJECTID": 542329, "SegmentID": 642329 }, "geometry": { "type": "LineString", "coordinates": [ [ 77.684761899666654, 13.22387950037303 ], [ 77.68424650042158, 13.223323100316822 ] ] } },
{ "type": "Feature", "properties": { "OBJECTID": 542656, "SegmentID": 642656 }, "geometry": { "type": "LineString", "coordinates": [ [ 77.68577650040254, 13.224966600409395 ], [ 77.68565549997372, 13.224844100425551 ], [ 77.684761899666654, 13.22387950037303 ] ] } },
{ "type": "Feature", "properties": { "OBJECTID": 542692, "SegmentID": 642692 }, "geometry": { "type": "LineString", "coordinates": [ [ 77.685909299687566, 13.22510119962346 ], [ 77.68577650040254, 13.224966600409395 ] ] } },
{ "type": "Feature", "properties": { "OBJECTID": 542752, "SegmentID": 642752 }, "geometry": { "type": "LineString", "coordinates": [ [ 77.54699019990656, 13.226702900413322 ], [ 77.547086199656547, 13.226544000115448 ], [ 77.547211500336061, 13.226419600401222 ], [ 77.547547200138908, 13.226163899959246 ] ] } },
{ "type": "Feature", "properties": { "OBJECTID": 543043, "SegmentID": 643043 }, "geometry": { "type": "LineString", "coordinates": [ [ 77.687117000341573, 13.226325100039212 ], [ 77.685909299687566, 13.22510119962346 ] ] } },
{ "type": "Feature", "properties": { "OBJECTID": 543152, "SegmentID": 643152 }, "geometry": { "type": "LineString", "coordinates": [ [ 77.687470334754565, 13.226685542140988 ], [ 77.687117000341573, 13.226325100039212 ] ] } },
{ "type": "Feature", "properties": { "OBJECTID": 543292, "SegmentID": 643292 }, "geometry": { "type": "LineString", "coordinates": [ [ 77.687895316574668, 13.227119070128786 ], [ 77.687470334754565, 13.226685542140988 ] ] } },
{ "type": "Feature", "properties": { "OBJECTID": 543442, "SegmentID": 643442 }, "geometry": { "type": "LineString", "coordinates": [ [ 77.688858299717324, 13.228105799883021 ], [ 77.688484600247662, 13.227720200415638 ], [ 77.687895316574668, 13.227119070128786 ] ] } },
{ "type": "Feature", "properties": { "OBJECTID": 543592, "SegmentID": 643592 }, "geometry": { "type": "LineString", "coordinates": [ [ 77.689816199564802, 13.229098299940746 ], [ 77.689197772316447, 13.228456774642448 ], [ 77.689071899686397, 13.228326199816395 ], [ 77.688858299717324, 13.228105799883021 ] ] } },
{ "type": "Feature", "properties": { "OBJECTID": 543704, "SegmentID": 643704 }, "geometry": { "type": "LineString", "coordinates": [ [ 77.690492499997944, 13.229799799737084 ], [ 77.689816199564802, 13.229098299940746 ] ] } }
]
}
